wl_900,wl_904,wl_908,wl_912,wl_916,wl_920,wl_924,wl_928,wl_932,wl_936,wl_940,wl_944,wl_948,wl_952,wl_956,wl_960,wl_964,wl_968,wl_972,wl_976,wl_980,wl_984,wl_988,wl_992,wl_996,wl_1000,wl_1004,wl_1008,wl_1012,wl_1016,wl_1020,wl_1024,wl_1028,wl_1032,wl_1036,wl_1040,wl_1044,wl_1048,wl_1052,wl_1056,wl_1060,wl_1064,wl_1068,wl_1072,wl_1076,wl_1080,wl_1084,wl_1088,wl_1092,wl_1096,wl_1101,wl_1105,wl_1109,wl_1113,wl_1117,wl_1121,wl_1125,wl_1129,wl_1133,wl_1137,wl_1141,wl_1145,wl_1149,wl_1153,wl_1157,wl_1161,wl_1165,wl_1169,wl_1173,wl_1177,wl_1181,wl_1185,wl_1189,wl_1193,wl_1197,wl_1201,wl_1205,wl_1209,wl_1213,wl_1217,wl_1221,wl_1225,wl_1229,wl_1233,wl_1237,wl_1241,wl_1245,wl_1249,wl_1253,wl_1257,wl_1261,wl_1265,wl_1269,wl_1273,wl_1277,wl_1281,wl_1285,wl_1289,wl_1293,wl_1297,wl_1302,wl_1306,wl_1310,wl_1314,wl_1318,wl_1322,wl_1326,wl_1330,wl_1334,wl_1338,wl_1342,wl_1346,wl_1350,wl_1354,wl_1358,wl_1362,wl_1366,wl_1370,wl_1374,wl_1378,wl_1382,wl_1386,wl_1390,wl_1394,wl_1398,wl_1402,wl_1406,wl_1410,wl_1414,wl_1418,wl_1422,wl_1426,wl_1430,wl_1434,wl_1438,wl_1442,wl_1446,wl_1450,wl_1454,wl_1458,wl_1462,wl_1466,wl_1470,wl_1474,wl_1478,wl_1482,wl_1486,wl_1490,wl_1494,wl_1498,wl_1503,wl_1507,wl_1511,wl_1515,wl_1519,wl_1523,wl_1527,wl_1531,wl_1535,wl_1539,wl_1543,wl_1547,wl_1551,wl_1555,wl_1559,wl_1563,wl_1567,wl_1571,wl_1575,wl_1579,wl_1583,wl_1587,wl_1591,wl_1595,wl_1599,wl_1603,wl_1607,wl_1611,wl_1615,wl_1619,wl_1623,wl_1627,wl_1631,wl_1635,wl_1639,wl_1643,wl_1647,wl_1651,wl_1655,wl_1659,wl_1663,wl_1667,wl_1671,wl_1675,wl_1679,wl_1683,wl_1687,wl_1691,wl_1695,wl_1700,target_purity
0.36020782011027946,0.3608449279851697,0.3570441198061364,0.36197575030934953,0.36127159012293447,0.35850314256006793,0.3605694546467944,0.36072457649102857,0.36050763024001586,0.36245319969072515,0.36383368947178546,0.3612231946626266,0.36411994967515704,0.36368419734246665,0.3624219895408051,0.3625593641745693,0.3601514767048403,0.3597046758228225,0.3632858635210456,0.36149356593261195,0.3633757590569799,0.3626353188627297,0.36037728070308633,0.3649185593950411,0.3636246939644963,0.3648643086081514,0.3631687035711727,0.36453848033004654,0.36858702074897404,0.3659925859258081,0.3671274516361279,0.36382739382961765,0.3715814286179356,0.3710977126015183,0.3710519900338207,0.37141381452033995,0.37204621456284503,0.37641984095695447,0.38296561155778475,0.38740923868581256,0.39871094036048976,0.4109127412764423,0.43140406522934927,0.45891135259730637,0.48082248282130086,0.5086766605771099,0.537732429391135,0.5592406321032163,0.584826743459841,0.5988581709214625,0.6018876191809005,0.6001272693877071,0.5812807369554569,0.5676501489251632,0.5376322533359269,0.5092485659437619,0.48401145430537656,0.4628272319252544,0.4369025007353148,0.41687871451778363,0.4020021549402823,0.39394745341561643,0.3828701713750562,0.3794250398924422,0.3820910061664829,0.3798909632399035,0.3760556580233402,0.37496612901090176,0.3759061581803294,0.3805501251768668,0.3768224540441714,0.37803837456024475,0.3760439699037357,0.3768117427317923,0.37823031440875865,0.37743635593950253,0.37363846891511493,0.38024370734337026,0.37670189207038357,0.3824043755465727,0.3798050344875327,0.37882288492452326,0.3798091987340383,0.37896315356514565,0.37845688885312284,0.3800945559941348,0.3816989455039556,0.3792495101733299,0.37918370044259314,0.3799668025925368,0.38283140716406744,0.38408209057331266,0.38215062300429187,0.3828388285505209,0.3806664036701143,0.3839289197876858,0.3835284896173015,0.38125436481872266,0.3793488827996834,0.38073269182321795,0.3820850357988456,0.3859969385767021,0.38702845896457194,0.3832935728710234,0.3836073124556265,0.3851990606599456,0.3849591935637091,0.38707384038541864,0.38448973076133913,0.38787333965213167,0.3861963447855704,0.38963318377850964,0.3897123835955728,0.3933125964294546,0.4059132966649571,0.41676865325205475,0.43056223938852134,0.461446243799094,0.5024237257537939,0.5438554983874263,0.5993826932025876,0.6506338726723554,0.6922291939114986,0.7238081923663814,0.7305186915789987,0.7278658996960378,0.6940077224573514,0.6524050171802626,0.6010658600426179,0.5514606319222103,0.50214253432062,0.4662419077059485,0.439258229626272,0.4208761741061044,0.40938947210240895,0.399075334578466,0.39491653208191774,0.3971351897412783,0.3895895853678051,0.39660327129812584,0.392918821728863,0.3936894200280235,0.3925559990158874,0.39406441745352544,0.3969496236937587,0.39619774910955924,0.3958907368691847,0.395332644646194,0.39251326620701726,0.3939658133055311,0.3952172888551029,0.3970686491523126,0.39654220663865064,0.39861951502136145,0.39784936631960327,0.39726041809991225,0.4019528469338857,0.398463398559946,0.3970367624617616,0.401870714406717,0.40080378749274626,0.40229596405008283,0.398735003518172,0.4013090129363684,0.39715988527784035,0.40313366409909324,0.4045135409776718,0.4087843918184627,0.42582638972163755,0.4400746852433119,0.46804578615813847,0.5065832504106028,0.5407789128126126,0.5668983542617559,0.5760205238944257,0.5684098340766202,0.5420351241067466,0.5070913292172015,0.47372081777680863,0.44562655653548644,0.42734740518663633,0.412794287420585,0.409504514923549,0.4058857160998842,0.40560895655207374,0.4054051529976928,0.40004286063517625,0.40335093348467393,0.4051746499241812,0.4055279635376186,0.4064067887474799,0.4067422152390426,0.40941957465717976,0.4072616277827961,0.4062602682081323,0.4039376737468971,0.4046483455593136,0.40870611451203054,0.4100056296222892,0.41121708308991833,92.15490892222317
0.4586000957474233,0.45636901510202377,0.4608988125778547,0.4579583783470681,0.4600161438982828,0.4577231069446482,0.4616400862832647,0.46095979257005987,0.45688170303988823,0.4592532936904282,0.4585314241393645,0.45990845580694084,0.4551718662224313,0.4584043365154495,0.4590796030216262,0.4533757955300291,0.45445727794206714,0.4526758511119547,0.45614602242529434,0.45805044166508857,0.45955059373429324,0.45662459611984,0.4596641779879682,0.45357732302698983,0.45286144719914134,0.456088086661856,0.45689900359578384,0.4559989258588624,0.4518669510405642,0.45577019391692886,0.45330542830963055,0.45725900355747373,0.45673467668202683,0.4543455785377962,0.45567282399711406,0.4554810022059323,0.45905192818202806,0.4636981641482825,0.46391378518644394,0.4730091898193301,0.4796271801026697,0.49083524730761746,0.5072558416659088,0.5236809337785793,0.5455983508202265,0.5668369713898167,0.5956590657232544,0.6123167018187056,0.6273496825842243,0.6398763670894778,0.6428898516503483,0.6388675089722884,0.6296995488069874,0.6133443128448932,0.5901127767755827,0.5673862952104328,0.5453217914566908,0.5201748624173655,0.5033278474881852,0.49390410963714104,0.4825880397998726,0.4699744746459827,0.4653708420453731,0.4606039115598592,0.46338962064032246,0.4577541926227625,0.4542213771023546,0.45195195258612436,0.45028732380953773,0.45368636289511344,0.45162248388698256,0.4501857855470155,0.45165158934576083,0.4507051601247693,0.45617013764834335,0.45448848415718673,0.4526393302822026,0.45554551861152937,0.4526708288057961,0.45072402435336467,0.45542335488500674,0.45338544524457786,0.4501636526925879,0.45178798792171065,0.4503479491743776,0.4492641066580407,0.4538125816634298,0.45570958030017794,0.4490241323230838,0.45287772639573354,0.4503810232357723,0.4506385780581579,0.45035856142888503,0.44974588818969785,0.45150143343676696,0.44967301040064667,0.4518063447420893,0.45109547535296435,0.45064857608302106,0.449241866047039,0.449833974539377,0.45242883451486376,0.4518504645618801,0.4488242565987168,0.45090931387483957,0.452146456948498,0.44724316269740705,0.4516217244343294,0.4492013580417213,0.45175349904253026,0.44938521429449513,0.4480527271188417,0.45004229201159685,0.45663073516154984,0.46296749687545136,0.47065039849454404,0.4894501393586197,0.5076819348799276,0.5414747228045765,0.5768028368491745,0.6199300083979757,0.6632273926191293,0.6974666914315085,0.722893533625215,0.7343121155132575,0.7223699018779739,0.7005809841928978,0.6604563042772178,0.6217374525827928,0.581413211006743,0.53582983882169,0.5084384708169433,0.48821542592219036,0.47080230910277676,0.46180075265220644,0.4537980448315964,0.45180304730245546,0.4495446685928786,0.45130186937773736,0.4490367569421295,0.4489784653372921,0.44734894547419884,0.4471054970717246,0.4471383434896805,0.4487203716156486,0.4470192570969298,0.4483710797740261,0.4518727944374506,0.4493947482876701,0.44693096889042516,0.4499159635080677,0.44662790521617357,0.44329832731414637,0.4452889242118945,0.4434940334707955,0.4464631110405589,0.4471334970976854,0.45038006832275107,0.4476116480442891,0.4464505457650915,0.44848019198478745,0.44233882520959633,0.447198474538415,0.44832236559935196,0.4441306374308668,0.4503306596241596,0.4511205814544569,0.45480172126669477,0.46667702449848203,0.48601559471563693,0.5046558576019005,0.5323687854768004,0.5583624090416718,0.5780593982646888,0.5889964610295852,0.5779079602551462,0.5591463451218821,0.5305001521207062,0.5046942483566584,0.48144673772732977,0.4666527860748585,0.4536395506202056,0.44879216599564564,0.44483499223629097,0.4448096324357297,0.44600668613446864,0.4465737134956351,0.44311029692274884,0.4466151653094694,0.44751563609050227,0.44556131755673684,0.44841848068019036,0.44304781820131534,0.4420366057655583,0.44089899488177686,0.4473790444258726,0.44562620756433263,0.4441368273612035,0.4447384544073143,0.441858059511749,93.35094915275516
0.4653228559079827,0.4661478508444098,0.46994381883876774,0.4678855124670054,0.467464156930034,0.46824013981388135,0.468181865975588,0.46572734088131357,0.46564943104921397,0.47243144921624847,0.4693510313229987,0.4695089271315438,0.4694537525455035,0.4715218260362352,0.47536253333251544,0.47165852809392306,0.4697599207479201,0.4709947643633883,0.4737290308267689,0.4707469089624244,0.4739424769222798,0.46792198770643856,0.4724291960705991,0.4744707691332112,0.47608038788846296,0.4722291376791347,0.4711872711974992,0.47399990779578166,0.4726034496473247,0.4748987714777244,0.47554664081376485,0.47332658393142596,0.4780600033428553,0.476773882415645,0.48015352325905514,0.47565727751096637,0.4793887085606656,0.48562986767965266,0.4877516463729847,0.49591908445145416,0.5058796239991885,0.5190623657918346,0.53378166614474,0.5552614281369908,0.5760639699435756,0.6033151975938162,0.6260424472537912,0.6487833213990644,0.671549184267922,0.6759639498500084,0.6852503885554747,0.6735103992994821,0.6635544637874485,0.6479447977596158,0.6265208515796975,0.6056287565244631,0.5821144014086168,0.559009815253909,0.5400445886716628,0.5256598726411441,0.5140541060630411,0.5007554535334322,0.49643740462463987,0.4929196117233736,0.49150693045609306,0.48756590252259996,0.488229253239818,0.48821431279576166,0.48675916349442055,0.4868761655550126,0.4887763043657531,0.4886059628610327,0.49017599429785597,0.48738655553484406,0.4891140762819442,0.4896812353694262,0.4920923892252452,0.488909129425173,0.49158467034623354,0.49194632784627473,0.4950590760607559,0.49007757232218707,0.4911027553960452,0.490867982109019,0.48972860670507934,0.4969230105312723,0.4912361058245542,0.4924119690946772,0.4970015845563373,0.49118930907303765,0.4965336979326654,0.49252041773059174,0.49816532752152365,0.4916576543015924,0.4928159424705153,0.49555850846126126,0.49891746994443653,0.49723737972152243,0.4969533378670255,0.5006423288441356,0.502586194722573,0.4999457171555181,0.4976810264922393,0.4984161510670253,0.4970018234445405,0.5001084950866467,0.4969814027581342,0.5016937081553715,0.5049915080148948,0.5029059113106112,0.5012499250048095,0.5044391885869854,0.5087629865215917,0.5125021930683773,0.5140369258096473,0.5281024509162637,0.5438632726147409,0.5704542872074739,0.6025265813659609,0.6373937617330137,0.6864769150655083,0.7324930135224044,0.7679400366102126,0.7983784732477084,0.8037456411011034,0.7962704943875148,0.7747932768926757,0.7322811709820009,0.6909246481739957,0.641880773388028,0.609827642298093,0.5727885962152799,0.5495776632437571,0.5332984210195499,0.5237690078651622,0.5134832196299808,0.5133225657420573,0.5105300384170024,0.5079223115542586,0.5132091213668708,0.5106911060263767,0.5121410570203109,0.512317258146249,0.5116050775304649,0.5165476379987678,0.5128277161716095,0.5101315824592847,0.5127721347168926,0.5148978289908724,0.5152890120072613,0.5123737307559636,0.5167337291055699,0.5116745018290964,0.5178139777166587,0.5132124831895019,0.5157241604163602,0.5186312618343175,0.5170668211590127,0.5187865625888578,0.5187164213040407,0.5203793521888475,0.5202664768329209,0.5175979012545141,0.5202273111941933,0.5166340454131356,0.5209858315379202,0.5256887258308823,0.5302325079403173,0.5416491704246269,0.5577976412116641,0.5851289619159938,0.6124172638629715,0.6411722954222693,0.6660363221047088,0.6699036123660744,0.6659162972209778,0.6413201125473683,0.6170867788319834,0.5849525415519202,0.5617488716770977,0.5454866912811163,0.5306620462198048,0.527958132713472,0.5290472224605219,0.5279321117285984,0.526687868135495,0.5236177817812067,0.5277753263596539,0.528346819703665,0.5273372806264566,0.5300145995245744,0.5265267815653112,0.5271993879019664,0.523575349529257,0.5307096990753396,0.5298232395790301,0.5261573466258828,0.5263292609030573,0.5284266692754658,0.532084718041353,94.37015465137878
0.41708337205576956,0.41870031082125564,0.41929467481710586,0.4205327028567877,0.4227642698486083,0.42406741072484083,0.42746532388178193,0.42313295645106214,0.42786365096587886,0.426232370116861,0.42732676202239483,0.4295406700624271,0.4267109286713932,0.4304865338434405,0.4308199604046019,0.4322373001555095,0.43259607656319554,0.4376936812349071,0.43227294277961964,0.43325177101832174,0.4338328273241057,0.4347335015719145,0.43533504098942677,0.4397532423830699,0.44098170773356243,0.4377649506003916,0.4380081209546076,0.44138362012285504,0.44010794880930104,0.4432579896957036,0.44319500702648784,0.4405899315806858,0.44761718126350114,0.44914179473771837,0.44557729066354257,0.4476594472008203,0.45124623211591625,0.45450732895092283,0.45965002091050633,0.4686543477140872,0.4728817730274218,0.48296749219565277,0.4961012253573308,0.5145868520422919,0.5355632939900182,0.5602071429337627,0.5765442653550643,0.5972161985835174,0.6123328780288122,0.625145513866817,0.631931148799394,0.6232376730468521,0.6144482114814649,0.6034489942526933,0.5850660040234767,0.5679648582220586,0.545981503943049,0.5260449108500048,0.5122866396569196,0.5005576433008424,0.4901834645725235,0.4824860026992598,0.47883448101760157,0.4760758890978746,0.4748683851353479,0.4726925191874498,0.4709595642482278,0.471865082401516,0.47448748770375165,0.4710705306513716,0.4741401730579688,0.4733497971637475,0.4749449165447141,0.47820340800905015,0.4767914287833811,0.47726639810349997,0.4752187520476919,0.4801961648177501,0.48075991524393474,0.4845607801672306,0.48038405009020574,0.4822032470395817,0.4830290548442441,0.48645053551608447,0.48387037948485007,0.48538435522604984,0.48680744682739674,0.4867302136899448,0.4862294698507484,0.48827585870199397,0.4908002838522947,0.48736533139013766,0.49044964297364185,0.4895488036318754,0.4941044801561209,0.48943335472591176,0.49212722648214435,0.49476483558974726,0.49790680167159823,0.4954095953920562,0.49519604152014335,0.5008341092461667,0.4949411605570583,0.4942051117963128,0.5002487759626886,0.4991322292859509,0.4988661677132445,0.50311083385306,0.5030017294581156,0.5022901892873873,0.5019532414882656,0.5077581914671956,0.5096043686630002,0.5118303097040786,0.5218418249406397,0.5257953857619617,0.5397754459804591,0.5627040727352133,0.5922118895135522,0.6272840616840402,0.6647388680657209,0.7042510546212704,0.7341392980073533,0.7622618216753277,0.7677672272086772,0.7631395674031295,0.7403891940940335,0.709052500084865,0.6724836078329856,0.6353462162692888,0.6027726067026296,0.5774609768446438,0.5554650048438867,0.543129712264738,0.5332759122876888,0.5317464118630271,0.5253193809762269,0.5295140402224914,0.5258631002031251,0.523517045436203,0.5272612692247449,0.5263536332806336,0.5301422193553773,0.5279140719587172,0.52909004565159,0.5269679909758714,0.5306076077203742,0.5274297517277808,0.5298750334730834,0.5353290070457881,0.5361451190225016,0.5361897753280509,0.5341702495283078,0.5367741207364796,0.5376276800315308,0.5360834975861931,0.5421723668861314,0.5416856480516513,0.5402544075929547,0.541515836841495,0.542646063968218,0.5389193990594123,0.5433057425188462,0.5433114342340463,0.5437745968880102,0.5468981574727563,0.5540315627676693,0.5571891135651889,0.5643446067229614,0.5818352580903717,0.6047375729389547,0.629298995634301,0.6529264288923797,0.6706678808891501,0.680966611224103,0.6742794084881766,0.6576589211381386,0.633312121690155,0.6101607005875088,0.5872730384683977,0.577305852470427,0.5670174099614428,0.5668321776413958,0.559858131877296,0.5645565972418495,0.5619087402974579,0.5608654605499211,0.5619339796741868,0.5630181695547407,0.565270646147888,0.5662329392810352,0.5648051390997444,0.5666691600079657,0.5717677498644448,0.5717036369051965,0.5698865395153444,0.5698552407660852,0.5707846380993272,0.572536953027717,0.570029673588244,94.19574446172473
0.4860535210377284,0.4835322969628139,0.48550185697720877,0.48526475089336596,0.47967210572708574,0.481479902279209,0.4800418250360654,0.4870512479514928,0.4827193248831342,0.4863741021475187,0.4794288741480794,0.48143157684765053,0.4840604451678931,0.48270033288095626,0.4832898384460105,0.4795988371832516,0.4847423956354644,0.48342515587133117,0.4825567098321857,0.48026457378056975,0.4821657313648984,0.4808174918310367,0.4779818418311681,0.48106436502474254,0.4807342305104362,0.4830552243317366,0.4763449316979942,0.4811690870700189,0.47827603694617354,0.48112208327086053,0.481145650181745,0.48017143907864857,0.48197500348940975,0.4780089857975937,0.4830769397223581,0.4801785992623303,0.4798128658820981,0.48461727795518555,0.4845156326146004,0.49453189987121937,0.5010816521394195,0.5143213667171851,0.526319222863492,0.5382453655777679,0.5577091733338989,0.5801659815596858,0.600530986626344,0.6192538233315859,0.6336829447504725,0.6404200885089183,0.6444893621750462,0.6429612807124541,0.6301766492062948,0.6168622838011496,0.5972417469476243,0.5768461063654486,0.5580707384036209,0.5380069611755317,0.5228769022981579,0.5076661129217405,0.4988668640017395,0.49233170240063545,0.4847044602893759,0.4821213630782285,0.4799087280224544,0.4789698764056477,0.47682905874162307,0.47867164017711994,0.4719226390696274,0.4817493638551406,0.47394822204556386,0.47634848611137853,0.4735329766753266,0.4765746331598339,0.4757190022914707,0.47374574361610683,0.47707528535166493,0.4744833782980972,0.4757880154316256,0.472741581458052,0.4743964550931161,0.47834737810682276,0.4761488290843086,0.47472047437074877,0.4730897261496694,0.47400489985292305,0.47414736974621563,0.47453302962258215,0.47136358672379797,0.47473605864957696,0.4711023915186711,0.476426164407399,0.47150299104558013,0.47352183931736175,0.47482120281227086,0.4721884925671694,0.47325678768460894,0.475328285758429,0.47346906375805,0.4729336946818204,0.46873536058852416,0.4701198345237232,0.47396350495022016,0.47289209049522174,0.47307812677266825,0.472790531324126,0.47398841336269,0.4707882160493896,0.47148802482406604,0.46920836942899347,0.4689161821736803,0.4687878523713981,0.47168502583816335,0.47934849390381107,0.4782776885554371,0.48951645091971835,0.501288983777146,0.5226799946085103,0.5510556641118326,0.5823156482694456,0.6227531812390106,0.6604032092449513,0.6844631471573671,0.7090458756139656,0.7180630606148954,0.712428764301851,0.6875821900134773,0.656589392138218,0.6173190429594835,0.579473638187093,0.552195065757209,0.5185864926127981,0.5066498722425009,0.489455855466008,0.48038978859362697,0.4748056773344973,0.4701260211619902,0.4698002125389575,0.4677998136171181,0.468841914275419,0.4674143714551089,0.4654097091106876,0.4654318146261594,0.46507992223700734,0.4688703951920153,0.4655753661378217,0.4628681978261038,0.46736836578940705,0.46948604590700255,0.46788550917963745,0.46501503000578465,0.4629303885579957,0.4657178107442233,0.46555023418017205,0.4638126177274312,0.4667354267546381,0.46920894179052486,0.46584260055337445,0.4656013920691148,0.46328869910223575,0.467842176840706,0.46478747365787193,0.46369347901778596,0.46496908680158006,0.4659989466761266,0.46611633529787805,0.47030294667903794,0.4731614680091434,0.4803623166405371,0.4957908611846582,0.5159820249816539,0.5365690719536204,0.5654890924930948,0.5805265160310044,0.5871789747633999,0.5823957460190313,0.5642139234353915,0.5370541703598731,0.5156472339163031,0.4926909303247875,0.48315736620661404,0.4690898267675851,0.4664869546123279,0.4621558989831449,0.4671471150194278,0.45977743785277925,0.4630761707245092,0.46040865083951793,0.4610445118038232,0.4625402804946801,0.4639643281328081,0.46464421782064685,0.45820585242155176,0.4616975841267555,0.4639634036577226,0.4575561295360836,0.4614378533867077,0.4606872537910941,0.46140284000225035,0.45891148331041265,93.68780670252006
0.5437604873096067,0.5391802524357519,0.5413077383152524,0.5433089086408528,0.5391762031503348,0.539409641149819,0.5385357832798404,0.537551974884066,0.5381652764930338,0.5368982942873556,0.5392966849951145,0.5375709148342022,0.5394607763576582,0.5357637564795756,0.5394196514749431,0.5403072921747857,0.5345351062172409,0.5391530339291438,0.5407426021905709,0.5357503260254897,0.5413970981388269,0.5387723412256022,0.5364066430084491,0.5375875315441574,0.5386982356878792,0.5376163942121013,0.5384254317423949,0.5353918952105248,0.5374614437155123,0.5341940293137862,0.5367174554175569,0.5350906696708783,0.5354640309873632,0.5395886993904646,0.5397368371253244,0.5396421407529935,0.5378011620277019,0.5419678433314477,0.5491575932205588,0.5532035788794023,0.5663686071877764,0.5744327186177285,0.5893268238754343,0.6069170134824512,0.6291198767041667,0.6514690355920427,0.6760805926318447,0.697449090146365,0.7107428587116091,0.720514243758512,0.7231953382692896,0.7239573787948806,0.7096374773711331,0.6905239637531547,0.6745002783892414,0.6555834066768094,0.6274287719240902,0.6075650332877552,0.5872238761629731,0.571330481911409,0.5612149658280681,0.5497511471934526,0.5444424201538797,0.5401849800237929,0.5353552173057525,0.5368782463416717,0.5334392809775924,0.5316046928033333,0.5337724671173867,0.5306305920233569,0.5322899993635517,0.532061636298295,0.5341176156585185,0.5327704277972864,0.531650341250283,0.533217077913376,0.5342438453219973,0.5324612251487314,0.5312485932716354,0.5284865385295806,0.5288623203018396,0.5302644393924295,0.5295382070150005,0.5302656318726005,0.5306352175167286,0.5314636464002598,0.5301456065698025,0.5311419506504697,0.5301802394299594,0.5259827007053022,0.5279373062880771,0.5294101452019837,0.5271612740654615,0.5306628642488725,0.5324068516914314,0.5316652169687892,0.5286831507667417,0.5319738320502568,0.5291720580848925,0.5280828952231984,0.5274126085198971,0.5279168324048078,0.5276278201789644,0.528627570185073,0.528491005573267,0.5280608550616793,0.5288189047882049,0.5302316151665305,0.529694050716518,0.5248657026766788,0.5229861306742487,0.5306812486951443,0.5276989191731929,0.5332368779675921,0.5373285960235742,0.5462249675424885,0.5668865260893848,0.5905540027541513,0.6190367293759755,0.6533151277097404,0.7001889511399579,0.7447372280921157,0.7777096014263769,0.80594150251846,0.8143032796321564,0.8064980521535318,0.7804359582516093,0.7413015416258314,0.7027333289415036,0.6570035855251162,0.6187232599509768,0.5855219618433953,0.563034527934016,0.5459415012684463,0.5369697947101256,0.5345213769613698,0.5248651119892965,0.5225264102574758,0.5277419242550312,0.5238871483906943,0.5226917805751629,0.5259298020740253,0.5224981539269418,0.5272358254815975,0.524819438862405,0.5223693309080177,0.5275418927019929,0.5218981308666205,0.5244760800012687,0.5234728142119466,0.5253600541104146,0.5257619370065904,0.5225852661190196,0.5208967653154162,0.5232058886076832,0.5208128570689144,0.5260774074569552,0.5222060600216343,0.5210847701905793,0.5220675586934362,0.5188884436566343,0.5195311859138532,0.5237939115525432,0.5200869126616737,0.5195732489620223,0.5236675995416172,0.5273663056306961,0.5316762530981749,0.5421541946773639,0.5549788344038682,0.5768665145112332,0.610786029549121,0.6350364408599322,0.6560120860705725,0.666848323413642,0.6573908985977118,0.6361229490326357,0.6114074263612961,0.5774818452856684,0.5571715372143093,0.5388642444081142,0.5291283363625671,0.5261693259776188,0.5214921438279935,0.520390527839765,0.5209572671239437,0.517839415982704,0.5167369188367599,0.516198688503643,0.5142357820343739,0.5221628111599314,0.5157262427103003,0.5173724822724299,0.5171437042417458,0.5181944872258063,0.5190934914640616,0.5190653072504163,0.5160605486339948,0.5167748033212508,0.5175565498875125,94.96570261683851
0.6910460529965048,0.689132078696318,0.6919829364400137,0.6924682110254766,0.6897152835816458,0.6935922623266285,0.6940325851376431,0.6942342333900878,0.694778440854178,0.695588972133963,0.6981797117638383,0.6985037282192935,0.698202439171441,0.6959511834573364,0.7007175168585323,0.7019694315516969,0.7059165987783981,0.7042602190694135,0.6991045746510163,0.7038533612139403,0.7081128291181106,0.7065307586210782,0.7067345627401662,0.7086713584728568,0.7064199126113917,0.7094149484599035,0.7087527737970103,0.7100114511957034,0.7125093589177757,0.7098113822455899,0.7150757205315722,0.7125350605603206,0.7148723497387198,0.7126862886488874,0.718356925685308,0.7217351578631092,0.7205310249066341,0.7232645649054362,0.7317026688796786,0.7420762310556686,0.7472901985365187,0.7625600562932996,0.7823206843690248,0.8038214215681733,0.8291833173969356,0.8538225833137262,0.8863468043492795,0.910690378588482,0.9267703962731194,0.9464571967962152,0.9520628430080884,0.9436281427350414,0.9356754889712784,0.9136283876476575,0.8918795177080855,0.8642750430905064,0.8447690827268715,0.8159801146706671,0.7961791499976858,0.7776811349055186,0.7697840284449422,0.7603984731991515,0.7534543438123058,0.7480308236330362,0.7425308087273867,0.7443050785576241,0.742297542438498,0.7450936473040036,0.7451515022285298,0.7422379759340186,0.7461383783556205,0.7463589970749388,0.7402225924431339,0.7481569882874576,0.7464816836968869,0.7463653975154574,0.7472440103085568,0.7494534264378321,0.751477537211962,0.7485800450535582,0.7524842314821721,0.7540516238555546,0.7574152928597508,0.7523318750286164,0.7545796052161107,0.7565957297991953,0.7591607967895082,0.7570511046449944,0.7608504094302493,0.7553719763324142,0.7575335788582621,0.761531138212322,0.7588057748066304,0.7600720570284478,0.7621590186328105,0.7655510246253568,0.761009791244355,0.7659358919650958,0.7684547975932312,0.7667925544289086,0.7672383626119201,0.7695731567517758,0.769179033738277,0.7731380825639362,0.7689287211786154,0.771844769093818,0.77316208224972,0.7728136745074887,0.7686929525759258,0.7750885741562442,0.7784353103712393,0.7799430335569669,0.7818811565000297,0.7836326298361351,0.7944024481913701,0.8050355304620553,0.8261226978849604,0.8532081430855791,0.887639343699303,0.9326310306282823,0.9850796363572428,1.0337526220625026,1.0755120055490843,1.104815950042985,1.1170191704891648,1.111384968570174,1.0793147094625726,1.0389282548514611,0.9909214742569743,0.9400896323155066,0.8955893206239777,0.8620218915013964,0.8386070752950668,0.8206414052456605,0.8108881279877441,0.8034804884840395,0.7999982836523375,0.7978117218927501,0.8006242497933241,0.7973792520693844,0.7976090958000309,0.8016862191370389,0.7986530689278712,0.8069334620091443,0.8030545051299803,0.8043830149583812,0.8028636844772485,0.8046435013390499,0.8052140742365138,0.8057774888279015,0.8089206557177184,0.807549154238419,0.8112768830178538,0.8153618195362174,0.8102379466668984,0.8119272347387015,0.8131751443002553,0.81683277916977,0.8138381407209789,0.8131394826916424,0.8130608790574116,0.8162819084514823,0.816336315721479,0.8221902172867379,0.8229435430675616,0.8193259455998133,0.8236523493953865,0.8321581260899843,0.8471047846486143,0.864065216982468,0.8901896321666956,0.924463072150509,0.9562203035440376,0.9834813748167477,0.9905849629945035,0.9828426968513136,0.9629754380153397,0.9278055515505831,0.8949404516107469,0.8720769210039327,0.853112276344881,0.8441434567841627,0.8384060019383381,0.8356151912910638,0.8351532169582566,0.8341571159507799,0.8364455530011599,0.8387933771670978,0.8358667464020485,0.8385939501527193,0.8414745907353066,0.8412021432220969,0.8436038000280015,0.8406421416595284,0.8389104634161778,0.8437668781668908,0.8448842904647441,0.8476895670224672,0.8481225888620589,0.8476133589178173,100.0
0.5175934923042387,0.5195489742259675,0.5191985381028512,0.5169220047508195,0.5177132639887055,0.521445930881042,0.5191021041742058,0.5193500035044739,0.5186327008647984,0.5217757897472236,0.5254392870470641,0.5195648169726178,0.5221339673070541,0.5252956150972701,0.5226975367973014,0.5241472087681596,0.5215033237249621,0.5248703706173897,0.5240251136633466,0.5267565083946371,0.527545468156343,0.5307354755108639,0.5271012803707743,0.5269793117844077,0.5271023016860411,0.5263933028271183,0.5281634376400551,0.5272842817817579,0.5286047638009753,0.5313050185947151,0.5270783646128899,0.5318328219331525,0.5327266675869817,0.530539986456321,0.527471491583529,0.5318690792627883,0.5377381058799403,0.5382070677796076,0.5408734880743213,0.5485326951348803,0.5605055924413056,0.572295472880304,0.5864705649462594,0.6052456378115743,0.6269421936793732,0.6492253766933245,0.6776147620453907,0.695041104252976,0.7153438474686682,0.7272792137083189,0.7304143205194337,0.7241446321641163,0.715259572977847,0.6979512275338516,0.6756617716853047,0.6555753715511562,0.6299953775056111,0.6137536837076748,0.5921895240306283,0.5785459457213517,0.5671038399821718,0.55750863806579,0.5533009743628012,0.5473297819969782,0.5476847879728287,0.5419621316526582,0.5443086195018918,0.5477659316547508,0.5419750161345002,0.5428521073863324,0.5455450891443332,0.5452261019740227,0.5459375081187058,0.5465931561191322,0.5472669013321345,0.5486013147236096,0.5475867412087793,0.5466700658391205,0.548883314608945,0.5517235564638878,0.5480441641127973,0.5467460165313633,0.5512948814544353,0.5492256032026512,0.54550667198189,0.5519325000077013,0.5495526458707037,0.5508278812697279,0.5520585540878221,0.5521612383787382,0.553584788245988,0.5516805574631077,0.5539633873931417,0.5528037280341831,0.5551860879438144,0.555324847543538,0.5526088807694365,0.5570373680285506,0.5541791226541867,0.557252811488119,0.5567569195427714,0.5600843725041716,0.5563467773747581,0.556480941260096,0.5575271551695954,0.557347833684336,0.5599476173285617,0.555523629140465,0.5570965914652557,0.5576116596349182,0.5624083513418429,0.5651479974041242,0.5636352085328784,0.5672517919152072,0.574194074633395,0.5870054490754111,0.5992490848546643,0.6252348480545135,0.6582572835424825,0.6959864210797714,0.7385019617933932,0.7831517979209883,0.8128324614840136,0.8449184451159746,0.8514861401112782,0.8406727198682782,0.8208039136392187,0.7862108963814148,0.7409330662712534,0.7007464377596891,0.6641591919093648,0.6327869772917601,0.6105540496624146,0.5931075681180432,0.5819177494357549,0.5728697067736542,0.5726074762146329,0.5700670628743458,0.5756476981839875,0.5709648616293865,0.5717910248783701,0.5729711712557503,0.5723181797488319,0.5759988278473539,0.5717465193594681,0.5737659046494511,0.5722771742398283,0.5715076573849409,0.5733097951760374,0.5748449019244175,0.5744460159074177,0.5743054238335916,0.5732632764286765,0.576295345800817,0.5738377618184367,0.5787529603344526,0.5777833754145988,0.5750890516164985,0.5777714624696948,0.5772716534227853,0.5798021082812993,0.5822396477122364,0.5762302478483029,0.5807211298054098,0.5809391506987021,0.5840289938662369,0.5860078686861542,0.5898056734003497,0.6010636935110879,0.6168862664801071,0.6442703208322677,0.6706395739908794,0.7027037949961292,0.7200426045149917,0.7269015292109223,0.7179077885424736,0.6968377166422679,0.6697425523627594,0.6457377245974065,0.6233522241655656,0.6031671670888268,0.5984987269875276,0.5907856828069382,0.5899215204030117,0.5921967693971293,0.5907689593147074,0.5886990257127223,0.5878031477753773,0.5856582050488985,0.5889070273716561,0.5903082791073919,0.5891417457074566,0.5912392233059509,0.5920410846894525,0.5918233143042732,0.5913586666699628,0.5933816267650928,0.5943138443125601,0.5916348104510517,0.5970231189579673,95.5277221440446
0.5261684871667663,0.5270369994956685,0.5260462826437515,0.5263204813933647,0.5249280739734404,0.5230858867745647,0.5209453436411935,0.5228124827770173,0.5292239246047393,0.5226604857284299,0.5194770908515802,0.5246252532483783,0.5246349577674804,0.5252627697537748,0.523394161204914,0.5239074904531853,0.5256608049312176,0.520253506953795,0.5196208359427357,0.519083448165948,0.5205051675223658,0.5236676418822276,0.5216210388733021,0.5213064337128834,0.5164546994019625,0.5184715192504474,0.5159519479096868,0.5217330520089144,0.5223336350720351,0.5205032427283688,0.5167735697764378,0.5215575077563651,0.5180174471625786,0.5161817532786275,0.5170450422517053,0.5189426761113549,0.5214780777060335,0.5237680337763048,0.525612427386503,0.5374315186090504,0.5440982615831657,0.5557175112243617,0.5757578947427825,0.5911181798188202,0.6131145398289055,0.6435345422681463,0.6693563859187466,0.6870553663150927,0.7058791476352947,0.7152860169015283,0.7214630486268596,0.7161561022494042,0.7048231636636519,0.6873825744664795,0.6614899850487704,0.6379067769279664,0.6099337560302774,0.5894721827512024,0.5695757534473551,0.553356481803694,0.540160290965731,0.5316225622014147,0.5196964285398568,0.5149843319415627,0.5158311667860005,0.5086475635229756,0.5117911143258832,0.5082289155479941,0.5131765822978009,0.5101295300642231,0.5088721587544214,0.5114910464003934,0.5066551998916454,0.5067915694269159,0.5057763482192175,0.5063319756096355,0.5079478740817366,0.5085774476014587,0.5092764060048477,0.503468175891375,0.5065379741113232,0.5044294520178647,0.5059992894520959,0.5108422738259588,0.5065217533596156,0.5075010429869264,0.5093875788084977,0.5074849959727917,0.5040985337500092,0.5022067817593449,0.5044622406165813,0.5031512008103323,0.5010016530286826,0.5042966288196722,0.504110634644522,0.5068811786730885,0.5023835023639627,0.5034313545353457,0.5013042243196943,0.504145618050475,0.5019141305348909,0.49958228198289756,0.5016646682115601,0.5022369789389728,0.5017314009354288,0.5030794947603626,0.4978642178768235,0.498863686998663,0.5016600109876689,0.4988646539161395,0.5009659693105677,0.49631177094841233,0.5082218094596171,0.5056514510119806,0.5149233392741509,0.5227128594827936,0.5413397481506855,0.5684468335186162,0.6012930764849639,0.6397677653876571,0.6859506920907815,0.7341519877132248,0.7763073948565329,0.7987853094040142,0.8116547809687692,0.7974460816806722,0.7726011596675749,0.7329316654562422,0.6835139455190494,0.6363233514199069,0.598421241501421,0.5610970454755153,0.5349469828382452,0.5177722341470312,0.5067458645402888,0.5027139531936085,0.49815799901710206,0.49644874173460646,0.4947221166822549,0.4920500082420163,0.4942253051766388,0.4948929094189445,0.493436333086481,0.4929221756222566,0.490250074073391,0.49197106267401886,0.4896707910145167,0.491027237749262,0.4875588275599372,0.4873383235405171,0.4899854273728925,0.489034726463786,0.4901092633852145,0.4893902350604943,0.48948423704647914,0.4904051538484214,0.4880254863421721,0.48827723404955425,0.49139033439241514,0.4882510197469535,0.48765283838485174,0.487950480724101,0.48726599705217066,0.48606880412753856,0.4856702411234941,0.48703068633649477,0.49278404565039746,0.4953257772807913,0.5068720004253866,0.5260906791810142,0.5490695543862052,0.5810680803060674,0.6067062397288849,0.6318862823923983,0.6404829595657838,0.6317257596439749,0.605538321310662,0.5807920823081313,0.5460296566230702,0.5230001130927558,0.504366776872133,0.49529017196192515,0.4916385165059765,0.4817303180643779,0.48165013749827384,0.482675964610385,0.47971601651864254,0.48321598434322105,0.48309233482656805,0.4822862463397415,0.48140411858938564,0.483434368815824,0.4781477693234896,0.48035363783399887,0.4785095786603391,0.4815311002548817,0.4758486684806504,0.4792232663013255,0.47971399462977476,0.47691261620883374,94.49325814265347
0.4909105685586189,0.4950701129960151,0.49310110902918547,0.49335473749505476,0.49299019194228905,0.4942290059810157,0.495841464380616,0.4927296506578418,0.493420321349096,0.49440174550767646,0.4925900989562679,0.49391596832176227,0.49487468553213587,0.49784854887879765,0.4968975364140573,0.49703223681962494,0.4986194961704036,0.4969155999494188,0.4982439166165421,0.49752918717815287,0.49853900038483534,0.49711540725148273,0.4936759508121143,0.49855772108770485,0.5019445632581017,0.5012245326400785,0.5015765594600238,0.5023932148747622,0.5003770094630728,0.5008809756748599,0.4995545339018404,0.5004954723009803,0.5027636108514895,0.5044680239119238,0.5025285247853634,0.5030232686201417,0.505632436631626,0.5094412038838464,0.5092536971590541,0.5132100949852486,0.5246019528673004,0.5338163273030336,0.5486846186791045,0.5656645960906143,0.5836412742718559,0.6074105183495497,0.6250905852131042,0.6432443775706392,0.6585976967147086,0.6647295436541818,0.6726123566832011,0.6674009677926384,0.6597848166130357,0.6421355738132346,0.6235107240557307,0.6088677949764874,0.5885723089978916,0.5679730589512947,0.5523238647195762,0.5434162000073836,0.5287770675402068,0.5270859540336588,0.516883603033615,0.5166042984247602,0.512608154425936,0.5133093191514961,0.5104437729479497,0.5110045393168601,0.511429063470123,0.5094836861448216,0.5131772159028651,0.5109109331223871,0.5117387969217174,0.5104738436291458,0.5076079725964299,0.5126222082095397,0.5181017462042382,0.5151182228389498,0.5137830856962405,0.5135684507112974,0.5144118017506341,0.5157337496693079,0.512550528516972,0.5174134406224266,0.516888203059787,0.5171664551071085,0.5168796783684415,0.5163146034434947,0.517893735837859,0.518004284871354,0.5163852184199641,0.516218739534034,0.517842298908337,0.5210092698588054,0.5157056586426183,0.5155214655012043,0.519058680957859,0.5191035779429197,0.5196211292394088,0.520034996191473,0.5193733314668957,0.523072118645631,0.5171632772906529,0.51898092299816,0.5207047143472657,0.5178996786908829,0.5211137597315765,0.5250806621684315,0.5221253492968865,0.5229528038984231,0.5205650950407535,0.5228399020177175,0.5250796464124097,0.5283478820415485,0.5370313511739755,0.544637760605022,0.5553219410509018,0.5782613320524411,0.6057570296677853,0.6401452608241616,0.6779555220764596,0.7095979928979367,0.7417491673482587,0.762510596913423,0.7724149743937969,0.7665037558561107,0.7464361243557892,0.7131121386622048,0.6763358915606763,0.6408949111114455,0.6063620192233264,0.5857644052707272,0.5586918267182661,0.5487994379250554,0.5439681407820851,0.5349950631598046,0.5319933988146441,0.530446458175731,0.530358651871095,0.5334163961758258,0.5263844361130883,0.5340944593309865,0.5284327108029246,0.5310131946980725,0.5309584645462824,0.5332660395825436,0.529165139015086,0.533558326047804,0.536955230645918,0.5304529036856154,0.533831306621001,0.5324005730347121,0.5348489550150731,0.534308119393371,0.533259493282343,0.535790855120825,0.5386964516455379,0.5349786023247204,0.537072637979889,0.5333195966939012,0.5342677543280195,0.5374060927831529,0.5397331941310638,0.5378558706013358,0.5371192964067272,0.5389094195492029,0.5388343518617523,0.5473975531355605,0.556805554996845,0.5684630688035297,0.5886383434828569,0.6144700804387587,0.637275435781934,0.6561893138023265,0.6674546975001145,0.6563728141060521,0.6385227679019043,0.6142790997960816,0.593247957625239,0.5717312335025886,0.5570138616513501,0.5526481358791563,0.5485366651464455,0.5426175678905709,0.5394651973247102,0.5451578225190621,0.5419391401340613,0.5451312556132729,0.539874430109753,0.5458706344257291,0.5419353618524838,0.5460918082377261,0.5449314581290184,0.5432676747556173,0.5446341239937436,0.5470934767467839,0.5462052719745204,0.5474349522669801,0.5504916507130293,0.5436829295585578,94.65636383409296
0.30651265999032323,0.3098057697139812,0.309215679819947,0.30684310862649544,0.31001348742234,0.30614769239252543,0.3060038563564352,0.29954990619893906,0.30707794887783263,0.3033759997345144,0.3046927039540216,0.30350883385546384,0.3045959368418942,0.30598328716869805,0.3048849366227477,0.3060490628686889,0.3069281661600944,0.3034264420547566,0.3029740264184146,0.30561374364579336,0.3055395118645455,0.30471373272348373,0.3010953413843982,0.30361219845057963,0.30275313313655977,0.30440685635004244,0.3009244299322337,0.29850719897741096,0.3029954899431436,0.29628256558676225,0.29974119594856163,0.2990047559382055,0.29891987743808185,0.2995618687231494,0.3038431241592625,0.3038500663636508,0.3032307055455844,0.30862879050060715,0.3084510434443352,0.3145473676980668,0.3277829903927039,0.3395784701312985,0.353400558749907,0.371401995461496,0.3987966101979308,0.41631975735823495,0.44241370754881165,0.46580484592201676,0.48640572735464466,0.4948274449482454,0.49877569797079513,0.49245673069886553,0.48300686533845666,0.4641610722339277,0.43857064463891504,0.41901710004243103,0.3950234546779257,0.37201942237197455,0.35066177000490806,0.33231511208191966,0.3167799653622695,0.3121348310060553,0.3071505647749039,0.3022979049708723,0.29884586264723706,0.29507433719448206,0.2961313625688278,0.29499056608883983,0.2917510440095816,0.293555160920268,0.29081737596679275,0.2926986758928302,0.2887703617051637,0.2886838281688105,0.2930086740067054,0.292533258088324,0.29169200796125105,0.29036767248837914,0.2851762502375884,0.28957615278768734,0.29040139087333083,0.28819068267029857,0.2876022869188416,0.2916832426814938,0.2884409506582769,0.28923824575416185,0.28964404512215153,0.28586003483257855,0.28801645061834746,0.29003645154935975,0.2908027357145262,0.287011288929886,0.2862226558282968,0.2870037178468209,0.2867200705922892,0.2887734394190083,0.2837742667016937,0.28497443072688133,0.283067021196511,0.2830442416588261,0.28558870985302853,0.2862224196734127,0.28307110893911214,0.2856814396936939,0.2861283471510705,0.28754441055151136,0.2835899115184194,0.28196203922718543,0.28106893865075155,0.28080303082391955,0.2856670171451392,0.28077977346667343,0.2878315348828314,0.2869552527893238,0.29347404104117836,0.3050666225806569,0.32057404737889494,0.3480535756581678,0.38231680814602753,0.41736351974402947,0.46248818512221856,0.5075830110384995,0.5473118836401352,0.5718846307122593,0.58402492117325,0.5740191006783577,0.5429273525560854,0.5075543497094054,0.4645303535754182,0.41536009004291624,0.37530711194885197,0.34187331717798275,0.31724123384748376,0.29784111256242046,0.2875303592845956,0.28372387161099394,0.2828342767615888,0.27652853900336527,0.27536149118731484,0.27942346298654364,0.273405424791337,0.27200139273272933,0.2734099512995936,0.27350024752325003,0.2710953551686735,0.274100491779514,0.2760203636777055,0.2713186266691546,0.27383280406216587,0.27421664215824615,0.2730251282513515,0.2733304086054186,0.2731208047072953,0.2708678210531894,0.27525756892787173,0.2745230445000653,0.2741744824192404,0.2735891516683314,0.26817905250372054,0.2729487251749377,0.27217718570057975,0.2675698750923919,0.27001825283512343,0.27089991688667026,0.27384406711984444,0.27282572574752634,0.2720502387276154,0.28254896181469913,0.28952362362794654,0.30590828136004616,0.32995893421722733,0.3566417325752639,0.3887620186525292,0.4116724633008731,0.41783407595908956,0.41105265131581975,0.38632128266845883,0.3582097479479434,0.3293832655638736,0.3044705532632934,0.2834306553734578,0.2750199480214927,0.27340832464330006,0.2661996680586425,0.26588958376244737,0.2650496078126131,0.2679955959640171,0.26716895504248583,0.2659605948959983,0.2621639194185115,0.2645954347419763,0.26477999444946193,0.26201401430469345,0.26143731454638436,0.2663555035793348,0.2621109954177476,0.2657096824643948,0.26424104312480184,0.26282973596607073,0.2626861720615687,90.0
0.4975005229909105,0.49859994223975246,0.4978450402563489,0.4941711824542877,0.49815078437567545,0.49795301886938503,0.49441782993444905,0.49578624276165606,0.49684299002433774,0.494823669347512,0.4971542180301597,0.49950197187183204,0.49296821976532884,0.49154406757247143,0.4946797589189031,0.49528121168982137,0.4931423188952178,0.4962765379754484,0.49045877020685186,0.49428778472772955,0.4914561932121723,0.495872643368022,0.4961849070158408,0.490432598226549,0.4906329604189964,0.49321775355042813,0.4904916822687079,0.49094458428627324,0.49086052761430304,0.4867556169316203,0.49037564584679044,0.48887933960370317,0.4892196389614461,0.49321027123058603,0.4882280241650706,0.4932926373924047,0.49284631185179445,0.49581902825790186,0.5027134263799078,0.5089832908949246,0.5196923813939192,0.5343827304464347,0.5496481072129586,0.570820404060907,0.5948082679633708,0.6221443124234844,0.6564737466480657,0.677474666542247,0.6918881809059892,0.7046027774288405,0.712449296379589,0.7078741528329929,0.6947519571008586,0.6730711854813938,0.6484523688610797,0.6221105420113076,0.5943419344045286,0.5643297860557925,0.5461065638854493,0.526530917320032,0.51422087719639,0.5091249351659959,0.49625080466966454,0.4896665778693695,0.48869485925914263,0.4856105512319665,0.4840921052690814,0.48357951664053767,0.4858937098622719,0.4791036863034562,0.4819891834107876,0.4789127287981476,0.48162323377590704,0.4784324213050792,0.47919752744289973,0.479206645345725,0.4815138854231445,0.48116492747955136,0.4766024786420719,0.47896972275897653,0.47720665202147045,0.4758747644335036,0.47772370437454686,0.4773067376369013,0.4825431010765142,0.4783215526871156,0.47446636297891925,0.4758580149190808,0.47879629446601063,0.4806963783687955,0.47311349114652335,0.47229157394867405,0.47955931801765356,0.4763625809696328,0.47361273209926896,0.47618454068432087,0.4696097519884472,0.4746539634631364,0.47506881992700256,0.47602768369743603,0.47191732050523605,0.4738824689321877,0.47162627934472967,0.4737541201709568,0.4712195368314216,0.4719630010704448,0.4705628385909723,0.4736496541978595,0.47390336973538516,0.4716689539243335,0.4724222629600457,0.4701964857772332,0.47430059540811176,0.4785239547579053,0.4907941929514167,0.49516207197615053,0.5189748184346458,0.5452217965393547,0.5802723880370433,0.6281104221127628,0.6754757647104571,0.7255166861672232,0.7676430304790102,0.7993450057265333,0.8092792610740882,0.795178443282613,0.7641746371876663,0.7229281961888239,0.6712591962200852,0.6221257814746883,0.5793775708728871,0.5390369849536146,0.5122162563617921,0.49328942056049924,0.4825687674928602,0.46898181417902185,0.46806970686550625,0.46743132463788,0.4681929634257094,0.4641333386078752,0.46094424042453674,0.46562961283660237,0.4628584827292687,0.46150653745286097,0.4624001366149069,0.46304482975839156,0.4619700969777768,0.4585343501010965,0.46450556230541834,0.46502714089865016,0.4635463988576391,0.4597339482986724,0.4613723014844017,0.46152820686686485,0.4625048032572572,0.4624098606957649,0.4593707993180894,0.46076911842781193,0.4612857478198223,0.4630493150410535,0.4613151785771132,0.4612612507263001,0.45965940761353546,0.4622257258982287,0.4604411953082781,0.45889228408631094,0.46614393052166136,0.47079359961740347,0.48006759443886354,0.4990727375523969,0.5277896049869745,0.5609885619236615,0.5931172912660608,0.6177088614551002,0.6294054564508453,0.6187612603085936,0.5921678377091472,0.5605406031823892,0.523259125673275,0.49848722706663545,0.48176387455604247,0.4656852105529057,0.45789736189144714,0.4550976511926556,0.4527617026007672,0.4526865126465685,0.45313389691140815,0.4507870919600125,0.45338442070809304,0.4549211731829726,0.4510665529848466,0.45568650339272565,0.45343546921906447,0.4542410089118227,0.45063014328840817,0.45342082776424564,0.44929387445375385,0.4530242022038456,0.45135335082968725,0.45188213953802236,93.99510574080733
0.504388219200288,0.5049254744176197,0.5042395674852852,0.5077901608898103,0.5034575178813133,0.5078667160009765,0.5088415834537233,0.5079485014176769,0.5084209906113074,0.5086364156639599,0.5053400631525431,0.5102299708465213,0.5065619374601564,0.5074709038146182,0.5070599934950754,0.5088299414579498,0.5068923718237763,0.5082238668874278,0.505740937058388,0.5106625447898414,0.5097962873419637,0.5079918813922454,0.5077597115395638,0.5101089129322132,0.5075268220779656,0.509314171667299,0.5115089811798729,0.5076881389536045,0.5101763434834972,0.5102080303069989,0.5095384027394123,0.5089207900113993,0.5126286945878041,0.5094147038349108,0.5076442788112728,0.5136255455022785,0.5116872899263045,0.5182370761115254,0.5237520860636092,0.5285604428432713,0.5381964838745223,0.5518497004374463,0.5647673621926447,0.5817057045118271,0.6051577459527381,0.6277950947909113,0.6501890227244143,0.6660810578004283,0.6808148473830147,0.6931531722149135,0.6994707022991645,0.6948210526348254,0.6835962784544137,0.668915842115564,0.6446825816440606,0.6257837731104908,0.605585833849654,0.5838454361523382,0.5661628862101177,0.5531929512648934,0.5383531563247794,0.5286697195499303,0.5263794476017875,0.522356871194796,0.5186109742486427,0.5156714087535204,0.5151619665135949,0.5121903239626074,0.5168022004572325,0.516704056883846,0.5119732741233626,0.5164185853508765,0.515597264707589,0.5128598027057897,0.5126104590999353,0.5158898816340202,0.5144686328332496,0.519025364524881,0.5174121949354951,0.5165759538984732,0.5167963083294058,0.5185334717672884,0.5176863620722282,0.5171144476744165,0.5142759814783056,0.522481986830235,0.5142733164627661,0.515976185583581,0.5134134035859647,0.5179220455374702,0.5172682591756813,0.5186181802590286,0.513731085201282,0.5195566168794633,0.5158375238230961,0.5172759733094021,0.5195587153319922,0.5183396952733197,0.5186026362506106,0.519658698590374,0.5190395146411484,0.5176213208427434,0.5180922443213315,0.5189707423775685,0.5168782127685748,0.5207854084814909,0.5194999473325357,0.519215970204286,0.5216332093010227,0.5192825393188499,0.519643159800623,0.5199688668313492,0.5234258913300684,0.526737728477833,0.5308074383291603,0.5418428193964072,0.5565587654186133,0.5791645184571357,0.6074697558706094,0.6477389873824736,0.6863958052850363,0.7303656958928608,0.7657964352485306,0.7934415589743614,0.7980116134699557,0.790058574252579,0.7667451325866586,0.730860574449668,0.6935114540615518,0.6471395639556272,0.611629811510359,0.582940632999741,0.5615857619407589,0.5436263277001749,0.5307355891529517,0.528495579604156,0.5283619522131131,0.5246638152851311,0.5238853317929387,0.5210444030577874,0.5208077236004292,0.523236529726135,0.5204470885491606,0.5249765006926193,0.5218395957054933,0.5236044118687383,0.5200035683126076,0.523109030645646,0.5216464881640807,0.5194958821753278,0.5253450675377774,0.5276652913674671,0.5267635085201928,0.5259895318000907,0.5239194971926345,0.5264811093074482,0.5274386261808678,0.5253861652472875,0.5228654683419736,0.5243574360649214,0.5288852701077543,0.5254610412234372,0.519117727917117,0.5230720975063874,0.5256539155217719,0.5297062494795916,0.5296446143857529,0.5376044652852432,0.544272969698568,0.5574203197727226,0.5830481647078942,0.6120979044207169,0.6391396561725994,0.6564813534189624,0.6659478367278951,0.6646040955559817,0.6366355741460789,0.6134589956936856,0.5808106482774625,0.5642923792782227,0.5449997125995536,0.538002025628348,0.5295532331860536,0.5304049080645111,0.5271172939603531,0.5272548078539516,0.5295693493182644,0.5279110747178566,0.5296451343007822,0.5286221944604862,0.5292600266471388,0.530136723291076,0.5286680897973371,0.5274976143635043,0.5285466782440543,0.5321231701888107,0.5300868270755853,0.5282862730815313,0.5309007802862943,0.5311558793205845,94.7203526196127
0.7441196269488558,0.7467254829102901,0.7452185311456831,0.7428242522288774,0.7408012502151361,0.7397436126083392,0.7416251617664733,0.742052040739635,0.737358016881475,0.7385879584235113,0.7325356836200815,0.7345790548368551,0.7347247250733425,0.7320060287461699,0.7309909354721693,0.7305669417527074,0.7315254389750265,0.729604948167083,0.7245416965395708,0.7238153119023018,0.7258815363604904,0.7270491985036543,0.7196773866295699,0.7232115426504013,0.7221972127530797,0.7250653513011965,0.7205582641194322,0.7211355337383536,0.7196970788307863,0.7142068145444836,0.7190755787100244,0.7170774769566058,0.7168413312039873,0.7229863907189108,0.7105066620140879,0.7180560218134093,0.7145897572255651,0.7172499093021889,0.7194661888396947,0.7234525289993747,0.7302763235265943,0.7420002101778463,0.7512903040547647,0.7717909616099721,0.7878878262732141,0.8063412512610026,0.8275546929105977,0.8489957290115797,0.8597354059211719,0.8704944231866141,0.8707997819512999,0.869370464931793,0.8583313021362867,0.8444099640897001,0.8204120118625947,0.800324225957354,0.7773789818525683,0.7594212838109113,0.7375038289268984,0.7255251508682136,0.7117976476083481,0.7030207834112143,0.6966659816802054,0.6921821009489987,0.6880116681226351,0.6861926341064924,0.6870648085162246,0.6844156044670348,0.6829509981811492,0.6792006052469137,0.6773027882553234,0.6799977595373436,0.678862974334192,0.6790883186006457,0.6739708732529425,0.6737572104778328,0.6699754774665887,0.6715079033978586,0.673324485225206,0.6694368877438686,0.6706893847591351,0.6680659697298559,0.6681336420786945,0.664228697722046,0.6657330519971741,0.6586189137851273,0.6632659460484589,0.6594173445174887,0.6641288326787143,0.6623102109919858,0.660727290891256,0.6618745140225168,0.6559732211674264,0.6604043332458029,0.6578125426195037,0.6545136015582679,0.656296505072917,0.6508512304219612,0.6504533419059305,0.6499237441084297,0.6491215238951982,0.6471049299591293,0.6507028172150061,0.6467776945702042,0.6470396685478381,0.6442348264483706,0.6407800422148895,0.6440206792690999,0.6387509472151928,0.6416198727380333,0.6383993391731643,0.64490564560937,0.6433644447230067,0.6438417852860321,0.65071481458732,0.6548313404059275,0.6712077850967105,0.6906828953514977,0.7181405543446898,0.7539579552544974,0.7907289771358831,0.8275908183648806,0.8560625906314944,0.8791302898647997,0.8878740976655389,0.8793142324856629,0.853266168618105,0.8260680402356403,0.7846052021678344,0.7430030113038235,0.7062192195950957,0.6763985935165148,0.6528338316733334,0.6393728809336554,0.6294739591298056,0.6199949146517864,0.6191353354941586,0.6156229441760214,0.6103998280795886,0.6111929500349096,0.6109819306072044,0.6145667296567637,0.6109222501365712,0.6061695663962664,0.6088488368249788,0.6038200063098371,0.6081183493871107,0.604049217421286,0.6038427336958709,0.6057201488937675,0.5995327804173438,0.5983514236838569,0.59901701401516,0.6012995230085104,0.5952226258217086,0.5916355596424895,0.5954361074959134,0.5964804713587973,0.5968161389028684,0.5925282447793319,0.5916722164254932,0.5938499046253337,0.5868740360224414,0.5889883627847993,0.589532223273153,0.5900336405615902,0.5894323451534296,0.5944094429117773,0.5974866545834261,0.6150654162930634,0.6374383689989194,0.6591088571580946,0.685575381177424,0.7043422629482633,0.7088546607669676,0.7018665507704019,0.6796861581671775,0.6548915385124648,0.6300602050399927,0.6070813854484229,0.5897528784416299,0.581328730669204,0.5764980203750922,0.5677292680976237,0.5722405764407242,0.5679410529570637,0.5683897626693241,0.5689389656668751,0.5628311961897777,0.563192264724912,0.5630722025196548,0.5611202725064923,0.5651961934359189,0.5590513270043015,0.5586923300485482,0.5592507542854411,0.5554762298082443,0.5561277200775079,0.5565925406643754,0.5543304659739839,97.39389758364831
0.47836418407752856,0.4793126002103402,0.47933652174643676,0.48019983937520583,0.4773252203272759,0.4732772357007898,0.4762702419643262,0.47418449223392956,0.476570379864577,0.4758216832000378,0.47502488333982623,0.47010600596389324,0.47434209910069197,0.4701974810833115,0.4718815640048917,0.4667567710880673,0.466298023970979,0.4665764793127949,0.4654653870975809,0.4668044634107827,0.4629637897594607,0.46489049110509995,0.46315895447735317,0.4604009588821118,0.4612704471370758,0.45814816017251186,0.4629293222412189,0.4520359834339599,0.4578498023611974,0.4521218533341992,0.45436360259522146,0.4538416503220703,0.45629235136785495,0.45127998563533483,0.4548851719775582,0.44988320974425544,0.45549380592763117,0.45330563732671053,0.45714243720871905,0.4608118561527616,0.4707643691796819,0.47972826430347754,0.49066389354415146,0.5024963483841159,0.520707520094046,0.5387798055189579,0.5550139267103221,0.578991350714615,0.5892962233564422,0.5977326713553843,0.6037696812930486,0.5957240963178766,0.5848037570151163,0.5708184659859261,0.5503105313348741,0.5328577413019479,0.5109887251056604,0.49165044200286445,0.4747203976683848,0.46173806977744936,0.451030746869294,0.44137521992765144,0.43547500716221094,0.4315546676597236,0.4281654295505675,0.4262992085386606,0.4231784343586245,0.4252025179353079,0.4222661969010933,0.42006704353029,0.420831969210022,0.41909700696740365,0.4148973764942081,0.4181740809462005,0.41458383996476794,0.41762390179964975,0.4144043648300139,0.41558106835847813,0.41189364703974296,0.4124271325804912,0.4138409625579825,0.4100156478301062,0.40850525331865317,0.4101301757114665,0.40922462475483273,0.4059890104027141,0.40224879374521216,0.404132876949697,0.40584084906724366,0.40206926876432675,0.40273066858847406,0.4005707815059126,0.3971546241761358,0.3988012032664673,0.400631636781394,0.3936780749000186,0.39805612168510707,0.3943128556663798,0.39703508552013805,0.3963800470153715,0.39374072331788296,0.39287850246788114,0.39073837044803905,0.3887933235838641,0.39401454288711274,0.3880235973150528,0.3920292676271893,0.38632737393573907,0.38828285154064957,0.3842244290168683,0.38699947725119,0.3851449577130712,0.3857801040555033,0.3896216085227572,0.39177709159748914,0.397720877833465,0.4148997213961013,0.4300487515041999,0.4590649157620444,0.49174437278865396,0.5246158720866666,0.5632048869880014,0.5922168019882068,0.6102477071633645,0.6211142703305537,0.6076225005988556,0.5870326621900379,0.5552267944086202,0.5196429642161291,0.4833613174861521,0.4497359497391363,0.42065294899407574,0.3989478859697982,0.3813229344892233,0.3727512250055406,0.37286542978725523,0.36192996326601395,0.3616905362437381,0.3639716991230113,0.3609156835147759,0.3613511887208714,0.359661072775447,0.3606282967357648,0.3574064652774519,0.35727353730635564,0.3536306963322451,0.35538487504443605,0.3525531140791136,0.3515723491800729,0.3534012121399278,0.3525482183389995,0.353255062885062,0.35225791203843604,0.3499792231074037,0.3438369087073176,0.3500663692244136,0.34738015134619205,0.343145714120292,0.34526852826362014,0.3408697605856408,0.3433165895323464,0.33858795782349294,0.33876811921209754,0.34104401303527304,0.34122927744922776,0.3397549696763189,0.339803647902488,0.33983248482693235,0.35130524782370265,0.36589224100947815,0.3831429701037898,0.406806216055201,0.4294065663691448,0.44605946476955005,0.45260861006997494,0.44442390227956835,0.42919720888960533,0.3972377769566635,0.3757504720984404,0.35441682960219656,0.3417599966551564,0.33208140665949526,0.3297516852884058,0.3274041082021702,0.3202014794389047,0.32055571153242324,0.31997413572768396,0.31708825551181125,0.3190658927057273,0.3164614909102419,0.31393806807017843,0.31464733974949743,0.31234432315562155,0.3155461714522575,0.3164092032114762,0.312228930543818,0.31109505244892777,0.3103105755656736,0.31150338120912247,0.310593518277779,92.07736215361079
0.5283925975600386,0.5284477361587058,0.5319630903790014,0.5321797354027014,0.5285482871713081,0.5288339569910814,0.52665016619923,0.5305223520923953,0.5292251155018867,0.5314941601800738,0.5255725226054321,0.5262905964144093,0.5272269475101927,0.5277744781934711,0.5257676072965685,0.5241704638474911,0.5273966445549418,0.5267935437352965,0.5232361684803832,0.5274970464954566,0.5268440042939189,0.5244896514143114,0.5240977224399009,0.524764158909477,0.5216502876578506,0.5231517617829112,0.5185058370385688,0.5242846094240676,0.519134899153574,0.5250022544597002,0.5210968574345254,0.5211446140838507,0.5202189361601196,0.5209822202498892,0.5247932673630858,0.5179077390965845,0.527212658898437,0.5284002878208834,0.5302330446356681,0.5379409148411931,0.5541002620809906,0.5633184744040125,0.5815068130523813,0.608730489004536,0.6331141892118687,0.65850732787389,0.6887248104901804,0.7116745191580773,0.7363481582873973,0.7494395195619552,0.7527648907857084,0.7474749866599886,0.7365386655508578,0.7120300578959907,0.6836673599096713,0.6584565613790546,0.6332184989900839,0.600470549270433,0.5785696837824689,0.5609563623876699,0.5449885353814173,0.5319106884246769,0.528109446507269,0.5250178520714254,0.5171394077183049,0.5125985234094645,0.5098164741072501,0.5124673273500284,0.5135101229540593,0.5117811347411275,0.5104500280463296,0.5089494965102581,0.5076410702493016,0.511203599607277,0.5110754330974092,0.505872411883338,0.5118604312921462,0.5095461322517405,0.5109145493534332,0.5051485231761237,0.5048185657232585,0.50696971633756,0.5079906665044357,0.5102952625304792,0.5078321421044304,0.5056520651597654,0.5038021327466083,0.5080323157590196,0.5033603472144874,0.5082641386281231,0.5041558756719968,0.5076232525690862,0.5055173944566153,0.5036029843502821,0.502555626038341,0.5026300464810916,0.503885939079908,0.5029010621772885,0.501276570012766,0.50185037438872,0.502056238941037,0.49735907814832375,0.5022503980655549,0.49909233323843133,0.4984635059145237,0.4971160648164459,0.4966301187393898,0.4972525731248867,0.4983391749182376,0.5035750311303089,0.4987950567515096,0.5009444388919073,0.5032365157030564,0.5065459674590882,0.5133205883785079,0.5233953018480899,0.5481225353677319,0.5771621176330212,0.6082159487773718,0.6563315579124397,0.7101035620027528,0.7608803867082055,0.8086670913953989,0.8365783030546584,0.852958791780523,0.8398508315534443,0.8069500821603225,0.7631680955405217,0.7106145311573633,0.6544261546445233,0.606558153108246,0.5697482188086829,0.5424230477624532,0.5209779923201643,0.5046703513884324,0.4984619441568947,0.49550625006628046,0.49309113723943043,0.49588031713087594,0.4884198405497396,0.4917265858017376,0.4933347717376206,0.49458876752110936,0.488944809864723,0.49045076773208474,0.4903239214132568,0.4892925372153641,0.48842125475624015,0.4892083213874497,0.48298931767105246,0.48913539134645273,0.4877410514349147,0.486761189249965,0.4910173068845482,0.48529115794245653,0.4855523177595182,0.490059022142023,0.4841292525048475,0.48441068687522604,0.48493485106305834,0.48663045466762844,0.4850935204271991,0.4818546177245399,0.4832464687374752,0.48328407416498803,0.4853420378293137,0.4891511434531331,0.49542207987251696,0.5030544635348706,0.5286049287179561,0.5552916085587942,0.5918142457989646,0.623978127661544,0.6506786161585012,0.6586784642580212,0.6506033086607207,0.6230040060895693,0.5871540119267472,0.5570708879288365,0.5254295555138214,0.504363297316689,0.48807726786466255,0.48120193614323,0.48099589303161255,0.4791386944798035,0.4768663166918529,0.477940476681494,0.4805086990372906,0.47842820732646635,0.4744701884696964,0.4762460902713804,0.4745765195426942,0.47512847999993013,0.4747940896067805,0.474383472920323,0.4725459367587935,0.4745183415886707,0.47336987913031436,0.46834964047661887,0.47803192535826744,94.61659585400557
0.4961332849400644,0.49639808510070643,0.49405555759580905,0.4950208723315897,0.49474602799160333,0.4925149050258592,0.49550197250109523,0.49332007311854614,0.49355106232458557,0.49208587123424996,0.49564656561583054,0.4921230531859746,0.4894453120533907,0.4915542720927552,0.48612816812793797,0.4891336181295181,0.48902377783537554,0.48813853846628075,0.48669997901533185,0.48483403029534317,0.48477092466901206,0.48604481470848643,0.48310468614294055,0.48836315868382,0.4790322351445003,0.4831586486297531,0.4835185256854853,0.4838065806169383,0.4804580014592023,0.484065726315406,0.47853629688382054,0.47975829280443805,0.48177596573274517,0.4824022875710503,0.4775553339165213,0.4861229111669281,0.4801934304792838,0.4815631433853311,0.488894320686778,0.49293326330635373,0.5009762848148918,0.5145767261969048,0.5250981251526903,0.5427820841883438,0.5657257632791355,0.5913999392090313,0.610429046196677,0.6350274857288944,0.6504677114162966,0.6590038027809321,0.6623829806816135,0.6579839949379968,0.6463492759034085,0.6280429267930183,0.6069650982212715,0.5820146117971685,0.5563930000871165,0.5412690491391778,0.520323867615483,0.5042365742774211,0.492586080446145,0.4807759273404332,0.4736717177890123,0.47038716954162585,0.4704737204337871,0.46322654466979857,0.4588224742124,0.46197445595060593,0.4644972974234812,0.4580849681778148,0.4586049772847167,0.4609478950057478,0.46503540905768553,0.45666313877327286,0.4560737808494333,0.4590349030036658,0.460257440560366,0.4560907664811108,0.45358715602483474,0.4571884623230927,0.4570416797690941,0.45886034481951365,0.4561079678151239,0.4559412452043797,0.4532518623530131,0.45815020095012604,0.45196194787932337,0.4510254272948897,0.45535934101258296,0.4482828762557348,0.4470275736824835,0.4504525439387577,0.449700996681035,0.4487397334025302,0.45067440851804624,0.446361176278177,0.4477969625374708,0.44643945604893776,0.4448682707468419,0.4460180679676068,0.44733798279312653,0.4493649816269103,0.4457737812637625,0.439084531643131,0.4435217307901654,0.44319119540485824,0.4444628987134959,0.44247388630416973,0.4441632019724787,0.4420882008778045,0.44428625763773216,0.4406110115975859,0.4429903902613649,0.4471872186117853,0.44992602084649796,0.4591671316871077,0.4749276881751281,0.4973196135631694,0.5303458326433,0.5632030905025491,0.6057694330240158,0.6545044884518373,0.6853214160023421,0.7114635530917296,0.7163735373568823,0.7102338512010103,0.6832977546610192,0.6445990542989393,0.6074835310559642,0.5641482343961689,0.5229784748763961,0.4936914377950237,0.4718496119583222,0.4530940226419983,0.4418505612265628,0.434734706970476,0.4317856493690397,0.42752769523929873,0.4263644996250548,0.42693783153768605,0.4244225628142884,0.42406801404638195,0.42426828099243047,0.426052311169109,0.42097426897484547,0.4242482234483063,0.4238042801965792,0.42328329275369647,0.41958920105121666,0.4173083668056515,0.421304169869071,0.42005088597630347,0.4211756012853306,0.41725681399533693,0.4196691640696234,0.41974879142624283,0.4169403892963386,0.41745592042497454,0.41687711394476956,0.41396171920565344,0.41616002672172403,0.41784316039007324,0.4141696123592339,0.41081854645719273,0.4122375697859095,0.41057972482491667,0.41870585046473824,0.42245766674777785,0.42936922934117216,0.44332755071990354,0.4671144813349322,0.49493394394221146,0.5236855171035466,0.5438712300220392,0.5536196300203906,0.5413162808962922,0.5184144847488903,0.49084277875145865,0.46466333864670745,0.4396167108101789,0.4236804264497566,0.4128959439268034,0.40996243932242293,0.40380336583284754,0.4026781314542999,0.40397783553331745,0.40078019198063414,0.40221161904578073,0.40150991390583957,0.400619379122322,0.3975576566810412,0.401776957560267,0.40324980330042437,0.3983171297231831,0.3956978030911116,0.3973397578638652,0.3987523123634369,0.3950332563685809,0.3954968729897758,0.3959270192688577,93.25777170431462
0.38459495674319677,0.38447095359300965,0.38316372962908557,0.38428331057126996,0.38582276413108324,0.38566639316040335,0.381793637008659,0.3858779052387773,0.3842661248876613,0.3846991635262178,0.3848577225446523,0.38456875581752265,0.3874105700218412,0.3850176323406013,0.38310388923689837,0.3847138350178832,0.3860161974104115,0.3882751508324911,0.38718082406386617,0.384431478054947,0.39126084396436206,0.38697793529806623,0.38915710183559593,0.3864608708772782,0.3879891185184873,0.3887597577801772,0.3896764445419722,0.38951600406725834,0.38931147689574824,0.3871129747161424,0.3867975496689804,0.38884858447565895,0.3903783546409811,0.3885557418649817,0.39190439390162085,0.39393044359369894,0.3912102882988093,0.39455274495217074,0.40080801697881013,0.4088450171469452,0.417223990220578,0.434460518162418,0.4498304877144922,0.4699370309119219,0.49087953689057934,0.5167886527310369,0.5456171480531571,0.5641890356627736,0.5893473327299756,0.5993213485102549,0.6104991428986907,0.6045693151651517,0.5875908127020323,0.5691890323047802,0.548309598440277,0.5244057619083274,0.4923702566129636,0.4684961711391702,0.4502648960997055,0.4357640261553103,0.422425136078326,0.41384342583465317,0.40247928961892865,0.3957000426777839,0.39918052903643864,0.3941062145305942,0.3907902976801328,0.39466036066209154,0.39578332624129403,0.39393995802424564,0.39334187427892503,0.39405677947755613,0.3937740995990379,0.3919691819257786,0.3933905289225598,0.39601904220416484,0.39577724519974605,0.39562773390920286,0.3934591644136476,0.39524434583451523,0.39141112798571476,0.3962801223527279,0.39893879698703155,0.3932907303421686,0.3952250524374307,0.39721303455943846,0.3992184194996351,0.3959741982297348,0.39564406003605046,0.39324862764216206,0.3975512634180601,0.40158645247218966,0.39821493054829443,0.3977735688984824,0.3986202047110098,0.39811176931507564,0.3966658378169956,0.4000963396588169,0.39905921627912533,0.3988008338077159,0.3969727922951221,0.40168846971573846,0.4005688376851258,0.3982917481194757,0.40156001270363684,0.3987219716578879,0.3983197918607815,0.3985477195190939,0.39675186104911525,0.4015701860873689,0.39753921657083785,0.3998285628173515,0.40021637834827556,0.40808648343198434,0.41487053206073143,0.42605631031743124,0.44260157388155996,0.4683554639121981,0.5064139042947278,0.5470902929286231,0.5964874897740337,0.6416235811430542,0.6846977714602941,0.7148104346469452,0.723363417311551,0.7116948774008,0.6854816968453035,0.6438602275610019,0.5971338393600303,0.5491193070123425,0.5070514529453831,0.47333490337965883,0.4452266235910962,0.4275203832741029,0.4155523525228115,0.40853217172267736,0.4057229065610301,0.4067101195374497,0.403837501805409,0.40639172722879274,0.4054166490915145,0.4014991672308162,0.4068786263828047,0.40733941345931934,0.40388516694500065,0.4068703286433176,0.4044746179478784,0.4065408032985227,0.40397436269384557,0.40307505602177635,0.40605354694159457,0.40672963648777594,0.40633964819237867,0.4049248596928616,0.4066510359484895,0.408147337085981,0.4076768768743749,0.40828959280024696,0.40674236292569166,0.41058443131980543,0.4060489481988799,0.4095447091469131,0.4111315084882622,0.4100261724947386,0.409242455445356,0.4099058235470468,0.4159809876400347,0.41715715409407356,0.4293396698043077,0.4488556456654314,0.4781233472219604,0.5077813887596389,0.5362660320381939,0.5609370234640197,0.5691192767217264,0.5604538873552424,0.5407915556021677,0.5052258466237896,0.48012890727808466,0.45288635290138346,0.43535660045579366,0.42128801017498546,0.41613554261914293,0.4109385521956022,0.4117564437345508,0.4135257571186457,0.4151497700049435,0.4104610189630931,0.4120918535068972,0.41267579402370613,0.41034423836093303,0.41447633912620263,0.41200355863968846,0.4132186697119142,0.4128634646271305,0.4123465995599527,0.4140690998295688,0.4138098838755458,0.4136553005005589,0.4131000062542136,92.38258625727556
0.6156077331045406,0.6122117079802564,0.615376459969368,0.6131570303471907,0.6155476217698634,0.6168292485495444,0.6106040332351732,0.6102300991606899,0.6101394491653084,0.6113670444042704,0.6123712863395848,0.6079574359250195,0.6095692479210809,0.6080786113033598,0.6091303905838602,0.6104567942643718,0.6065009289133486,0.6031855566096403,0.6075568020086495,0.6039472954663644,0.6048701834369399,0.6062741911164072,0.6048386503196092,0.6035841997620058,0.6021797884656774,0.5970760286115073,0.6038176162912313,0.6014624036920506,0.6045473711916816,0.601880411498254,0.599589752238168,0.602442226761449,0.6023421898063283,0.5995095533681513,0.6025544879166191,0.5998018394973404,0.6028195087963064,0.6065122289644115,0.6116529841729388,0.6185450743498625,0.6270451548225103,0.644086713442453,0.6599533956614041,0.6813782162956118,0.7070379786294282,0.7396086373105405,0.7617892398946984,0.7909437881270421,0.8061967326196339,0.8223492864666185,0.826146537875593,0.8237033423253484,0.8053336881997689,0.7837614282058782,0.7593898379518921,0.7344953291331983,0.7009028155407229,0.6709513286817351,0.6530210898977709,0.6355850809018254,0.6165569872126162,0.6089594378830223,0.5970605549079966,0.5932126639801275,0.5912293597400256,0.5848487196460246,0.5859288326793025,0.5868635848396813,0.5845612330025012,0.5815280812686078,0.5854576994771897,0.5832368132401196,0.5777228884024918,0.5827072930767668,0.5793761379011063,0.5804542680029903,0.5816202976242544,0.5780485813582821,0.5754002390883891,0.5812461965198273,0.580107971536049,0.5771479965494128,0.5785730572195026,0.5756711471299157,0.5761475673822176,0.57520875762219,0.5743831518273974,0.575303351652002,0.5717120953390185,0.5731689978194388,0.5738448249206384,0.5764357738863057,0.5699682105344736,0.572888091575304,0.5726509895075903,0.5671809609892219,0.5712991689808047,0.5717823816414697,0.5707428235270967,0.5689413710748522,0.5693194163435021,0.5685363500411823,0.5643615240251234,0.5676710544218526,0.5660949246187834,0.5649662457512418,0.5708991778118235,0.5680061071556054,0.5628200287953932,0.5655498971781014,0.5677741339368614,0.5624271610359248,0.5672320454046532,0.570972916511432,0.575143286242726,0.5905031322798466,0.611104619534666,0.6398486075787506,0.6739352143122778,0.7257443665944824,0.7683805075312673,0.8248278767549211,0.8656585049647431,0.89866264614816,0.9077852204738908,0.8985834487753732,0.8664041581552502,0.8197257139475168,0.7673255111006366,0.7200430604662409,0.66984546792901,0.627040145908817,0.6026730061392706,0.5811413952507395,0.5685756040761776,0.5623260902516417,0.5584934893423756,0.5518383027507724,0.5520223819293849,0.5500755976208814,0.5517127051089852,0.5495222875491346,0.5495611746737205,0.5484961833703099,0.5483650861881264,0.5515293885621444,0.5524450567986595,0.5479613435909654,0.5465509084570456,0.5431032767984662,0.5443174194937852,0.5451284901264604,0.5434955422150057,0.543249573622215,0.5471638606248389,0.5436143701018278,0.5433369212833618,0.5412958386901553,0.5445431139622624,0.5413071111194339,0.5402368700761706,0.5376722110684341,0.5402994247852589,0.5390136780489527,0.5434980208313571,0.5446319855943871,0.5410820599834185,0.5473764949634755,0.5608322792507385,0.5793137681224801,0.6093235615719189,0.6420875351797488,0.6769411831857681,0.7034517169118529,0.7083223420999819,0.7024973653029398,0.6730976396548691,0.6442999868244952,0.6084803323107479,0.5761567481886257,0.553982229568487,0.5409229604058698,0.5379991818925075,0.5326700995821554,0.5328567250050864,0.5344877948747838,0.5279298186084405,0.5265098050780739,0.5288874997275004,0.5303329824397044,0.5257057117639662,0.5271994901085904,0.529414018432562,0.5229518795964306,0.5262319773879088,0.5242248417373514,0.5250970675975535,0.5258120294911528,0.5243777844204465,0.5214594290951574,95.9832989817791
0.5771172776468212,0.5740095789762224,0.5752737030426653,0.5736227378878211,0.5704526803995839,0.5722818435161263,0.5689517078272182,0.5689596402518994,0.5698943570638239,0.5694004886435701,0.565717834814228,0.5694945709343291,0.5678209115961843,0.5645577418161528,0.5621823287429868,0.564257988829135,0.5629462102222207,0.5633546782684011,0.5616924638848877,0.5576940838460985,0.5602226057139923,0.5596783686144257,0.5608472518620123,0.5574738988481795,0.5615181415532154,0.5536283380939584,0.5593656265776331,0.5555883813103883,0.5570546996403484,0.5548042938774963,0.5562556442562985,0.5525798219808092,0.5506250953724228,0.5552977569539683,0.5521590703367841,0.5532554152099995,0.5565045829813773,0.5544054462660555,0.5618387312495835,0.5660142455024721,0.5764917011495035,0.5900366679247839,0.603917261643559,0.6261777790169405,0.6543906932863744,0.6792591217991919,0.703124237102847,0.7271754273436554,0.7448320279166158,0.7600567422265552,0.7606153575399717,0.7563878589343093,0.7448737718064538,0.720876235342359,0.7006894918070568,0.6673288130782375,0.6464314275346161,0.6170542970006603,0.5950771022319256,0.5733374833079131,0.561652443377441,0.5495010141998887,0.542399648305243,0.5377425256554919,0.5360790525141992,0.5319364943926586,0.5302909736575971,0.526135897619122,0.5255116153561002,0.5299833825542852,0.5241181170175292,0.5281496926114421,0.5236225919909886,0.523395378912661,0.5248184049858575,0.5245103864176495,0.5210347487595629,0.5197699930591497,0.5197248691793512,0.5198029014520984,0.5201998858185464,0.5177160354349295,0.5182356472477382,0.5195648935584705,0.5163410929092465,0.5154920790292218,0.5111212513107597,0.5081879123339116,0.5135164237133794,0.5118403234398776,0.5102907062001694,0.5110976316059399,0.5097800633867469,0.5114467309940045,0.5086536918769974,0.5062779232189869,0.5090424019209367,0.5059181069754902,0.5066957423200371,0.503978148059129,0.5029236193104726,0.5036819260949009,0.5028296142235834,0.5030541645710698,0.5008484122153533,0.4970062317716408,0.49911281828679666,0.5008827093850345,0.4980622737804693,0.4976365945017277,0.49982518070822907,0.4966809977075967,0.4963090183537293,0.5022426954565459,0.5079044928549606,0.518055977125982,0.5374434315089837,0.5649331183150615,0.5992022583553445,0.6433360488032931,0.6950010043931613,0.7392116144179551,0.7821216991861378,0.8086300120396597,0.8174594057001673,0.8070592227531627,0.777768683364086,0.7363581216215856,0.6903947377500936,0.634192996261071,0.5898711806380915,0.5538880560603284,0.5272305804793239,0.5077409650456617,0.49724702529675846,0.48209776580107083,0.4775879565915087,0.4786609786549196,0.48017541820347037,0.4737070546706518,0.4699313499818145,0.4763076192805723,0.47491646781390623,0.47152992113325054,0.4710266104233392,0.4703476082590154,0.4717982120645329,0.46961474287039295,0.47114578400278834,0.4637386985242162,0.4670245468960898,0.4657764421723802,0.46680616835055333,0.4655330538350193,0.4674951365915572,0.4614710754223933,0.46457103377017994,0.46488703845289975,0.466774052973932,0.46138803384315014,0.46229326203274224,0.4573377049646901,0.4554936141327726,0.461401512258684,0.4594329935271299,0.46229365099419556,0.4593775645965688,0.4686228246095478,0.48216434275853953,0.4974810421947105,0.5233341667138521,0.5545241191743454,0.5828901407157551,0.612137428600955,0.6164645594525622,0.6090158485374406,0.5800670336071452,0.5478898855691025,0.5199735756816761,0.4888500228757823,0.4728168538003794,0.4574907540783561,0.4470853691897159,0.4489461544703259,0.4440703224303189,0.4454959333806992,0.44329513981816376,0.4394069849307545,0.4421013244867441,0.4454530014967488,0.44133631974008347,0.4395255181178518,0.44108152493395536,0.4386424725037574,0.43793050339489686,0.4346184842043498,0.4365597302443655,0.43745322067287046,0.4330005091833802,0.43681192477764236,94.59654073436998
0.5745806126508044,0.5780353207424164,0.5798142157305501,0.5824052626805882,0.5805485003234453,0.5802932012717162,0.5797471724126249,0.5830659081005105,0.5888969536614891,0.5862739710456037,0.5883474227195777,0.5854046623486031,0.584794378212821,0.5862356297240725,0.5892200293537007,0.58616254080702,0.5888741245916176,0.5904510910145001,0.5897184688486852,0.5888494608843908,0.5944126430312825,0.5946615911910733,0.5968644326010398,0.5938220802788899,0.5982994311964931,0.6005750998963704,0.5987784662231551,0.5977732640258722,0.600026015584123,0.5991710530571401,0.5996059902497279,0.6034239307434853,0.6026500691877384,0.606335152825193,0.6042599460713601,0.6060581888652237,0.6078057409290873,0.6098129902492647,0.61811604001617,0.6270835075172831,0.6304535968331366,0.6410664294838349,0.655088159541371,0.6722390879709353,0.6962894283472645,0.7123398279010175,0.7333663955328463,0.7510591714326746,0.7695687726199807,0.779138873858637,0.7810501444684678,0.778960687626415,0.7749933694895498,0.7580243369638505,0.7406323552779684,0.7213531657811499,0.7046171947798779,0.6818192225682795,0.6675701261733292,0.655346615500869,0.6425058380408106,0.6370829533741253,0.636256705930844,0.6327229640147568,0.6314350904033239,0.6276575651531826,0.6277816229794034,0.6253900657761229,0.6313062879979636,0.6322379774261411,0.6328826760603989,0.6346281009430401,0.6329863759105508,0.6359862185644375,0.6332054196550564,0.6308078167301884,0.6367993948557934,0.6322065271544045,0.6368911644319055,0.6391978972108041,0.6386722683702968,0.6433167420416807,0.6355649042921055,0.6400675476990706,0.6410046868507544,0.6390180771955377,0.6401353241626035,0.6414890394407436,0.6417165089931872,0.6444363211999764,0.6441828876190476,0.6467611411065982,0.6481606921898715,0.6487618960959786,0.6475145926053578,0.6496403032745275,0.6518781167717891,0.6514354950473648,0.6549988283287069,0.6539817384914194,0.6561907045793631,0.6485057238844814,0.6544203204750838,0.6543158022107975,0.6554508905655418,0.6548296679327192,0.6579753870784767,0.6543227562489258,0.6595370483217502,0.6580609498725447,0.6596674493882819,0.6630095474313845,0.6645389268272612,0.6701597991141924,0.6721582743298499,0.6836169897624965,0.7002974133144125,0.7202997769875829,0.7483804674833096,0.7839227873954385,0.8189677144113573,0.8565225214305251,0.8916984738149896,0.9127632763813336,0.9237684018470992,0.9152747000656979,0.8922459912567687,0.8628519927527283,0.8238668553330998,0.7909656278059466,0.7535730573919605,0.7323326049152572,0.7109457308076563,0.6967064036706944,0.6903540880245308,0.6852777627989376,0.68471830080019,0.6839238472644175,0.681994996190425,0.6799560385085044,0.681215378004909,0.6828374105900432,0.6858606807525166,0.6835140767743827,0.6844152457475523,0.6895936590715912,0.6864246756485144,0.686100264636387,0.6896595146055452,0.6887304579047698,0.6868000344038695,0.6923975676794732,0.68955816776544,0.6918759245205036,0.6923889820395587,0.6937219697497435,0.6896161278440013,0.6940645954034491,0.6977210456291045,0.698739153744019,0.6949640642575563,0.6995325069543793,0.6969365723993591,0.6985558989675531,0.6997317152603043,0.7022391446344376,0.7069523882794252,0.7108810369362776,0.7195750284678661,0.7368129010205455,0.7543179509865531,0.7810395301349871,0.8083041027591091,0.8263398501556198,0.8318697616873929,0.8237283380369502,0.8098802843601678,0.7824556561324534,0.7613903263900866,0.744601244543503,0.7298588923097903,0.7166156567749797,0.717134669080421,0.7146403219288308,0.712558387572893,0.716178158297165,0.7151521222679742,0.7158694222871342,0.7178169289912599,0.7170517012141144,0.7192310645864002,0.7185893798296932,0.7194356021539006,0.7232348898655023,0.724174880301983,0.7193047354288253,0.7249526965272488,0.7269922397676218,0.7280463183122128,0.7267088310482305,97.4006041242416
0.40790122185521877,0.4066349674596582,0.41053450233060085,0.4095562497428644,0.40882232155968723,0.40926872034489126,0.4090268929211615,0.41083470024857205,0.41074358227111873,0.4091285963787858,0.40961830599185295,0.408841369924207,0.4067774499279563,0.40909946331468533,0.4046838884006697,0.4094672062193158,0.40485692182239014,0.4077041189030432,0.4053287491837915,0.40801238032875353,0.4067242987805638,0.4034891892368386,0.4074066675477784,0.4052960377780308,0.4081009053056724,0.40622831778608964,0.4069043804767074,0.40408826028080475,0.40471921884741935,0.4048853907318584,0.4074427918569673,0.4090555096791912,0.4041486011511398,0.4081319638429814,0.40214339441292474,0.4050794661691137,0.40730566290335685,0.40944517039629824,0.413596647387953,0.4244933589292348,0.43305915187984595,0.4475223689933011,0.465182188755993,0.48503741115564863,0.5095587136998599,0.5336254576991406,0.5568776218160683,0.5846077279764516,0.600001115061606,0.6114113634027832,0.6170511144048719,0.6112300233069548,0.5998906568536687,0.5824994748936558,0.5590406486521307,0.5308343078649722,0.5059063114730997,0.48506646719552166,0.46297875678113515,0.44887149058394493,0.43357843507518135,0.4234599278397153,0.4112651568094925,0.41072806736656214,0.40594025424569186,0.4029622185428167,0.4031882062532758,0.4040112060919632,0.4026762124509479,0.39963250166044967,0.4026760876284607,0.39976236496994155,0.4013392107434752,0.4001777483963932,0.40022994548821206,0.4020853809896935,0.3983585422006451,0.404215676401721,0.396569592213863,0.39890295099860573,0.400725247369493,0.40103999419790487,0.39955695830716964,0.39952967271635953,0.400352098810726,0.39895540424319687,0.4020904502828859,0.40086933056718976,0.4008228256131439,0.3970314080369634,0.3986914892075023,0.3981358787314904,0.3966121524501758,0.3992302281420911,0.3973211528314265,0.39959379658034866,0.39602915037359193,0.4014941593313322,0.3961499575349039,0.39826777294166377,0.39929943529253076,0.3964609967326427,0.3991938248785627,0.39491731052163564,0.4001673218302521,0.39718078040552496,0.3958550184725827,0.39636155929496025,0.39853359969829505,0.3958094350793502,0.3957846873734127,0.3976573979960136,0.39756661804202437,0.40719944251646745,0.40909951938522815,0.4232179200814822,0.4397657398866956,0.46324501062334006,0.49988403973136,0.5441052555660418,0.5897832235395433,0.6400437953777134,0.6805686745073842,0.7080947831814155,0.7151011684882838,0.7038703577217755,0.6768446468015742,0.6373693188030638,0.5903436762177392,0.5370595529240978,0.49851825761799984,0.46394188119162794,0.4369764243686862,0.42209503649431,0.40880676016855594,0.4036827191143819,0.3967656909697398,0.3970255850643105,0.3973767835746686,0.39619806974019134,0.39110090429648675,0.3925950861538047,0.3922731164919348,0.3938196847052997,0.39409757644670934,0.3909327644192179,0.3926325258148033,0.38834347326924284,0.3951537461691103,0.3911316484169012,0.3921546685080103,0.391310185599171,0.3941080847164551,0.3860275612534789,0.39155589805537705,0.39126402607459837,0.3904549375186631,0.394701222600407,0.3893607449526716,0.39256603210099983,0.3916238876229116,0.3933313959356712,0.38940094351340465,0.38929531826224745,0.39326723797149343,0.39297489942626707,0.3917229373974185,0.39958592731886267,0.4124966954158406,0.43158729883648456,0.45440458719544696,0.48118843594628835,0.5191228109669541,0.5388324207420602,0.5457991828138541,0.5353814994172196,0.5192505046063548,0.48659345026245115,0.45440409232136697,0.43155526484551526,0.41163711434562866,0.40230876144991073,0.3902120543083553,0.39001295786885587,0.38557256285903924,0.3878064719944203,0.38751515971830225,0.3891117435932419,0.38782575784113854,0.38886559120168324,0.38891171046049544,0.3917011423329757,0.38664722159758413,0.3852823119477855,0.3875430688752591,0.3853328861307894,0.3897879122912232,0.3861440992487701,0.38546592716350675,0.38554099302957046,92.37834705356885
0.640674729699409,0.6411147485389813,0.641464551701519,0.6351367940981281,0.6379454747510716,0.6423642093876535,0.6386358197955921,0.64092285559263,0.6380348518727522,0.6420480372387269,0.6424813079976032,0.6421165223891662,0.6427517499727718,0.643848370409256,0.638406355628257,0.6392110938037147,0.642617458590938,0.6431167448145974,0.6395415533135898,0.6394364014813348,0.6396536824696195,0.6377818599021277,0.6384831815294284,0.638565412166739,0.6405059033475015,0.6416701658105282,0.6420305663029936,0.6401834118008826,0.64027363825542,0.6415392759800153,0.6383699938780144,0.6433911358447548,0.6442313509759456,0.6407426823029618,0.6417867307161296,0.6460922924491901,0.6450744849373075,0.6492658305367235,0.6521906147384295,0.6618334592771252,0.6686698735212211,0.680862828702303,0.6963612719607298,0.712878211286917,0.7345490501134276,0.7601060841194663,0.7818816768191735,0.8003141068270138,0.8233604303396318,0.8325930224430799,0.8345579507783994,0.8301577442872857,0.8201473082902422,0.803907971668152,0.777834319858566,0.7631316299713176,0.7343029650233384,0.7144597002903944,0.6958413329880203,0.6843720254774416,0.668192142006704,0.6626444020552711,0.6540030909737524,0.6470478479716073,0.6465401486490918,0.6443866636920687,0.6415013427434174,0.6438630373380811,0.6429264016808155,0.6438745814971043,0.6431060793995084,0.6414149655860829,0.6442713664053608,0.641512693222125,0.6365931006117406,0.6430824872347668,0.6417505089430428,0.6436566821103905,0.6469240385528537,0.6470156879461094,0.6426638898770346,0.6413750370838917,0.644231367141367,0.6423554829863872,0.6439134209366216,0.6418420801255609,0.6436991202499177,0.6416077208836672,0.6456341097913247,0.6421195813489132,0.644655675573079,0.6408378697064363,0.6449636857572316,0.6415025036766963,0.6439915592005316,0.6455495413054159,0.6431371073383045,0.6415126731153922,0.6445985658787041,0.6419569125955256,0.6428643214130186,0.6442376864070002,0.6464621057812145,0.6438280150591701,0.6438553344259732,0.6453211432828748,0.6439887238841271,0.6452159444121117,0.6461982136193883,0.6435779514213439,0.6380937843036945,0.6438788781879746,0.6497052098605127,0.6506284623330489,0.6561568436094763,0.6694889779810097,0.6830924972050103,0.7025133168778088,0.7350196155011459,0.7773587468890228,0.8193594148185231,0.8652621139833448,0.8977825026621974,0.9237099440002003,0.9314780802919372,0.923355624711247,0.8956009673120985,0.8617850343247853,0.8196609291437724,0.7765881268744572,0.7427365314050277,0.7108404252404605,0.6823362884347474,0.6636783424868975,0.6573153788694682,0.6521955551385846,0.6463812882008755,0.6447750591584931,0.6487590611037454,0.6447363357155882,0.6464515275770527,0.6432380208375356,0.6449957149365301,0.6444629240939587,0.6438162237766749,0.6475107275650129,0.6424560856225315,0.6458678282142294,0.6445913903180301,0.6461652129175686,0.6446863437023954,0.6471378167055448,0.6435579591264149,0.6477864044749744,0.6454476265014806,0.6428821608531073,0.6469335325115168,0.6452093490547494,0.6422253872243038,0.6463403749358602,0.6477247206909753,0.6483191168803644,0.6450684323348326,0.6462750851362826,0.6465038035500262,0.6504620247901646,0.6484157450619461,0.6545069325938213,0.6638505632786362,0.6791173927907466,0.7059001118712747,0.7368555591644123,0.7613294840935895,0.7809637458210601,0.7909375605446936,0.7839736429640917,0.7615494618205463,0.7366636357919653,0.7040512838901952,0.6817810922759473,0.6665191849616213,0.6566972518002655,0.6506741187504884,0.6455363875639069,0.6517574290968523,0.6462590521619381,0.6468600816460005,0.6478706456371891,0.6453886641287198,0.6468073047460828,0.645372563279675,0.6475918982455314,0.646242672065795,0.6473660862713192,0.6447695080456806,0.6452386836128959,0.6442001688953921,0.6455433238613749,0.6418512693038079,0.6464180511510268,97.32884301339485
0.3601087643175453,0.3580546767183131,0.3645367067362953,0.36038726393387605,0.3544619932709272,0.35670086058353156,0.35430315826038433,0.3527742572304253,0.35140711867917357,0.3542357423405216,0.3512925946264476,0.35387505328222996,0.35321101180087544,0.3532553222800572,0.3480867661160826,0.3500263170113443,0.34962454037710106,0.34669532179249185,0.34538418058717485,0.349430812740659,0.345950811862691,0.3460518099535192,0.3424197937514654,0.3409094971890427,0.34149342254483595,0.3416688947782146,0.3390740256966173,0.3404705231497454,0.3364061131821632,0.3368474377252848,0.3397582509407442,0.33900275132854474,0.336487083166956,0.334890860699112,0.3348454799078338,0.3366641952549735,0.34007013631516075,0.3433158993578877,0.3450276130820973,0.35083135541646454,0.3640474847349874,0.37609677277619186,0.3951385437280313,0.4213508440080729,0.4462647096089201,0.4728285956180285,0.49783274283792633,0.5261552577186448,0.548130512230884,0.5581764033387446,0.5656449880421504,0.5600812535244746,0.5464688478639207,0.5220472276622532,0.49582373334041324,0.4681814829459995,0.4369138202769007,0.4076744695377549,0.38382270153399684,0.3653337831014522,0.3466115973669858,0.33710083746449165,0.33103087809147,0.3184620998499791,0.3218033553877322,0.3181768643116977,0.31307023418182256,0.3136707396507696,0.3115027931044648,0.31304890425295107,0.31174364023297746,0.306217328902268,0.3094556784388004,0.30714507938849384,0.30700234545518473,0.30466290063011386,0.30889899538628307,0.3067666811912758,0.30249098715172124,0.3005853292179836,0.30176724310414177,0.3026916372313227,0.3015870889950483,0.30289698887259403,0.3012546087436982,0.30089795347214854,0.29889657235529643,0.29474831023021947,0.29641955676569026,0.29821517944532877,0.2952760002460317,0.2956692729779078,0.2933096417477526,0.29117156081877027,0.2922685425255291,0.2924173716784312,0.2897719474978482,0.28989594662220297,0.28777248895957397,0.29117395235686544,0.2876306014219607,0.29040908841626806,0.28984519220487936,0.28590992484187144,0.2833401301531596,0.28047246065081155,0.28099406909370306,0.28050302865481747,0.28536904172843686,0.282324324933587,0.2826231492110753,0.2777259608776124,0.28121346308754375,0.2888554354436538,0.2945161862871591,0.30569898915794624,0.3263965177502423,0.3568268013307344,0.39124191152251814,0.43883726171361265,0.4916591396903768,0.5484944067265278,0.5845464089728064,0.620480903577204,0.629195349176839,0.6188160932751572,0.5845665609439797,0.53931653421975,0.4869691361124946,0.43776480388619593,0.3847086224793705,0.34183572044853827,0.31296405187029547,0.29219940197501093,0.27603227446875744,0.27067011053414425,0.26789216141157,0.2610035382344397,0.2638941973172655,0.2615896095287371,0.2582331122321695,0.25862520770769915,0.2613604478079611,0.2589051052613747,0.25673644043129773,0.25552658791580246,0.25543894469827266,0.2535461725388652,0.24964422852959528,0.25722212522186577,0.25273246459616827,0.25250215507157586,0.2508740911419396,0.24880371917472807,0.24918614998661975,0.2456432558708853,0.2526802669086703,0.24494113240005744,0.24463037020485903,0.24509837898192632,0.24784177174750602,0.24459032916597423,0.24141820936384914,0.24583881555992193,0.2445532118861963,0.24475004374415635,0.24751679222950732,0.2568174915923902,0.2681561283009087,0.2821277222375469,0.3150194325419848,0.34683987743787154,0.38115649487764264,0.4020807552200745,0.41409231957588,0.40240774197785045,0.3789506054254785,0.3439199788846464,0.30189505895497926,0.27629754457135675,0.25743821517139914,0.2416320557927349,0.23608818923846916,0.23148833524143883,0.22945545384815413,0.22703652390905657,0.22427442664958688,0.2237034504497095,0.22663761717898487,0.22453919802917222,0.2235067546859365,0.222219944990017,0.22174137717452003,0.22372962221230247,0.22024935628780964,0.21752176112660146,0.22097524023813941,0.21836222949656534,0.21811882069291286,0.2205552317122254,90.2473018927551
0.557299979133083,0.5583032319430531,0.5572641761700255,0.5546134687097181,0.5560466427657944,0.5590969960521008,0.5602209427358198,0.5580733453618945,0.5595846316375891,0.5563944541778219,0.5594348699689065,0.5597855355221174,0.551936060487389,0.5555724269399129,0.5550287415467853,0.55373411438354,0.5552925939492429,0.5541174539135103,0.5522907469992027,0.5534348762418895,0.5556237190187325,0.553306055103943,0.5539213544492697,0.5518398538482837,0.5530247388717864,0.5494291922973915,0.5505761041148859,0.5511003518896244,0.5484883281070274,0.5491273825067896,0.5511853571070658,0.5506399910577036,0.5519112347467724,0.5491956532251089,0.5509285881322796,0.5504232278888651,0.5549932402719917,0.5590852256921749,0.5626772288703978,0.5713977503173913,0.5801629009487461,0.5963925433725674,0.6138173390370357,0.6345983007442989,0.6635102384027869,0.6893880235840236,0.7243804387682717,0.7448480058372521,0.7675340430404981,0.7795922333843411,0.7816101699670381,0.7752728954471575,0.766647758607537,0.7469735090600278,0.7160441001862904,0.6853296403519569,0.6590837602639122,0.6309440945742529,0.607988925663241,0.5910780382570762,0.5745257919671076,0.5615980451699112,0.5563221609951461,0.5509249400409016,0.5452472117762038,0.5438360210108831,0.5431004943887316,0.5419478701496488,0.5405316023814852,0.5428502514555695,0.5407821288738343,0.5383969732733587,0.538115058858557,0.5376057951360516,0.5397089474216441,0.5369241683357112,0.5370457364543291,0.5397378102902193,0.5377313960259323,0.5394716129973544,0.5383971001235291,0.5341740749945463,0.5360495926081227,0.537960197424675,0.533262387995044,0.5362726025917257,0.5350811488414071,0.5313764851454912,0.5348518220804823,0.5326640082810844,0.5317300815910403,0.5338101073488636,0.529656560960663,0.5318961270959742,0.5380734970282828,0.5339980341532027,0.5306611804028294,0.5349588029748986,0.5298928250092562,0.530495963607664,0.5290320962164218,0.5315684178978637,0.5335200313109213,0.5285114747388071,0.5261160072621901,0.5321484520977611,0.5328104072232568,0.5254676122500254,0.5301817273904266,0.5296377159191049,0.5278036954731425,0.5273558186536537,0.5340143201626838,0.5363057606923826,0.5437647989847177,0.5545132627970478,0.5738808658845823,0.5993229959046829,0.6423714980142876,0.6931909114644235,0.741582706129521,0.7932290757686711,0.8426501534993037,0.873849461360113,0.882197029866699,0.8713646541177151,0.8412123939686157,0.7943214512716287,0.7431750003767035,0.6924521522768348,0.6361265170668422,0.6028626250356068,0.5713182571666832,0.5536091385354711,0.5392334719313385,0.5300516310721768,0.5269854455634041,0.5222436803352483,0.5201703868132285,0.5225996567044855,0.5188190687522632,0.5214415069923408,0.5199161716973537,0.5149123874404686,0.5181457621139681,0.519689678955756,0.5179341677845845,0.513379072646576,0.5208404597053955,0.5182641461138355,0.5185393144946038,0.5164317242555181,0.5181676967408739,0.520500798492602,0.5150874531129009,0.5196180656421788,0.5168076115863395,0.5139980751570443,0.5198882630687666,0.51597375192664,0.5162725480101247,0.5141189790595927,0.5128366216834129,0.5146470478932631,0.5176781030238111,0.5149209965737762,0.5183432447581975,0.5276992589478526,0.5363930357593321,0.5581841723788578,0.587648705638671,0.6202658337332019,0.6558272145743154,0.6822948266437981,0.6895868194950362,0.68205703310231,0.6530193305887931,0.6176678655247176,0.5806514492391278,0.5534211034881888,0.5320799741505658,0.5201550258786436,0.5152437859843291,0.5071649028464459,0.5050946506266132,0.506794961493446,0.5087863161679768,0.5081228750537113,0.5057298095812769,0.5093225131695893,0.5053927688656564,0.5073608372515747,0.5054367811095798,0.5041512395234363,0.5044050991815932,0.5068096743334528,0.5057901646923294,0.5067307605711985,0.5052429682506381,0.5010250980011604,95.22976048041313
0.7166461120508174,0.7204991419459885,0.7183374400830689,0.7207794999865331,0.7163275434578517,0.7167987230037461,0.7178282529036393,0.7195936706361376,0.7182093200065539,0.720865331222287,0.7216567517658069,0.7208578576066208,0.7229520177983265,0.7206018357729465,0.7173921290890437,0.7226084155351407,0.7187270900454549,0.7218139795627482,0.723196351178927,0.7210179994134016,0.717168047930849,0.7183796881615563,0.7229173627380033,0.7199894312323183,0.7205427412541824,0.7219574648370615,0.721889455979734,0.7211132820199355,0.7202015879400835,0.720066561199142,0.7225013927566426,0.7220286165933631,0.7206247887037103,0.7236737649663701,0.7218910440703321,0.7215394479133992,0.7235462567380365,0.726035072939664,0.7319696689632343,0.7416673883986801,0.747030628340422,0.7617242314196847,0.7762941768645362,0.7968120591182545,0.8169024465962264,0.8437571487592618,0.8680541522996256,0.8916428754725996,0.9088276494596725,0.917582453484,0.9262073286045669,0.9205113238040064,0.9090008346468331,0.8908783748467323,0.8678519681234237,0.8451912298453631,0.821542585830003,0.7946192457457133,0.777421873798364,0.7618407058637648,0.7502679598104531,0.7428128417401016,0.732308767243146,0.728445870784204,0.7255998497697642,0.7233119169267312,0.7232384191448976,0.7249463046045486,0.7210383575280639,0.7238952261250383,0.7196113904391864,0.7219103018805436,0.7224125058545678,0.7264694415031303,0.7226227253978638,0.7188243287992864,0.7192842961016876,0.7234056954970676,0.7246208552262413,0.7241999439099169,0.723839905458525,0.725885022266355,0.7225370599734036,0.7254618033341498,0.7204636923949913,0.7219735664802234,0.7202251193475541,0.723345251530048,0.7238581596914819,0.7242346251052513,0.7241859288213919,0.7222627954488217,0.7237931604164506,0.7212344887629182,0.7270115800453808,0.7237336099451339,0.723418829853447,0.7276302227750426,0.7220235892101113,0.7223126488400275,0.722427126033567,0.7245395793610876,0.7255943871936344,0.7262664468657984,0.729987643007726,0.7204032209851067,0.7261836253986399,0.723931760613019,0.7239944007450453,0.7241497507244403,0.7240229096275271,0.7301444050698187,0.7303425014489611,0.732304266807154,0.7414284452682924,0.7465617632165078,0.763898476210992,0.7868064979579676,0.8226942481943916,0.8648672521007188,0.9099066234202547,0.9550388493198854,0.9906934708271709,1.021485592170981,1.0297461316673235,1.021456871238343,0.9899530201134391,0.9556975871843356,0.9077712957431876,0.8643066084904973,0.8258306870098598,0.7921249805624759,0.7657486464313605,0.7506026873663978,0.7367781430294126,0.7357846895280755,0.7295850986318386,0.7304616951546785,0.7263481054501651,0.7260143428490072,0.7254225373040777,0.7286935294457384,0.7255539317195808,0.7283093965618436,0.7263083473705607,0.7231762491126009,0.7260430555712657,0.7248811454578985,0.7273628918824645,0.7249700073381967,0.7292585122097529,0.7272801501182449,0.7271628498127638,0.7288855660700643,0.7295573356868869,0.7276450645716848,0.7261986034849386,0.7242488186811536,0.7264804832271545,0.7266743624302825,0.7281809072155426,0.7273420936576779,0.7295021821975537,0.7270877863150671,0.7286591246572481,0.7322953690107288,0.7333141468117791,0.7382021120066655,0.7477302350746542,0.7650146126164169,0.7891672780769119,0.8194783601171559,0.8515798259206673,0.8717040777787867,0.877699552888016,0.875795672897149,0.8509313846047853,0.8180809270166698,0.7904307266869668,0.7670602481237945,0.7530121880830682,0.7368863221011319,0.7354744177398462,0.7337296868852032,0.7286306982773865,0.7289850055061277,0.7273914576346012,0.7290747050033494,0.7294543322160865,0.7309002867646155,0.7318166295177962,0.7281957256083228,0.7258129937694281,0.7297608923201491,0.7304461966716504,0.7304136969515107,0.7293172550727975,0.7302758457616804,0.7331129711738618,0.7309012898899097,99.02724531760373
0.40177232861798123,0.399782069523031,0.3945512856120784,0.3966301558352295,0.39987219040066324,0.3937927478303543,0.39984439712542746,0.398969960882597,0.39640145039181346,0.39693673096403165,0.3962200295199209,0.394350345174106,0.3912579244633268,0.39536185991642503,0.3956633852574221,0.3898533554567648,0.38886963777417977,0.3908401652864852,0.3892829213309369,0.3902468808207719,0.39179458352230334,0.38430887170205263,0.39138438576638107,0.3868301693342031,0.38808882555199803,0.3877247378142728,0.3873806399068969,0.3854580326017515,0.38535329037455096,0.38477639153465776,0.38239147726737815,0.37962528624626823,0.38026171568637157,0.38217898734147887,0.38072896054569266,0.38103252207431093,0.38711411990762556,0.38708317314998936,0.3880580109151545,0.3949317810990002,0.4001018202029253,0.4112787696623757,0.4250595004152893,0.4393887035125008,0.45732257504720086,0.4810351046788491,0.4996822801265312,0.5120174611155238,0.5296267048376542,0.5385785680380817,0.541704895657342,0.5407091401502422,0.5286878337042328,0.51027709113616,0.4930605146592337,0.47388682901341433,0.4513131213227313,0.43083712129249535,0.4155844619579602,0.40388271059016656,0.39029743243256376,0.38346504212154636,0.37352560483429226,0.370310552292723,0.3672636293407373,0.3654872104160349,0.36467517363631075,0.36088430815768285,0.36317275834750035,0.3579068529210576,0.357844980249003,0.3641772728761267,0.358292823467607,0.3601873734065051,0.3615438792294504,0.3529389373618561,0.3592415458716116,0.35770840188233266,0.3591128674121199,0.3528906197776335,0.3575777808141108,0.35261805207002855,0.35562804727889,0.3528680606878719,0.3539032515960243,0.35188106360574867,0.34752613333542426,0.3443854597248108,0.3504679901061217,0.34894230023048045,0.3496878234762024,0.34780868590930036,0.3517707588740525,0.34761728963192046,0.3456839311888587,0.3466741640451771,0.34456369959122934,0.3450285209477192,0.34182931151146295,0.34366871342272687,0.34215179336222684,0.3402836492276225,0.34590225773291994,0.3392051226289268,0.3408088232077085,0.33861316673204905,0.3402415127525783,0.3365406692484071,0.34024710406831105,0.34220090373902107,0.3362053582152464,0.3404831241866959,0.3382511993201836,0.34444400330483027,0.35065161689197444,0.3543617488425833,0.3655100512030169,0.3906171962150579,0.4163798484097811,0.4505011734449862,0.48636257928613047,0.5227183952272131,0.5589585133625274,0.5789365003785888,0.5827194120543394,0.5785138933711365,0.5552965992670345,0.5203664506216492,0.48565478597931966,0.4424773574610062,0.408652376209107,0.3821608813628999,0.3594498895474993,0.3416493153745691,0.33507444301830897,0.3278790893665413,0.32684762092185504,0.3233135161076251,0.32187856748909804,0.31868042706767485,0.31959790036867547,0.3213644248046877,0.31727236675630727,0.3181749105255965,0.315786453362606,0.3147125813270371,0.3163319636823832,0.31627084311895576,0.3193325648788576,0.313855526440103,0.31408771926727164,0.3111095218954285,0.3142557602021861,0.3132490809964902,0.3148512920856589,0.3135193585220953,0.3114205405267622,0.30919920715151145,0.3099703700014307,0.3087610098357016,0.3103133579753932,0.3094889674515492,0.30669756497009026,0.30389933958078036,0.30925296297954474,0.3081000388329407,0.30795667447993713,0.3138669478389871,0.3212754374773369,0.33780041227567353,0.3514612813382994,0.3789987872019434,0.4073082869429143,0.4232742288710313,0.4320421221156696,0.41854744041302366,0.40394101641434194,0.37834728558763986,0.34733027487226775,0.32878828452043823,0.31397199186597247,0.3014446468320227,0.29879223025007334,0.2982716600181372,0.29423656761259415,0.2945830413395758,0.2939078068459026,0.2927741106076483,0.29080131435442197,0.29294900273854246,0.28787852616666204,0.2904913095270222,0.29266670550468193,0.2884225958891976,0.28728431099219437,0.2896115969546789,0.2879090394632634,0.28849468177358284,0.28650239544846595,0.2810704248431986,91.06607013692845
0.4420879985192735,0.4492076811957719,0.4411098759912039,0.4439768188955901,0.44448464348115885,0.44700448715084284,0.44522246283423467,0.4436945100664473,0.4429782020912914,0.44438572016561845,0.44324430205826565,0.4455426003937785,0.44450735036857825,0.4428364601159709,0.44852362025422876,0.44520677660828245,0.443854641033429,0.44624318940191915,0.44690524397023523,0.4434643610324475,0.4478093850288499,0.44524057468667755,0.4509457623847903,0.4487604834946359,0.44710173849467616,0.44660049250592837,0.4480709783150131,0.449698516358763,0.44861847189353427,0.44844169727317623,0.44922066916653425,0.4481676031681532,0.4490448452441283,0.4460725162029373,0.4529820778551846,0.45289075489477826,0.45275485966162926,0.46124872068857237,0.46241719757236327,0.4671926378396622,0.4808400653192302,0.49315005237454246,0.5100332502240232,0.5288537860913838,0.5540200541089565,0.5777468411668989,0.6045001853243684,0.6225086812397547,0.6439472514718552,0.6603443838825881,0.6596814411060943,0.6560699830400715,0.6446742476170857,0.6250217157202569,0.6004820846609646,0.5796971146907243,0.5556562971980804,0.5322433888002124,0.5119750207138478,0.49583831121599964,0.4849481329002518,0.4730374780407013,0.46562603083443715,0.46179761708120504,0.4607466681424151,0.4607810023125128,0.45581971308451913,0.4568609297722688,0.45720451904723614,0.4545642980308054,0.45669648188104633,0.4538739720825739,0.4534382504011202,0.45789090449736125,0.45657522700154524,0.4579350375639581,0.4576829831711167,0.4559545829714796,0.45800560270889085,0.4558186797085253,0.4612556128531843,0.4559505181845549,0.45845968063511805,0.4569555007816411,0.46036967922502864,0.4587547670955911,0.45856908936933627,0.46150161887183927,0.46004286993892624,0.4612060906214391,0.4583989428305652,0.45774075378978646,0.46095359657576784,0.4602902809147655,0.4623696359448682,0.46114574266969316,0.46190450323348287,0.4584363805019399,0.4656488125843551,0.46173224852956396,0.4636447031457282,0.46076615475856814,0.463243214587681,0.4602105373433824,0.4639099970003655,0.46248548223434577,0.4634531880506972,0.4650044153327364,0.46139965609975797,0.4628559694098172,0.46573593117412737,0.4701126388371996,0.4677116427675793,0.4730117611863025,0.4784137442704986,0.4938368929361245,0.5040827354070527,0.5332545873995134,0.5638858471184234,0.6039460713636918,0.6562269783446459,0.702462486262981,0.7417093734580079,0.7693699711082356,0.7855857051017329,0.7694435949603383,0.7440544679521648,0.7020175188757166,0.6577328631808359,0.6103706768950846,0.5685814139086047,0.539346244011178,0.5129522362520408,0.49362416857418523,0.4777951228191886,0.4752609159328966,0.4779248939427457,0.47036348987994603,0.4723139210292666,0.47277262689623956,0.4703440397232881,0.4683437851262036,0.46532072944481007,0.4717398898339713,0.46892806827992106,0.4710978326840154,0.4684344449619618,0.47059233982404736,0.47137903006891835,0.47203756836386934,0.46945952898066234,0.47427178805769676,0.47087296953228885,0.4689066131521877,0.4722262982375291,0.47270188893923404,0.4731431122372972,0.47573500541102315,0.47272672333808957,0.4731496531556534,0.47137365146046173,0.4754200774607158,0.47437574120576637,0.4734915948180932,0.4711271852412578,0.4791462757991153,0.47671941069799034,0.48398974771195397,0.4969576190572407,0.5118579400597816,0.5367366216666485,0.5662092655924439,0.6024432918743972,0.622798548221693,0.6383790199144249,0.6222777965279699,0.5999135678179003,0.5704591326615327,0.5417202543257761,0.5151985789798748,0.49973111015161026,0.48585822858731875,0.4794322747746641,0.47605929546296183,0.4742652457731754,0.47744895766267853,0.4779361938298569,0.47742471372509293,0.48135303509050764,0.48150874204489874,0.4785713902060499,0.4758418594947323,0.47848507022038944,0.4786076285469546,0.47868179411443124,0.4787894191739002,0.4790667241610395,0.47978935969443526,0.4794801537026178,0.4813566738915413,93.6678797126889
0.5072451981285258,0.512118907997071,0.5103376702967296,0.5125946558381056,0.5103257578616125,0.505919706768519,0.5083469040645058,0.5058210805875529,0.5042472894161565,0.5063542813360571,0.5089099173854006,0.5071948485689894,0.5035614063975389,0.505076683022405,0.5054538045154757,0.502059484293786,0.5065622254564586,0.5043765822298542,0.5017510342315232,0.5013360488284402,0.5061298972509883,0.5028651206715263,0.5057056403038517,0.5061674717483708,0.5047663787943565,0.5013531971051989,0.4971235969230981,0.5024460999606123,0.5057077662848266,0.5011665562106328,0.4969879264616272,0.4993836415664532,0.5002010353604134,0.4983361748033231,0.49559538340631154,0.5011021456987378,0.5009171514733314,0.5081559986372832,0.508281956727016,0.5143151218328768,0.520760455914008,0.5315661058319463,0.5414547719603066,0.5589853675639462,0.5819681401211296,0.6003585149633891,0.6192639351965424,0.6393623970306306,0.6540984646326087,0.6665127208404814,0.665936038932824,0.6598022594487796,0.6516480338975107,0.6377942148775633,0.6196376391559939,0.5936912424057091,0.5766763823087179,0.5550455914958432,0.5387968508894497,0.5276374057009505,0.5164545555319362,0.5053794323939643,0.5005203220114571,0.4956909110529356,0.49981911229886156,0.4927997089501672,0.48938581656304136,0.49291431765912785,0.4924175990950437,0.4928472574592979,0.49307040536839025,0.48997596966206447,0.48754445661227247,0.4875307633961002,0.48704737316399305,0.4865211254942566,0.4895062745186099,0.48672586428303266,0.48836538468137375,0.48747372757638946,0.48362155019111797,0.48208267645762193,0.48274187482664865,0.4840599593787486,0.484880199783543,0.483013114429292,0.4854140168871022,0.48265068771666414,0.4839181444942991,0.48333756449182014,0.48626943882666646,0.48054826230549347,0.4866137538506094,0.4807063874754443,0.47891314491293857,0.48085760022624213,0.4874698800218489,0.48247818373405943,0.48159187312217533,0.48167449082333935,0.4782431047405842,0.4801325649773006,0.479183704532331,0.4824952008348295,0.4783585527982358,0.4775198209767238,0.47565197894459793,0.47798015070386524,0.47803947695552157,0.47488900671612255,0.47823055596552216,0.47823109761055005,0.4810322991240527,0.4841209412065277,0.4869976847741347,0.49355766227516856,0.5079517355918313,0.5335618960629315,0.557825243808119,0.5947929426532319,0.6300780323301753,0.6682690220144172,0.7010307519654654,0.7186187454136559,0.7292565967309995,0.7179873682649578,0.6973761660876486,0.6662309190879281,0.6246155270129649,0.5894010248692213,0.5508755852021856,0.528098681561147,0.5034548485903677,0.4881432444218602,0.4779018446069963,0.4738972705823281,0.4679463002928583,0.46882039961243765,0.47107200516096837,0.4678599052710324,0.46544002445998633,0.4678904797917745,0.46739154374481623,0.47072011146998743,0.46808423077263456,0.4668114671212382,0.4677083795829749,0.4653276036679751,0.46514369791274995,0.4683105733371003,0.46141970551704997,0.4663249259709214,0.4638656234792711,0.4632023990985303,0.46237775761109184,0.463489069253148,0.4627928354921536,0.4617486728457047,0.46087100527164926,0.45816422331377155,0.46022736106195533,0.46035687109576123,0.46141434040414814,0.46484742168783155,0.459728391557229,0.4595385052228244,0.4620904890833749,0.4682831477639077,0.47776519493683256,0.49234289790385466,0.5129535205214286,0.5379584786752077,0.5600290118909583,0.5829872281815043,0.5847895882390566,0.5784959719919109,0.5619711193598644,0.5353418966315809,0.5044017831377435,0.4878791942643454,0.47468991168065644,0.461063918846095,0.4601916110578969,0.45693336203721074,0.4572915751640309,0.4528971605510709,0.45585978139347977,0.4538531372107788,0.45675587151166447,0.4584921294724085,0.4556944700433033,0.4532769464038976,0.45665607687101345,0.4529191947742698,0.4495945185554224,0.451030034855498,0.45233009735193164,0.45215683280293856,0.4479525662246662,0.44771420294396436,93.87472640871731
0.45080533727862493,0.44648874287818885,0.44972921619099543,0.4501182079712371,0.4524807751124367,0.44737789811409534,0.4462162506881826,0.4468355202501717,0.4458066593976266,0.4510065313400094,0.45128391544077634,0.44868049023287154,0.4503360671946299,0.44801481429088125,0.4474100944615185,0.4467876627489889,0.4466863762460403,0.44406497540066125,0.4475425084773687,0.44678675208720225,0.4482115640188479,0.44676131758457616,0.44610230734603024,0.4445388194292208,0.44627913157373955,0.4474652607579225,0.44355693675696717,0.4458754990899475,0.44602848091485464,0.44399903449479516,0.4441554879437768,0.44573582243413873,0.4430432567046009,0.44621637223656524,0.4442347339382107,0.44916989549878,0.4535556886002432,0.4502371714324825,0.45789494314028345,0.4626699752564266,0.47659595735059124,0.4860405564447736,0.5075793181399927,0.5268093957453762,0.5532950109014887,0.5786933186122742,0.6094101288259534,0.6307183741269727,0.6532931553396061,0.6643136981468355,0.6691218116289506,0.6650042464706296,0.6500792583825628,0.6319335904203408,0.609653458822747,0.5777333818532487,0.5542936430810474,0.529499452113414,0.5026405582648338,0.48302252812498453,0.4721863753280299,0.4598038889978166,0.4570458192834889,0.44821722599898367,0.4431714006279632,0.44035247587772613,0.4435146998432159,0.4393904445498723,0.4401208844845502,0.44161617482374355,0.4384994928991125,0.43918695590640183,0.4390797481464701,0.4403245310124068,0.43998927426941314,0.43821957014550716,0.43863997498728485,0.4376223396828539,0.4352640226044635,0.4385878454280982,0.4417104396664303,0.4360120356527893,0.43608683400995885,0.43574485790147116,0.43878891717019,0.43809012473190667,0.4367294986609736,0.4350639561477984,0.43693816808036406,0.43347759046859596,0.43674710808320605,0.43805672394789963,0.43366469712869427,0.4329554790745633,0.43903281163802377,0.434503836802965,0.43785267200658046,0.4351262012462251,0.43496370735335765,0.4360178635062369,0.4332264646847726,0.435112894253893,0.4339384107663614,0.4319140834139794,0.43508437134429445,0.4337392359650221,0.43381457278741686,0.4315888099955328,0.43711885852450044,0.4357296466847989,0.4362019015803879,0.4345032052231202,0.4335602025568283,0.4447571072885047,0.44778247116949776,0.4583914329435234,0.4795699920284037,0.5084839913952219,0.5428673849257964,0.5906776069975173,0.64077739820401,0.6868173266044334,0.7309484694187356,0.7636018184072918,0.7665922832225036,0.7610946731468713,0.7288480681317433,0.6871375027337776,0.6368411199587942,0.5859381701681688,0.5400500062485566,0.5019033456872412,0.4809749350328274,0.4609855206161078,0.44264893906968766,0.44079075100329257,0.43270172278451824,0.43156139545676486,0.43004280822681706,0.4282593278165548,0.4312132097156922,0.4292771926354886,0.42789864774231107,0.4260866412880893,0.4267590262167848,0.4251159595714357,0.4282763266471595,0.4257118991891215,0.42742751223248604,0.43055225312619116,0.43006406789728147,0.4274543350051097,0.4271981395318981,0.43098547830631795,0.42812066170745566,0.4262769570669986,0.42393395623994684,0.4274271746694573,0.4281515912508445,0.4250835820496788,0.42678525430434977,0.42534018726678274,0.42559556582360913,0.4209892691720929,0.4258280409722357,0.4292970447264879,0.42892124864374076,0.4364702934108193,0.4465587352063236,0.4680586571639061,0.49430111486518735,0.5259830784883475,0.5634477606702182,0.5872209732854005,0.5932082232796638,0.5860655263296407,0.5612711626454668,0.5282666853971411,0.49017301127814583,0.4678851891557312,0.4451722814086705,0.4335974679747896,0.43311454087914686,0.42532361695533544,0.42256736335346434,0.4183295695188655,0.4252252443195287,0.41956584039709355,0.4200917373216417,0.4212867872875664,0.42463521452858444,0.42320219589843294,0.42119344559894617,0.4219791227109107,0.4200151871301696,0.4213486860871437,0.4210694724202627,0.42271375894797536,0.4225639956276979,0.4214710143734638,93.19711847495083
0.3433847336055381,0.34385868276465736,0.34911276649407863,0.3424917998851814,0.34356865096576367,0.3425096215350194,0.3410401982170958,0.3436592709514114,0.3425876801925067,0.3440344253254249,0.34353116141631324,0.34340905588197207,0.33946886856645125,0.34228483177895763,0.34203108806208904,0.3383560539243084,0.339458582316212,0.3368812255200721,0.34083033000562496,0.34051876510206075,0.3417470824760871,0.33812640063676197,0.3391845898271009,0.33995480915452503,0.336169341842817,0.3355632393933644,0.3356281011866085,0.3360755801583564,0.3347370797447306,0.33483082904150774,0.3376822411864242,0.3354935327466078,0.33613522297568194,0.3343855097727948,0.3344485359956279,0.3368330125212983,0.3377137981487876,0.34115912866112896,0.3457035420270277,0.3470553202329748,0.35784245246921687,0.3644205681405046,0.38421120357340516,0.39492218352855035,0.4167443359555644,0.4334910909214697,0.4556363580935941,0.4775011946437032,0.4875836730981853,0.5031446673207511,0.5018296989092078,0.500082989797397,0.48881551002207035,0.47350961769994754,0.45066939137741296,0.4316962146952673,0.4141266461597355,0.3915730373864571,0.37550346826485714,0.35804276384722844,0.3489976268762165,0.3440321903377721,0.33327833400460016,0.3331758199523924,0.3293510060802909,0.32671903581696415,0.32544573355259443,0.3242244694725747,0.32383273954040076,0.3260558314518232,0.32296171794892553,0.327106329571325,0.3237731876640724,0.3217128511751263,0.3245070771686009,0.3235047049734746,0.31864578516724557,0.31958267912266675,0.3211183626722488,0.31787960414068345,0.3249255087753796,0.32208654635729034,0.32011305061328316,0.31915193790874813,0.31833565853134593,0.31530455638063065,0.31546450825852085,0.3224301318918428,0.32147272457582743,0.31687160465570186,0.3195367933461329,0.31843127145198713,0.31836464068351966,0.3139633441094671,0.31289497866176863,0.3185741580940329,0.3119480076429591,0.31530785206154005,0.3145664694998095,0.3140792077743519,0.31532604929051383,0.3130396107954178,0.314883954036601,0.31407262618105214,0.31768610951246495,0.3104177523765877,0.3129518292333476,0.3134741425758687,0.311851979413044,0.3095297674458403,0.314752152206167,0.31335739137010526,0.31140150390025256,0.3175254812422726,0.32520453062208027,0.33061835367856407,0.3447764239255797,0.368497420798875,0.3910862412817581,0.43054538323497943,0.4671031816743694,0.5012757917522491,0.534425668489746,0.5567914223889509,0.5618105268235666,0.5577572612909101,0.5327948519558443,0.5019031415324304,0.460156551978794,0.42591265430579145,0.39087387952423885,0.35971654086383803,0.340662305471908,0.3254142542920909,0.318718694818809,0.3079311544823478,0.30637393820655184,0.30354066201028884,0.30386135934939706,0.3041995109139762,0.30138548555120703,0.30160282545303346,0.3039402281178043,0.30441334547668136,0.3023810716038272,0.30081505361969363,0.30032222347155973,0.30158225225084523,0.30063915532361113,0.2965833014332439,0.3007236577646371,0.2975553824497096,0.2961402840530328,0.295335101959763,0.2979372178868663,0.29603401299569854,0.2931119751821865,0.2967454339257768,0.29617891030866395,0.2965582795197871,0.2952998479659032,0.2999223222006732,0.29702846106656977,0.2948042341431442,0.2957172973561221,0.2993059630814182,0.3003397726288613,0.30012646145551314,0.30964850746220823,0.324441338072027,0.345693332108688,0.3702921321808919,0.39630492133678974,0.41614233338436823,0.4231460818925893,0.41341256581298474,0.39175805526246454,0.3675879679122591,0.3431142613771111,0.32049131158383526,0.31025042497598193,0.2963266911222718,0.29482281098648366,0.28767034466445823,0.29111165059813765,0.28887289047803355,0.29176208471924203,0.2861390442344132,0.28696319058310493,0.2870462625930759,0.2871793676213809,0.28648996879734373,0.2862261964259953,0.28589106162587347,0.28213246159297195,0.28795912520371103,0.2913923642013061,0.2859642681432184,0.2827938591065056,0.2826939184087506,90.48181991938246
0.5063682407762604,0.5083765290439495,0.5101043187990044,0.5055933221098875,0.5088073892168147,0.5108451040086138,0.5138473362203279,0.5183687098508409,0.5138466304873208,0.5124194800742748,0.5169687642104298,0.5197370126926615,0.5182418424131305,0.5171433101386235,0.5218033881703634,0.5221452845857393,0.5196968247327887,0.5234426307698965,0.5256051039305758,0.5269051466422483,0.5253392640111998,0.5256868036349077,0.5297883262794778,0.5258443186056466,0.5300727832977742,0.5273868855796822,0.5331898408272532,0.5314771775061213,0.535469341274602,0.5348644301133244,0.5324070050801435,0.5387201625353739,0.5400795675305995,0.5400124573974084,0.5382868754695945,0.541251254720415,0.5449943967922999,0.5473334498699365,0.5578862359755556,0.5628905607569467,0.5682753807664128,0.5889724580698346,0.6060523048031673,0.628800629976786,0.6535131146096012,0.6829874400581608,0.7107007233510487,0.7338200087548767,0.7527155761375119,0.7667246321971357,0.7721072975376594,0.7670640326421087,0.7582752280390994,0.7397587454233335,0.7189885747338327,0.6931919773609462,0.6640485201964984,0.6436221826436314,0.6197394017512878,0.606439885681963,0.591264709613951,0.5810328486326715,0.5774006668970364,0.5675923559083879,0.5672637968198591,0.5694320905878467,0.5697603125742865,0.5691562108283279,0.5673267544718273,0.5696052595735454,0.5728675864964294,0.5741384765586417,0.5738546230999712,0.5771234167463579,0.5765319490916772,0.5751716804036036,0.5770358596013023,0.5757217324044704,0.5792419118768946,0.5826131611031555,0.5826903255837714,0.5850545547765839,0.5825755579903595,0.5868043209216403,0.5846563058811522,0.5889168775418347,0.5868607869355561,0.589249756234662,0.591716311272997,0.5893100243447077,0.5910644506344901,0.5941361925673547,0.5922232524466273,0.5907782672670429,0.5986368589989376,0.5943421090197004,0.5965299431140376,0.5994552374429867,0.5968570295317634,0.5969890754311996,0.6004430828239289,0.5972802651962554,0.6012214657445637,0.6032183991767678,0.6031200940442197,0.6015068018703127,0.6087218592394403,0.6066974649547765,0.6103542864307805,0.6080825705477634,0.6082010249190023,0.6123809612333224,0.6143173878744967,0.6171570688086471,0.6303179500324254,0.6387491316436749,0.6555388450034109,0.6893521701560967,0.722169960799169,0.7665781304733406,0.8139677324440241,0.8705577360997575,0.9073003291931763,0.939377212386241,0.9521080991811024,0.9419653334059201,0.91348315397378,0.8692572797552418,0.8233254024068869,0.7774773095100785,0.7327737253813263,0.7001336597737702,0.6754755535113073,0.6586729528968224,0.6435418839500687,0.6443833311005156,0.6386229541972738,0.6360397905815707,0.6382023276597182,0.6412572503183896,0.6343999198344931,0.6376868273183296,0.6342851900788041,0.6403491430085831,0.6416225086234076,0.6417433060340231,0.6414431052881588,0.6395838696066438,0.6453607423592274,0.6484553331025836,0.6452932194199544,0.6482861690694367,0.645200553608029,0.6501820614169614,0.6494116637834417,0.6496043858182344,0.6505392896725339,0.6522036018095062,0.6546865764035177,0.6522286784138586,0.6549920170738793,0.6566447548617161,0.6555017116034216,0.6623663342515003,0.6584333947529144,0.6609201992487086,0.6640961886932596,0.6766754471648921,0.6865308844136411,0.7031819275092,0.7347276860898925,0.7658968293251032,0.7987914360979466,0.8223357837202319,0.8313195684791224,0.8255618564509304,0.8009099270259011,0.7747137015409287,0.7374229852220238,0.717435355642819,0.6963719529493527,0.6867077612642486,0.6826118090468384,0.6777528495217259,0.6804847436332779,0.6738353634033157,0.6785988443670538,0.6790801922991289,0.6793414413234524,0.6823468868663571,0.6844785875498456,0.6860431089270044,0.6860503205408814,0.6851679709762262,0.6881681835560685,0.6886095150947846,0.6911638490950865,0.6917764032223034,0.6912142757017977,0.690289609919174,96.53980970326961
0.3947232558174387,0.3927831622183828,0.3935651182888294,0.39152627029100545,0.39124187136149513,0.39415734615833825,0.39226980744595064,0.3901684996292799,0.39149181182916926,0.39177582771486036,0.3952509643729159,0.39405324887520415,0.39194503393119884,0.39250592399275547,0.39629884211067695,0.3955400956269622,0.39142498738777143,0.39598137748379914,0.3934862857882933,0.39523998470733535,0.3933073649364649,0.3959988628485051,0.3913011995216652,0.39310281280669396,0.39604000748962304,0.38881551451301327,0.3935029328503319,0.3928039458433137,0.3949602021425999,0.39573913929160204,0.39508660953175656,0.3941720170858486,0.39390754298968134,0.3934118020412261,0.39502584730448886,0.3984348017297752,0.3954065970958599,0.3987928899229588,0.4033824232893419,0.4113818530374392,0.41810588560210477,0.43078869856358565,0.445190047409472,0.4616650828753916,0.478241454724271,0.5050684831392566,0.5259193410418166,0.54269591380694,0.5554813859488943,0.5653078635817698,0.5724657729339201,0.567011793963269,0.5547834180671649,0.5393694071572457,0.5221003543530195,0.5020683292131456,0.4830994777595065,0.4613544954225302,0.44225049796761895,0.42945954843795,0.41810476559429893,0.4107098625435731,0.4032907784074533,0.4014931027253888,0.39852661459303973,0.3954774163280632,0.39415041254910177,0.3957061143923729,0.3921552943574948,0.39041905497099777,0.39033014491001716,0.3917216974208558,0.3946117531793337,0.3924334446241192,0.39367852646449436,0.3922710124179488,0.39227968190217216,0.3911965299707621,0.39305682809425296,0.3928834905298145,0.39405235939319533,0.39379564011962226,0.39281916704366415,0.3901945014248263,0.3953410554793039,0.39302302532891664,0.3933456168586868,0.3963805390847686,0.39498921068116616,0.3940588823005736,0.3931545898031959,0.39312912775527387,0.39362586532339455,0.39395266725469097,0.39655487478969115,0.39807182091952387,0.3936990278449104,0.38880517159309014,0.39120145241059423,0.3967211532987569,0.39452868546294295,0.3939367042934088,0.39274420754720013,0.3906932615581287,0.3964208234978111,0.3914144190562559,0.3945200336954532,0.3904745260427146,0.39269625208174463,0.3952529274744136,0.3931099506898748,0.39364186687294406,0.3960061360917696,0.3964352502814329,0.4017139966155954,0.4157233487925833,0.4283798658199098,0.4523026828729644,0.4821443276208345,0.5179629705280057,0.5521365295281655,0.5936917505606186,0.6303411405129778,0.6535923094748746,0.6652174296512139,0.6506575140146131,0.6315751766018227,0.5957912632072399,0.5520438141640398,0.5144022295866223,0.4803516273112524,0.4473860245852938,0.4249679532612991,0.4106503052200314,0.4051449072399774,0.3979887059989693,0.3945821715605905,0.3930311773035023,0.3905711835116623,0.39215073109800935,0.38926911255545155,0.39522060601114684,0.3962018986039493,0.38815097618265615,0.39185568366991447,0.39197841676556583,0.3924304832570424,0.3947756760179465,0.39183339744233464,0.3925825303598541,0.39871035998509746,0.3925228815723173,0.3962711645553229,0.3937358776221934,0.39161770182224215,0.3912768695400669,0.3926970115775572,0.3904518402074666,0.3909703468976734,0.391845584931452,0.39327361079092304,0.3963408366205834,0.3917458674864537,0.3937483039554352,0.38991912613295554,0.39625852814866636,0.3930251414698494,0.40303443988779103,0.4105890294933708,0.4257690848948001,0.44706194164292473,0.4712187218392427,0.49732121143897934,0.5209285157911832,0.5265083223161473,0.5186267969587549,0.5006774182600133,0.4739831525045058,0.4460223477789311,0.4308645579820255,0.41215100185701337,0.4015968487403922,0.39533276361537245,0.3959213847953893,0.3914641355867887,0.39093250283087383,0.3959396470116765,0.39257384689940045,0.3909703146338081,0.39249960177976484,0.3941814111383556,0.3937166895150758,0.3944159103939444,0.3899614897591449,0.39435211713182267,0.3920889187045354,0.3926184552622669,0.39485246019089665,0.39383214002513434,0.3931220111155056,92.11627958508765
0.5495488400679728,0.5452157465717732,0.5452431067379926,0.5431200091052734,0.5460513208216818,0.5460349336823015,0.5414703136100391,0.5427282540465033,0.540412630991347,0.5407780261763964,0.5431461468877125,0.540045635604287,0.5403794347959978,0.537194950222741,0.5402920410693074,0.5392980009840094,0.5373971161076062,0.5379454930339085,0.5381525985459,0.5356307601005331,0.5337764604237705,0.5398086282025721,0.5343994419442859,0.5349410161305357,0.5366248781245455,0.541130271751744,0.5310529138920861,0.5339131208507059,0.531074256541837,0.5308972836428757,0.5300404057156582,0.5287771389490937,0.5305744799841247,0.5274869924784512,0.5323745721485899,0.5310842858287034,0.5330310645549501,0.5335587086979414,0.5376350586662522,0.5449592181790007,0.5507913060886533,0.5643631599460492,0.5788286624056482,0.5976566686463832,0.6169366640701813,0.6472181206756099,0.6665175664885525,0.6914727287518825,0.7082911757209297,0.7144469853770334,0.7182641299171305,0.7210769646495256,0.7075293908434912,0.6858938614371428,0.664153285970686,0.6379626443944947,0.6156428896243203,0.5905622600513553,0.5679789734307912,0.5528687947085844,0.5425313322566444,0.530428669245887,0.5254785988938226,0.5185224250726901,0.515739121934613,0.5167352196806807,0.5139675011628116,0.5123452260026342,0.5132805215872963,0.5117921709455986,0.5131134351551314,0.5087315984831036,0.5082435178518226,0.5059616485276704,0.5071712999350672,0.5094260496839039,0.509564495858473,0.5083534430732745,0.5023128739615471,0.5075360140442072,0.5011611664876651,0.5061029232097796,0.503039605835682,0.5046487283018198,0.50004725189731,0.5045229708152852,0.4987191730245704,0.4997806996645993,0.49858990720094226,0.4965460137211643,0.4997121255323504,0.5026037356032197,0.5037938547825626,0.49812284288249226,0.49963038082898437,0.4973296945260525,0.49733175861580825,0.4951181819257815,0.4956611202114111,0.4958144115261704,0.49305102520432376,0.4935214582843015,0.4930281346522708,0.4942665175710838,0.4899509397197559,0.49145106618758494,0.4948548718585651,0.4928512915876807,0.49275466033608306,0.4897378801564121,0.49018992798718664,0.4918889758477419,0.494277284199506,0.49022160388544916,0.4972943733857994,0.5126810951659103,0.5256809811278402,0.5485971756841225,0.5793612658116633,0.620113860185495,0.662420407090999,0.713292279171989,0.746765285079787,0.7721390637378804,0.7821138219496129,0.7731166291006869,0.7465758813783532,0.7080682563365828,0.6597113503192562,0.6153130296824086,0.577029494741026,0.5414446567245942,0.5177203381013061,0.5012924999586853,0.4908653655719982,0.4788761611347007,0.47982995172919607,0.47559771662835454,0.4760804834520131,0.4752974889719833,0.47626371541250934,0.4751586355704645,0.4745895351791414,0.47424399611734164,0.47140524084759994,0.4703545338662011,0.47150405575307486,0.47069100942415376,0.468077186766548,0.46897344945327013,0.4675620958864424,0.46539290981133336,0.4691501840502786,0.46614814802037163,0.46960365305012924,0.4617237392230672,0.4633296551767498,0.46397699102630646,0.4656550462821712,0.4636481681384784,0.4629408987056898,0.4595436434647936,0.45899048265683623,0.46154789818705755,0.4580417887763054,0.4602593323721597,0.4644073991763249,0.4664743069863507,0.48154128011730274,0.49732016668195156,0.5154203842186695,0.5454295055858235,0.5712722849027652,0.5954931344568234,0.6061517734664215,0.5951675012381179,0.5746393817604827,0.5410605012578674,0.5159070704875014,0.4884469452413583,0.47197675120163196,0.4608120241133529,0.4523582590023513,0.4494496846759894,0.4520753291094273,0.45000758652970735,0.45064815082337606,0.44862814875062884,0.44772356963741644,0.44345181726715815,0.4458311337453563,0.44578550170482995,0.44921495805243894,0.446151141901846,0.44731783771292466,0.4449092777016506,0.4417600828032219,0.44288542465950576,0.44259211049008457,0.43970983902838684,94.30375053441372
0.4077935688709111,0.40689447751899765,0.4050268920105153,0.41052116813005696,0.4114615132906953,0.41280831783765937,0.41289059236275366,0.4094075312651775,0.4139457008217292,0.41457032395073967,0.4116710002442231,0.41266116377397144,0.41114933798430053,0.4163927581316987,0.41082075041103816,0.4153276052026742,0.4134773446459231,0.4128686365815483,0.4117482249802106,0.4154802090234081,0.41379519215546784,0.4168505466917661,0.42068974076850424,0.41796347645439336,0.4219725217962421,0.4164271871096033,0.4162443200769524,0.4171683287778024,0.4195122505594183,0.4255171993101911,0.41719457534368926,0.4222436033411217,0.42016364975287057,0.4218123035469625,0.4206826941346008,0.4263045424155281,0.4264609819910464,0.4317226123798722,0.43433138812501176,0.43649814189782066,0.45141502450524823,0.456995714338947,0.4722803414367172,0.49230274997650997,0.5130248884887966,0.5398374515500847,0.5588867807555561,0.5819970753465549,0.594767659290385,0.6073410146152056,0.6116709541480677,0.6089245310149597,0.5966269985059679,0.5812266298958996,0.5619395455850102,0.5378739755568346,0.5196248656678925,0.4991565349519697,0.4837937190196755,0.4686444226782774,0.46016148555641717,0.4495950281424258,0.44277662598796164,0.4404099176698923,0.4395706629894091,0.43340002550619033,0.434995089777439,0.43492508733885576,0.4372657702958899,0.43776573795298535,0.43725482629888784,0.43247427007253386,0.4345255379502138,0.4377580972946345,0.4376435421171453,0.439069431964764,0.43853280036095554,0.44294806093158867,0.43571017545340623,0.44131663385329567,0.4427807323056294,0.4429411256083271,0.4435259332332172,0.4442269580569459,0.44157010557206416,0.4409884369707381,0.43953538028795336,0.44329287711702053,0.4428763556880992,0.44716797871509284,0.4446829840192781,0.4436106279169344,0.4437077076352806,0.45047575780260224,0.446867284217004,0.4457617870731362,0.4479862187722369,0.45194525264944746,0.44778545235214273,0.45035217492394597,0.45176441799009154,0.44602200118622254,0.44894141892178574,0.4527539649820498,0.44964725885373263,0.45229088002350615,0.4503655011964454,0.45142641603188377,0.451655057820735,0.45462616680628354,0.4545252231173693,0.4555244255179625,0.46239928037131495,0.4644670500104592,0.46321042581221145,0.47642430691132065,0.4978040399322472,0.5143089278154935,0.549636401405604,0.5813796465829617,0.6227716352696386,0.6658680832002984,0.6992239895908402,0.7244857944008368,0.7354590318365921,0.7258408252932612,0.7013408248123979,0.6699680290763258,0.6282997185769671,0.5848986054046099,0.5543811297224696,0.522529587186319,0.49913718547426383,0.48070959582117756,0.47268454332940263,0.47348138635685316,0.47078376004299366,0.4662440927124838,0.4621550707877173,0.46357905054591003,0.46276910158579077,0.46305082848064216,0.47081627859775216,0.4712883528106051,0.46533773749723245,0.46797456614998406,0.46583557411892973,0.468787973860212,0.4725103829690802,0.47180254919718806,0.4716757750618918,0.4700834290603901,0.4734090618903685,0.47259180430099373,0.47251963714874623,0.4718943266970362,0.47317523221698676,0.47352834109742953,0.4722823901583563,0.4722291773305634,0.4722005746223943,0.47275087168951024,0.4746881036487443,0.4748908139100611,0.4751314232528687,0.4763853378339987,0.4811547910230094,0.4888122919186455,0.4959498199168508,0.5117954968189986,0.5325717733871115,0.5610831097210761,0.590832239161515,0.6107624585396794,0.6184132879986395,0.6113859522947224,0.5909783881986684,0.5648116985824876,0.5382377606403929,0.5152477793770815,0.5010991198979565,0.49227502451705774,0.4884507946063792,0.485415518490151,0.48884999654423167,0.4822700206537707,0.4864934004428313,0.48528092844689613,0.4857721773580063,0.4845540333877158,0.4886307928409429,0.4883110521718948,0.4890859705967447,0.4881705239518535,0.4875955824290936,0.48852558808573254,0.48993898163190464,0.4854742371375013,0.4916445943702806,0.49516445341630483,93.28887791663722
0.6568033645847423,0.6539283377322597,0.6566393209981871,0.6517451400368961,0.6504300745064532,0.6517915335306506,0.6511473197229979,0.6522389530650288,0.6485356006828883,0.6522082255333042,0.6527923817133505,0.6481667704630638,0.6501309900860678,0.6449050858332875,0.6485550337863301,0.647885654252891,0.6469044867371601,0.644532996774217,0.6380421359663543,0.6420536908741815,0.6414718258008911,0.6401536649139152,0.641741190639926,0.6400453447827203,0.6386207176168985,0.6375392841019769,0.6376134937964096,0.6406768373863021,0.6365050265819778,0.636199162506378,0.6357361899313938,0.6367859433689714,0.6365523783342445,0.6292189971123316,0.6372615896776868,0.6384082265831033,0.6344048467395215,0.6365228921852697,0.6409581471267335,0.6456777481324738,0.6554393921978829,0.6618283847537004,0.6774020375877615,0.6997395308757759,0.7143966270138644,0.7398434819287208,0.7591418457687723,0.7739839278550958,0.7941870336988992,0.8024171601889434,0.8047182541365453,0.8019154304369888,0.7914116851942316,0.7753367113001682,0.7558797609019503,0.7320380044846495,0.7061399275148811,0.6871249957613325,0.6757081611328967,0.6561276105630217,0.6474603276247681,0.6364838603662564,0.6276185155331883,0.6231195817594039,0.6192543601369088,0.6136552031426561,0.615622757072017,0.616871024070267,0.612354985599225,0.6136192700284718,0.6138131963995379,0.6096431296442462,0.6099309430234877,0.6081775094999057,0.6079527035295746,0.6064072102640553,0.6065676026038769,0.6105937623828784,0.6053103513774869,0.6067807154903087,0.604908564048385,0.6076585422123418,0.6073096450761434,0.6058019710076489,0.6040726108317146,0.6023847333681348,0.5998496137589439,0.605506931657458,0.5994870385881852,0.601720188046373,0.6018985372262031,0.5980553558158018,0.6006284525929049,0.5994673646736296,0.6007813766665145,0.5957732667924381,0.5935267424245684,0.5944740017054023,0.5952891991772727,0.59437442898882,0.5928576417170088,0.589212647170377,0.5933585742362778,0.5957490159561228,0.5921200722788199,0.5917987667442831,0.5911193647230936,0.5901767123636978,0.5906911653304597,0.5891542273895364,0.5874791880301321,0.5866873879933016,0.5888059565656232,0.5924966384621038,0.5963728197261449,0.606708278670319,0.621513488496344,0.6436981792640613,0.6734615076117763,0.7066590274033787,0.7437144779321337,0.7853612220933656,0.8202444243706931,0.8394605464480772,0.8536634168671262,0.842189861242768,0.8184650478196717,0.7851015475840031,0.7401618312314066,0.7015162037147669,0.6633143181717877,0.6330747968686978,0.6092749751118588,0.5983680008472693,0.5839842001413952,0.579770543993465,0.5708301465890273,0.574688621817801,0.5730312650837704,0.570153670107493,0.5687422917814966,0.5693239838095246,0.5724664416642239,0.5637414299973647,0.5682160537240333,0.5642145429972775,0.5653842435123623,0.5643147753684319,0.5633403959695358,0.5635626097094334,0.5607017076918547,0.5644149214360907,0.5581547842418518,0.5622091110162131,0.559863021040522,0.5575607539212538,0.5596938829845812,0.5555617372034715,0.5581416538152916,0.554603399302923,0.5577602392997633,0.5543843278730295,0.5547518076102201,0.5557462921313994,0.5533618138760044,0.5551624136133304,0.5540109731941166,0.562740423454431,0.5738603221288056,0.5908057476295816,0.6067867428662634,0.6341408349446991,0.6547984352827206,0.6804993486139194,0.6857814227834568,0.6752990345287213,0.6583800911437446,0.6283745388817606,0.6007804420361637,0.5800371070311945,0.5608419142619367,0.5549330719772474,0.5451108262312772,0.5421354251488607,0.5408177330960277,0.5431806294610164,0.539696502409026,0.5375863299166582,0.5384486355336738,0.5389803902369185,0.5360686245215723,0.5355136419331799,0.5414260951432595,0.5348688805902118,0.5353304371541903,0.5346285585915357,0.5339068297034231,0.5353787475272977,0.5354188506769398,0.5322971666415887,96.2656915760118
0.42425243077047997,0.41955845262940056,0.42461562988799745,0.42187631633306055,0.42214764101480245,0.4239866377496612,0.42122250244184317,0.418081760826509,0.4239240465060031,0.42331642147860654,0.422003682876669,0.42407425583871217,0.42458803665222056,0.4200150936877841,0.4231890888420125,0.4186938942636224,0.42310658969321396,0.42271344821924817,0.42454770752023785,0.4215227362927675,0.4229308325475362,0.41744665511606643,0.42509875619511434,0.42391197147296295,0.4243683978733831,0.4213125177746813,0.4252017817056238,0.42781941348252345,0.4242569499005126,0.42605006747225505,0.423153597057804,0.4249305242206899,0.422297381277909,0.4273725379879147,0.42683607824655895,0.4252763703102886,0.42807656477936934,0.43293410900037865,0.4394703645973196,0.44767194481107975,0.45443811248788557,0.46541127248766406,0.4857961320795374,0.5097182835822915,0.5267507206067461,0.5537109903762477,0.5824319807057575,0.6048706723544721,0.622294170702303,0.6360908884885924,0.6419294165422907,0.6356639012184134,0.6234320210918659,0.6063712619062417,0.5815086748966911,0.5589547946006259,0.5353091757392126,0.5058320269736291,0.48449845601979213,0.47077322676006206,0.4542344858080081,0.44441678021503245,0.43604318095444916,0.43477630325055266,0.43255309277871423,0.4298289145157882,0.4326556740322333,0.43199659264636964,0.4329961873284272,0.42916564358801856,0.4314607404372533,0.42977577133065087,0.4296616295010978,0.4284071446235065,0.42491727963381865,0.4308217911769987,0.4319599296518267,0.42670519079179214,0.4298419197313278,0.43194954551486503,0.4293522028902124,0.43256236208375265,0.4300005445645502,0.42933574995259943,0.43299159736561915,0.42872847263334835,0.42925112861868425,0.4290148014923983,0.42862565930305,0.43132187425712976,0.430094893799218,0.43220294577601065,0.42786139549252217,0.4291905365630056,0.4316437475036376,0.4345849071004341,0.43250750679035116,0.43067667791671577,0.4289813531530951,0.4307696811821974,0.4320853654288931,0.42755992274112464,0.4299535880996488,0.431010417335105,0.4320765288694607,0.4325904676995153,0.43159113671000277,0.4339549968490061,0.4333666016444335,0.4326572626747512,0.43520651883952255,0.43607412693221476,0.43407239867229214,0.44075522201493283,0.4494615079245716,0.46128510402561435,0.47784159556969263,0.5026015467043349,0.5386538884931227,0.5820934015325512,0.6283348214983003,0.6760615589963116,0.7160061325354703,0.7416561259032916,0.7539182980239962,0.7431853815745065,0.7155777224104324,0.6791017591659015,0.6308459249989775,0.5781404222923415,0.5369009703169579,0.503810391864384,0.4774978188146205,0.46169418046129673,0.4472929483141108,0.4450453858447441,0.4394109426136066,0.43699809270028656,0.4368291134435383,0.43571107050886343,0.4324145132698612,0.4365356261798929,0.4359498163837063,0.4347785766890744,0.43898446896283977,0.4382325816681702,0.4418761311910967,0.4387729662301981,0.4359213793993294,0.4355016235420261,0.43642954683831375,0.4361898572169245,0.43784563772320606,0.43465543281882263,0.43913255731263184,0.43812533377938123,0.4391128283586253,0.4358645779459312,0.43875129440414895,0.4409617156901135,0.4367496915033042,0.43681033487139165,0.44015515491948415,0.4370368546971459,0.4390387129960675,0.4437190658921447,0.44191457441426707,0.45279399119054503,0.4602608847379749,0.47701363781472056,0.5064158659915978,0.5367545908774692,0.5677024877075353,0.5894485170344563,0.5999268914216355,0.5870606056081251,0.5685334829809491,0.5397633324910156,0.5025172529295363,0.4794920558398545,0.46044264755843983,0.4481523910506323,0.44123546864388424,0.44029514714745493,0.4411196593396972,0.44358227566605496,0.4382047688961742,0.44190370289513287,0.4418487734300619,0.4448559858606527,0.44275859036521187,0.442978593619796,0.44322493743703806,0.4400828270653382,0.4408906023533599,0.44437494027343444,0.4381445608139859,0.4409864949616563,0.4397944551627254,0.44302951835093046,93.07172632083841
0.4661168471466645,0.4653241159676722,0.46539525533795456,0.4576374016018504,0.46245223381296535,0.4611184244490349,0.4629508616607517,0.4592894830208645,0.4594855499293236,0.46201557192876663,0.45993496285685626,0.45876604376090246,0.4549769972440244,0.4560780478074329,0.4535394287926975,0.452630279120002,0.4528570773882114,0.4498589607263528,0.45305419546812015,0.4487631708606822,0.44933539587174376,0.45002512469623546,0.44819249654592613,0.4423266629912872,0.4450497350484422,0.4448771683213637,0.4439761157669176,0.4389845848595945,0.43892083317843666,0.4412587588921453,0.43680430682500077,0.4368343485364507,0.4397842114438692,0.4359078230665286,0.43422565313504413,0.43411349487153655,0.4375470798201241,0.4364806213455227,0.44272047169949796,0.45039760092810455,0.4619628855201221,0.47402775877090597,0.48861334130796175,0.5136671937204328,0.535221321160027,0.5597662803000799,0.5882743289780015,0.6154739962645298,0.6320402243609238,0.6438089382271606,0.6506035726711066,0.6389516670919501,0.6251995106078043,0.6034574117829787,0.5814856372197245,0.552723084036199,0.5270887176950295,0.49801068125248493,0.4734770155254316,0.45497059294394426,0.4399048235915288,0.42472292247460636,0.4250015943666568,0.4145829291369351,0.40972840980281106,0.4075562918671897,0.4055857399728133,0.4022405134847795,0.39991865872842813,0.40121180548602503,0.39970889499858925,0.39628999026120154,0.3997435852014822,0.39649897121430405,0.39638360334852374,0.3967216284967526,0.39299626037726043,0.3926014269747029,0.3926027475254124,0.3885481879093032,0.3891212466916569,0.38827947922747874,0.3851315053577234,0.3906941369699569,0.3822595175907059,0.38149313779851207,0.38573303989710034,0.3835463603900932,0.37908313939708915,0.38136488820598147,0.38210125220954066,0.37812026634812923,0.38239367940725466,0.3727631511291752,0.3766141628025867,0.37657481371220347,0.3750396859932851,0.37186352791653016,0.37070659773538117,0.37119101308599917,0.3709494769569551,0.36953817347576656,0.3694286534651776,0.3643263013949688,0.36492466421200404,0.36251846286450035,0.36265093286990835,0.36449613888848287,0.36177097705936073,0.36597214509445136,0.360607846087882,0.36035033393441857,0.36152538408190865,0.3630625282919577,0.3704930577878401,0.3841037862967359,0.4002314000167039,0.4252036683510618,0.46114983120874853,0.5068171756534754,0.5579074922437713,0.6100558563063134,0.6478098092269639,0.678630803102714,0.6891322359668764,0.6736335264107907,0.6448845545188798,0.6004003530185626,0.5482897537774807,0.49825376996464044,0.4508617749560503,0.4118933916185329,0.38510324223401776,0.3675687002658272,0.35419206692165894,0.338827907296691,0.33883295006139463,0.3342711733313856,0.33295809606504545,0.3304190950144369,0.33027790307861293,0.32928671078548455,0.32681393608342696,0.3251849230966998,0.32509246055617264,0.3254726878767341,0.32521714069323565,0.32474101717171655,0.32106116283890945,0.32163246906738063,0.3220050253598207,0.3214264509242057,0.3179928365337963,0.31668387993299346,0.3165232330276063,0.31285681105395585,0.3137842504000498,0.31467589901500453,0.3134859575995244,0.3106772944504679,0.31067107023460533,0.3076127242250727,0.3097274566232542,0.3073290701602231,0.3064048073737701,0.3064912703109553,0.30909935721967297,0.3137210606276728,0.3268914654176363,0.34336286982255065,0.3741093902170577,0.4063989948436236,0.43402270796066006,0.45987763695535244,0.4667244270142958,0.45711541557767466,0.4358716144507747,0.39694487786510324,0.3637658432493899,0.33538849094438955,0.31175681432601277,0.29912000098162445,0.29105695851112057,0.2877171171033686,0.28156147293410827,0.2869091829972215,0.28879464746001243,0.28395393612198133,0.27982984813956197,0.2803895112067659,0.2797720262515152,0.27766975555211726,0.280440515874951,0.2793559095520725,0.2744397267232491,0.27721603350916263,0.27783473788763274,0.2776014701143856,0.2785420188938499,0.27002285069256865,91.87081412431768
0.5847696498410269,0.5817224306403855,0.5806113299313104,0.5784197845007353,0.5785041758538567,0.5766371225472893,0.5772198878773727,0.5739553207269208,0.5731807383082487,0.5779468814843444,0.5714528005117523,0.5757822661153832,0.5695537952412623,0.5739344046640384,0.5715925305932225,0.5739829015172506,0.5700088500321364,0.5659863287153744,0.5689619062635723,0.5689898704331888,0.5677391659823803,0.5684859135773633,0.5655395125756698,0.5634741141879319,0.563334367640426,0.5636351755479191,0.5629518193256636,0.5681484188943386,0.565186350900805,0.5633991176996156,0.5622877137093529,0.561406810646054,0.5609097120235962,0.5602688126270612,0.5599306137703711,0.556022440892408,0.5605411692010934,0.5629633339414025,0.5656815149756165,0.571935675300645,0.5822341880408919,0.5949720346693043,0.6093429865602578,0.6289528471102586,0.6505357870290188,0.6716257459619277,0.6964534580744961,0.7129952376177409,0.7325634360474492,0.7430399297475416,0.7503861171851967,0.7433829471612899,0.7279934576375576,0.7136725691345842,0.6918829684370873,0.6653715275526457,0.642386920721725,0.613132521410838,0.5926669861323427,0.5790657728869442,0.5685821659012634,0.5614287328551513,0.5489082815845708,0.5443833961766511,0.5427685916195641,0.5391986262317764,0.5373942284564773,0.5364066648849597,0.5389018016044843,0.5376771880899439,0.5347454203194474,0.5373025924750723,0.5343272690614377,0.5349421743824202,0.5302427749974226,0.5299878473631897,0.5292985317091186,0.5297862465471445,0.5294120254290166,0.5292731023836789,0.5319035204830569,0.5287324346903887,0.5255928642154923,0.5259484684960998,0.5282974714059697,0.526183916524043,0.5269362909868959,0.52231992995658,0.5211945432311973,0.5205563467302603,0.5204790329753713,0.5184890097627751,0.5205385317304101,0.5199054899185138,0.5212908411973622,0.5144253300810049,0.5153901697996078,0.5182221557176091,0.5163105109925459,0.5153657402773538,0.5171364164381933,0.5119213854053375,0.511816465789836,0.5109136994263213,0.5079142817400283,0.511540958106576,0.5095703980982834,0.5085066573916599,0.5075427208651976,0.5088306164551116,0.5069914158072748,0.5092309176910202,0.510839657656563,0.5121587558126404,0.5176775432257836,0.5287577102023584,0.544339384882796,0.5705892119588937,0.6003074093662415,0.6410176887335536,0.6838428126551029,0.7236641041666374,0.7626884124171663,0.7889767706652859,0.7993421445325942,0.7915937311555968,0.7601669272056998,0.7224068715915084,0.678882171811155,0.6320365599631347,0.5949499097429158,0.5558892968431974,0.535074241348785,0.5177094115547284,0.507357952395413,0.4981885499341178,0.49568601555088476,0.49093631958485273,0.4882976673867435,0.4869487985578541,0.4851290011326543,0.48639711546453507,0.4872115937147396,0.48549671218519297,0.4856388230147283,0.48704441378629576,0.48287202376415544,0.4879200987417916,0.48408254634071374,0.48151077515313534,0.48079799144972946,0.4785535053874241,0.47985090116482515,0.47491171265021226,0.481079007120901,0.4722668232529585,0.47731611860987,0.47427722212378526,0.4744954962790928,0.47408657715668057,0.4784169364167138,0.47170146814864905,0.4751067065817966,0.4750613928408753,0.4677943003984429,0.4716559148853902,0.4777979856547971,0.47708823947028056,0.49185363581746216,0.5058002988274144,0.5292307425389743,0.5580409899579465,0.5869550728307551,0.6054030016440197,0.614205470121385,0.606720614490717,0.5839539801452487,0.5545958768056412,0.5225761217072051,0.5004263286565247,0.4817008729912395,0.46721236381380976,0.4630874416299982,0.45908186822243074,0.45730579710647085,0.4571041650642691,0.4584868071577717,0.4553012005019977,0.4563277550231822,0.4553303008984521,0.4529819831638996,0.45318294390401814,0.45493482879799796,0.452837310804466,0.45296792347994974,0.4537478306396663,0.45140528148177167,0.4460265994640308,0.449741742454683,0.4472968939837769,94.71808991505603
0.3769822351337422,0.3762874955949957,0.3790064426620663,0.37855973404468773,0.37607253929313755,0.3758184072833778,0.37336240945814453,0.377914108749059,0.37753957481981054,0.3800762783032882,0.3786209309851214,0.380670204430672,0.37670594283069875,0.38047589719283936,0.3772406890177765,0.37995263914751093,0.3755788554978704,0.37906556818175474,0.3747248471465574,0.3782588740039111,0.3797727845477196,0.3779490721867487,0.37698908225631883,0.3808811874089481,0.3790811415980378,0.37840837060544447,0.37957158125516416,0.3848634298454894,0.38200411106059967,0.38213975805094635,0.3808255517489923,0.38047276001923913,0.37562139410299206,0.37949350440580387,0.3806186967274828,0.3790480143531712,0.3824855566296422,0.3840347361165751,0.39283388946079756,0.40179478047896144,0.41258825848522507,0.42494250885255447,0.4397559031743355,0.45912392604448826,0.4838682724931139,0.5110555820788668,0.5379924781961489,0.5633388800615747,0.5808801060812121,0.5961296972961124,0.5994029650705845,0.5956706874205687,0.5855846365994298,0.5618914650540893,0.5413990087020477,0.514554853217977,0.48790214025984163,0.46614352242143486,0.4450235280723321,0.4240006127312152,0.4119888931633673,0.4028960272738494,0.39473872949587524,0.3917385080710348,0.3881326790822431,0.3894306782866385,0.38168489509499903,0.3839700514205169,0.3821578624462207,0.3851071636628658,0.38067712509713003,0.3846620963895447,0.3827897192411748,0.3826723290605017,0.3813432047252305,0.3834036222148707,0.3866011809343911,0.38448053628768547,0.3858851320222787,0.38805795709415314,0.38535510237892934,0.383808914969301,0.3859599430857565,0.3840357714046461,0.3842144435189005,0.3822824285155621,0.38727365433733896,0.3847480594471003,0.3859831863339685,0.3836459912292297,0.3866887355900187,0.3843918830984712,0.38573127337549623,0.3878692681255589,0.38779405993187094,0.38626740640758894,0.3828741297375913,0.3924949382215567,0.3900999604431965,0.3881525182548421,0.3852996901893353,0.3866778553266694,0.38591719068022357,0.38963091879204803,0.3877280181889901,0.3857365139448507,0.3864712358527114,0.3897800605575082,0.3909073905636363,0.39104210448256,0.3900247441443038,0.38905222396183425,0.3851429379201816,0.39614040078337,0.402555272220591,0.4145868116839305,0.4327528883604277,0.45655649901740425,0.4958666618394614,0.539666889617036,0.5884917895540359,0.637617924220931,0.6787772069441337,0.7052117500032068,0.7160501472037524,0.706411909049102,0.678180203529125,0.6383147569906598,0.5892058514492043,0.5435463963096655,0.5003518856153925,0.4607532759247051,0.4265545864759279,0.41856116681833844,0.4034566819434119,0.39611946826350897,0.39320328088058926,0.39123624395384915,0.39250512647075614,0.38783432712199517,0.388717361191383,0.3915874596820447,0.39221994290137974,0.3923470842293453,0.38958594961563336,0.389301535869847,0.39034347261503566,0.3919353463857883,0.39452546421051854,0.387558556441291,0.3913108976848132,0.3891859233838015,0.38864572012134013,0.39398304400806594,0.39323730514224603,0.3931458485514044,0.3941879606144929,0.39148541130125647,0.391678590768527,0.39701475274001186,0.39225151706116806,0.3943244738784035,0.39300707106400307,0.3895387041385209,0.3896801506053647,0.39389465013677427,0.40011798533767845,0.40575766054347245,0.4174892621970182,0.43242836494752485,0.46418183281411857,0.49107125567413035,0.525279537680925,0.5486767539810442,0.5572845743328633,0.5515724933257616,0.5238393688198744,0.4908953832280113,0.46178148075952946,0.43459205627837777,0.4236029766365995,0.40691904560125514,0.3987699055903866,0.394721049833076,0.3919873366749364,0.39336113839862025,0.3955983973853229,0.39828092330352366,0.3977579442908125,0.3960692384945196,0.39506313828275985,0.39634593210889396,0.3948699417296498,0.3994428687889109,0.3957266853967112,0.3960313152541459,0.39187127136135297,0.39601097176218886,0.39817373497529346,0.39446424678943987,92.1675772920866
0.52308881305222,0.5242912780466795,0.5212243039925564,0.5222684100779014,0.5248523785438335,0.5225924194668774,0.5251893223585856,0.5228185654079696,0.5224154774708741,0.5275579495754975,0.5285109725014316,0.5255663275429381,0.5241581330995271,0.5231534026203304,0.5316252360320326,0.5285351061774866,0.5274674266248981,0.528326678882092,0.5255989264486816,0.531036477343806,0.5341679868918409,0.5289733538309946,0.5356768940105088,0.5310483276873027,0.5349859270589625,0.5326384795635755,0.5330087628831062,0.536458872635125,0.5347157380715535,0.5342899978473666,0.5300703065019277,0.5313974643607868,0.5358777721868277,0.5386118204572296,0.5369439531861093,0.5370127861473983,0.5368228168510772,0.5424526207601096,0.5495464800292811,0.5552069103825157,0.5656453774112207,0.5817046014362339,0.6028301628733348,0.6232257361011339,0.6474899021223818,0.674204183159547,0.7018031603888746,0.7250283923882327,0.744260668009821,0.7595774015196999,0.7624084705646371,0.7564659962635801,0.7494537862001017,0.7237353333516982,0.7067061625026232,0.6785510082277021,0.6494329218901553,0.6271000487044555,0.6050130324703521,0.5901018846258859,0.5765719071303285,0.5660065028698202,0.5596834135408391,0.5534384331002217,0.5544149923624574,0.5517752712020526,0.5476078790922871,0.5499149942231988,0.5497670212225872,0.5479937300612333,0.5481200162362185,0.5515550445282301,0.5494488469696042,0.550361446679405,0.5530109678519939,0.5556451521596816,0.5498957850585477,0.5508781286023486,0.5518389570463986,0.5522554872668595,0.553185805305256,0.5518238248672938,0.55064288786438,0.5570540089214048,0.5551416121101326,0.5534514643604201,0.5555338505727596,0.5586966143415504,0.5538257587855362,0.5561951711828577,0.5533642500085559,0.5562783849762757,0.5581193477299217,0.5550277991794743,0.5572539316870061,0.5595992777590278,0.5595489121644271,0.556426337306604,0.5598602393318759,0.5606012168623524,0.5600708429218932,0.5624046561654904,0.5594182393743877,0.5617934458752315,0.5590100596969545,0.5585132486322076,0.5636568724221234,0.5625333648395239,0.5620082286156285,0.5613580826868579,0.5659469458896064,0.5626111094817771,0.5699856309970345,0.5731563932102994,0.5767364497983292,0.592113788279821,0.6160768270338476,0.6404153981867549,0.6727728413912177,0.7204945007613953,0.766018151125226,0.8157671715788712,0.8611716807548504,0.8916064858124363,0.9027219035507146,0.892895726191717,0.8637801472545203,0.8175083500788877,0.7716968239833334,0.7247093405168408,0.6797685424068004,0.643596015953267,0.6173652487555921,0.5991665024156068,0.5831440126817259,0.5827281328953576,0.5766849398536683,0.5766906182173308,0.5700719346583202,0.5779430405333108,0.5724970799476281,0.5801919389073704,0.579692389646128,0.5731660401590387,0.5778180829902209,0.5745197800478216,0.5756462262212236,0.5760623940935402,0.5785629924512498,0.5786874894521382,0.5760061220893605,0.5796602950932623,0.5787432627326222,0.5758814639530804,0.5790255939547633,0.5835856012096563,0.5798352759006652,0.5773358687132496,0.5830070574865525,0.579894700998583,0.5825521501662718,0.5821612063623478,0.5864414523093424,0.5830909347588913,0.5819577637910511,0.5848839115220091,0.5866358751711254,0.5952213345313061,0.6111170275407021,0.6293915634390336,0.6582276280563569,0.6879473350510796,0.7199172882535652,0.7421370138358009,0.7540238919352129,0.7446150548578164,0.7226726975022275,0.6869708573036966,0.6572193218279172,0.6274585204488196,0.6127057360641306,0.6021866099889779,0.5917878270247036,0.5898216994287495,0.5890767569737558,0.5912422036311858,0.5890292722273927,0.5949104668727866,0.5933860828111119,0.5940804625374525,0.5900748677271419,0.5962103154510024,0.5952942517352413,0.5930014281021904,0.5916536719793304,0.5949560420829568,0.5945465224345825,0.5950006203215367,0.5948106987341335,0.5980355232746423,95.7403640530906
0.6351429353133561,0.6281049716817899,0.6302429994485941,0.6309076574990562,0.6348841105536197,0.6284951574372065,0.6351983719841953,0.6328314320696077,0.6322373837904159,0.6295200404816998,0.6327177050539797,0.6302145640392397,0.6342809745046875,0.6298916426544428,0.6316935644387709,0.630895449969332,0.6301170649484389,0.6336608652731361,0.6333352580358467,0.6347684763040488,0.6288768225735997,0.6346510358488576,0.6376197282759788,0.6317917257823275,0.636571597419072,0.6323415740118211,0.6302104455858502,0.6324332458735238,0.6352345329181417,0.6315651137544948,0.6321648470594837,0.6347188306655769,0.6337860977859563,0.6353496332119244,0.6353257765525425,0.6369330178758598,0.6369603106494518,0.6412460407842708,0.6434784856935267,0.654623465870829,0.660245822270983,0.6765042110442453,0.6900639430341609,0.71068335690513,0.7319012994917331,0.7551563266196691,0.7779635392397408,0.801485340086079,0.8207907459962853,0.8334865663502795,0.8391721508451159,0.8323435225013597,0.8200191010308461,0.8012272471162533,0.783102104964086,0.7608158536543221,0.736457265699417,0.7129048303782312,0.6931860790173148,0.6791918284835499,0.6639008289107676,0.6552333816895184,0.6467584171211941,0.6402974747268116,0.6388684272167147,0.6385388905846617,0.6377273590693345,0.6409608592982994,0.6370426615976306,0.6391617978273427,0.6359399584609766,0.6362349329425916,0.63426915713164,0.6355211315842118,0.6381427341236594,0.6371887526250197,0.6391451425712709,0.6377077104223254,0.6367263469952751,0.6418139415933667,0.6374156485025388,0.6400155701239377,0.6369732638345502,0.6392809957330313,0.6398039427548716,0.6384510100781166,0.6334111750022285,0.6382427604826407,0.6407532903704124,0.6394334466550683,0.6393562774536273,0.6351062005494181,0.6371959189901516,0.6395456591079941,0.6396298251135881,0.6413245068354303,0.6386915544848113,0.6398790509143962,0.6391862661032423,0.6372657476562998,0.63481416880032,0.6402739010015607,0.6398459525404112,0.6383480546678878,0.6364329894987846,0.6410196218818421,0.6393227426622713,0.6410785655647515,0.6438444729053934,0.6360858910597633,0.6394509332703121,0.6413963387709395,0.6466369909821728,0.6440835609845237,0.6577246245052192,0.6650113894235772,0.6815448425126232,0.7059645427360919,0.7384369630336899,0.7818718945129909,0.8228093194944269,0.8706901410737499,0.9080223838050965,0.9336507967865487,0.9497615219591953,0.9361853945814156,0.9103617370824959,0.8727915545567945,0.8227925788252811,0.7841413919543548,0.7353249513110495,0.706028735440774,0.682196615916386,0.6674531892053703,0.6560126332694574,0.6489172612531877,0.6457700970846036,0.6420980265188293,0.6402668820953913,0.6444052174900492,0.6442594589229482,0.6460617051519669,0.6413746783270013,0.6444181324119275,0.6425485107217194,0.6455821727174393,0.6453310311002377,0.643795577267377,0.6427801974291366,0.6454672331948104,0.6449252918025169,0.6423487165018562,0.6411481146417487,0.6433127608988893,0.6470067690745213,0.6463550307370196,0.6419235182076153,0.6418987868587036,0.6468698689055856,0.6421358081262559,0.6455140498482466,0.6433592829452295,0.6479498046153577,0.6433926276515329,0.6477098794445564,0.6469770281832556,0.649844195781897,0.6511191642305422,0.6612923514839949,0.6826279599937354,0.708171610258271,0.7351386558323472,0.764739237295511,0.790141136661882,0.7984224804655207,0.7889149387097855,0.7688214864154991,0.7355573351813772,0.7076548460105904,0.6872259942274955,0.6668681990202757,0.6565180124207404,0.6553295346720169,0.6453586913984221,0.6487383114007452,0.6501559735210727,0.6461327520532968,0.6485496695179229,0.6449426322031836,0.6456170565696114,0.6478461048916279,0.6487593353183617,0.6494901758817344,0.6504736727317059,0.6472856368931621,0.649893868204393,0.6469081497181626,0.6494830567421109,0.6481799664287804,0.648742459361404,97.28785159324742
0.34180192535319953,0.3441414793899427,0.3396635051171333,0.33698171276281685,0.3383623362101477,0.338689320198987,0.3391999838685253,0.3397866260539784,0.33951269741052703,0.34028280862789656,0.33906537549158505,0.3341618228758872,0.33900856762410037,0.3386696467747402,0.33953860426576704,0.33765699141533745,0.33876889257297754,0.33937621083064534,0.33788552750489825,0.33949923897967116,0.33822963486358865,0.3383445941483681,0.3321277632054068,0.3356273476047636,0.33557483441591474,0.33823214604778423,0.34028581743851055,0.33745033911313155,0.3393323506576906,0.3388895346659062,0.33784859783367444,0.33873021840277256,0.33816085970067505,0.3376070721868817,0.3391370523205369,0.3421169221858257,0.341687833992037,0.34368546524688115,0.3454249044767846,0.35587390031266697,0.35855104745268673,0.3691922405828358,0.38776013490385025,0.40276271392451213,0.4267677121446745,0.4427928741206805,0.4696257729158834,0.4889904747072439,0.5033891710395766,0.5092034749670454,0.5134735054467948,0.5137662593781199,0.502455096251518,0.48845448311896644,0.46710080966925605,0.44526877695922823,0.4190395024148466,0.40535549292353534,0.38478908572141,0.37076189003077015,0.35806329213310706,0.34868280416134195,0.3487293281410228,0.3433295158127467,0.34073911518229105,0.3370471966869847,0.33301937585669755,0.3401198223900322,0.3364214257938916,0.33564748424008073,0.33452595635142124,0.33106309882712487,0.337361824313844,0.3328984854294332,0.33604611898878,0.3364354137958341,0.33550351612304646,0.3357168746576086,0.3374109962803117,0.33307579220353023,0.33493150729266835,0.33409417465023733,0.33080714006756595,0.3350008219406362,0.33687254171285286,0.3370645941100897,0.3379687654934236,0.33064825811011833,0.33739483704011103,0.3344491464582606,0.33722247722950305,0.33317367268160286,0.33284352182763866,0.33141646291802773,0.3353408484886665,0.3347597307830292,0.3314386448078944,0.3292862757119511,0.3343869251465131,0.33455666140787815,0.33146630616884115,0.33100645144467306,0.3346357851169603,0.3369789286213388,0.33221877521615334,0.33139376840414236,0.3337000858427614,0.33433630668932085,0.33233757098599576,0.33720674910502113,0.33525493475615126,0.33341602089422784,0.3325668593041447,0.3414976178217149,0.3469112745729733,0.35351256708949264,0.36986860538830757,0.3907291699074924,0.42137111314049797,0.45429544598023713,0.4942285290197085,0.538298326439519,0.5730711307643642,0.5936497141363757,0.6014084660836594,0.5968102016623723,0.5695329171796428,0.5364387331973618,0.49595581958497315,0.45283038600411707,0.42001676733522175,0.39040531760251435,0.36895800159299835,0.35338846970289944,0.3476364926240107,0.3399036069838365,0.3344346900951797,0.3329280578900233,0.33535159091386657,0.3331393010670089,0.32874847458421697,0.3329877967031282,0.3334958413477336,0.3341801212599574,0.3300811836600361,0.32987642221349683,0.3288833712659829,0.3313250863207611,0.33211643804834196,0.32956592656223577,0.3302508389145957,0.3263689190572925,0.33343713800643904,0.32723017244552477,0.33105157000441243,0.33072040568567096,0.3302773990397478,0.33026527449908066,0.3280460794337015,0.3293558111903626,0.3318937512262843,0.3324368470153189,0.3290407227887393,0.32682117849106396,0.3286870796122486,0.3348726411762873,0.3320349886274199,0.3382537677557739,0.3506487716080439,0.36214642400557584,0.384718300002316,0.41304588514413876,0.44112392880825096,0.4560186122489598,0.46735453482396017,0.45663042912908525,0.43569599880319027,0.4116073131346335,0.3822693169479305,0.3635630917314963,0.35341886632905783,0.3398457707200494,0.33233364289552675,0.33222558593610707,0.3272190895622489,0.32713614455511836,0.32833344196103564,0.3285711158301784,0.32574203226985754,0.3276555451714919,0.3279207934786003,0.33123572513596744,0.3255069623383649,0.32526343977654804,0.3283288397943523,0.3302210603726808,0.32896437847772253,0.32840843152145843,0.3271677469598198,0.32903905816364293,90.9069138416841
0.5183268134377018,0.5177852301932481,0.5175562302895786,0.5190711950081346,0.5159864898346758,0.5155550562470651,0.5153091454130194,0.5214955362203811,0.5183136045386247,0.517710594748901,0.5148352726152129,0.5180456781674176,0.5164145424834711,0.5169247146691338,0.5143918277664036,0.5165142977273234,0.5151947845624211,0.5143599209956321,0.5172080478107107,0.5125131118930667,0.5165667741842533,0.5166548936425619,0.5133753505323387,0.5133427459330581,0.5143862505400774,0.51524562875152,0.5142260030464769,0.5152511882010818,0.5177674775809146,0.513094906598997,0.5105730091842818,0.5155975218153273,0.5173504266355058,0.5149852882544856,0.5125549165588449,0.5155437091546722,0.5154656260732638,0.5221925624796988,0.5232698983524706,0.5329650404227017,0.542368040846125,0.5592562923707781,0.5770470764437212,0.6009576675309001,0.626819502850325,0.6529413672517769,0.6842705253913539,0.7085419274915867,0.7272600069634412,0.7470502327593325,0.7480469277512074,0.7419592417606355,0.7314622404736031,0.7114152396755861,0.6815156053017212,0.654096396382661,0.622983095427466,0.5981914403664566,0.5749607004545833,0.556648746052371,0.5420160696611196,0.5313561703196603,0.5228163631166267,0.5145513481051872,0.5115891039173909,0.5101594269499143,0.5093240642539182,0.5111568148580533,0.506210817479184,0.5074811257426768,0.5098570525323823,0.507155632819082,0.5085047804268176,0.5071447932666476,0.5077824768370734,0.5066591917558084,0.5082983965814122,0.5037226369943686,0.5059347440410359,0.5071031801237296,0.5074261087670356,0.5091933125915461,0.50527404886179,0.5088637531103524,0.504435433482966,0.5082594655535422,0.5070857985900054,0.5034726387865972,0.505762326030386,0.5048944674950214,0.506096799963681,0.504247779209719,0.5039285215455221,0.5071298947726556,0.5040429554286593,0.505741933477361,0.5034870774758917,0.5071197986118268,0.5022784946367891,0.5022555693730869,0.5063815866370188,0.50229136914605,0.5062321743562239,0.5046626695116484,0.502419334238223,0.4989538846097756,0.502400254832438,0.5025190264028636,0.5045753676746948,0.5054608002152418,0.5012245039329732,0.5050724827027601,0.5069835030173953,0.5115882081941165,0.5177782078677832,0.5253653942920727,0.5485492671307702,0.5750703729011991,0.6152262547979676,0.6646253784188172,0.7158069462444459,0.7698865087909217,0.8133507615170068,0.8406494685250357,0.8489536030894743,0.8432411211482461,0.8116341671839039,0.7647285852409028,0.7105849229554464,0.6596827996221704,0.6134267826971539,0.5765952262420386,0.5468164399230679,0.5297429731529613,0.5116834521365541,0.5078747159990564,0.5019158948377854,0.5009254392896935,0.4974848136519155,0.4998880149182418,0.49798951325298896,0.49581239107468705,0.4969677413523943,0.49635164102568813,0.4976546547628858,0.49416448248448874,0.49631375319095583,0.49701169050494465,0.49613579618149173,0.49861231943719136,0.49731517317694945,0.4956008574537792,0.4958978888157193,0.49590453333088264,0.4959684930808707,0.491359269797108,0.4942562271596782,0.49173910938510057,0.49711334011962477,0.494284313009742,0.49387066795105794,0.49591114782872203,0.494855502533275,0.49175610957404703,0.49419183565820496,0.4947950938508203,0.4949174223110456,0.5034579489399325,0.5166507454087255,0.5368343807499908,0.5626038368336813,0.6023381151175451,0.6340824261010066,0.6599360943124939,0.6700840851033484,0.6579822188718787,0.6345941106060814,0.5983927843209536,0.5625646614817946,0.5366980937022516,0.5181854730934417,0.5041698426969714,0.4978315089826448,0.49170061556876804,0.4881122391300556,0.49366486907265117,0.49448848136334406,0.49326914857886756,0.48934914305964355,0.48755749167998935,0.487583544357279,0.4861960371349844,0.4891974204836313,0.49247222289432224,0.4888262330188419,0.4895628956580277,0.4915581353925121,0.487847442450154,0.49257538759748626,0.49233720510929657,94.64860471862211
0.5229487018181384,0.5239009531677857,0.5251840909946525,0.5252467834419726,0.5241282734265328,0.5182102974305655,0.5206165544992339,0.5188528860823576,0.5194264158767565,0.5190791136828597,0.52069122446167,0.5184060188781181,0.5199082328759856,0.5149305724269647,0.512752464066117,0.5177541265918972,0.5149675759226904,0.5118711460797617,0.5134903596493536,0.5135422576812707,0.511367146061514,0.5089277213448518,0.508760310032251,0.509481153783887,0.5085548550904956,0.5098390148434314,0.5061207173535687,0.5040045851802755,0.5103493338295807,0.504815225673046,0.5054226342148914,0.5041199352014886,0.5028381551217805,0.5015219627749776,0.49610113290923397,0.49968252523478207,0.5031586277049717,0.49865310609061053,0.5071195340225639,0.5129415876179669,0.5201669514801028,0.5292308468257445,0.5423724890634304,0.5589028478168518,0.5754470133428541,0.5925811289621623,0.610824628057774,0.628505198834,0.6414121906757638,0.6528321273260779,0.6542508991540343,0.6483488612035802,0.6416394590481115,0.6232343101294866,0.603258517478721,0.5847362223254919,0.5626908000100143,0.5471623742816517,0.5268772267996823,0.5144302313323764,0.5055202917386573,0.4938492534388247,0.48996716331442675,0.48282684911114654,0.4821858310449495,0.4806541851773979,0.477849235266779,0.47678332307649984,0.4766058464037459,0.47428213805504094,0.4758141809790117,0.4760035446373819,0.47065271737142755,0.4752893352963431,0.470402720280664,0.47425439089947535,0.4689424995311186,0.47019397071242064,0.46944020788985735,0.46651857040018135,0.4666954667384678,0.4686870354370826,0.4644198930211933,0.46348618976124156,0.4612713715746752,0.4659704345315113,0.46113080109088367,0.4637493387745343,0.45940369282977594,0.4622005958197152,0.4607337369482053,0.45792061099806924,0.45616594702306906,0.4555854619401945,0.4548169474764786,0.45753593770317275,0.45498305620228746,0.451689374759313,0.4526723770611848,0.4521716284514426,0.44741271793464477,0.45055470656668056,0.45165119268997284,0.44918676356993414,0.4492285204788559,0.4489479452590037,0.4465575043624252,0.4479808428821625,0.44874451183485137,0.4421739673496675,0.4441102333231166,0.4494304039428423,0.4458533780924498,0.44757880654991145,0.4515990413187459,0.4626984522914027,0.47127181628880077,0.4942003655044015,0.5177582581950948,0.5488849800699235,0.5858186208185622,0.6219885341986074,0.6517976955346589,0.6756476552103872,0.6787759223506133,0.6722163081215637,0.6508961444700547,0.6178828860204392,0.5818814789904151,0.5420877791042478,0.510641303841598,0.4832508106074737,0.4631984288428364,0.44300470036431816,0.43827370096540824,0.43310558074977373,0.42685790907509696,0.42435815338897953,0.42259385312990283,0.4208683970752027,0.4233858353613957,0.42582195965794917,0.4193835373156172,0.4188127388719013,0.4190314648128586,0.41505308257833684,0.4161227715884458,0.41665691080540757,0.4142399970971586,0.4176797576805978,0.41195426367611493,0.4156009330467051,0.4159929510419265,0.4130764201111633,0.4112950936568988,0.41131958273476504,0.40920291780249207,0.4052689438376625,0.40663966861019346,0.4078332162646016,0.4052330651961051,0.40555322336036403,0.4066258751987366,0.40532157626175946,0.4067334684871759,0.4053542281247832,0.40687950715014615,0.40858451146210845,0.41517948265435334,0.43031980663576197,0.44887721364114,0.4733306954348514,0.4947155284411271,0.5156810248059177,0.518449137179296,0.5117825575395881,0.49383531746272424,0.4714527293424648,0.4479051620839036,0.42737077606244567,0.40636239311645533,0.39886114683752005,0.3931591787568918,0.39213294556221434,0.39037556665823525,0.38752005497983955,0.38651222307303085,0.38506722891593026,0.3810027897870445,0.38296996919179704,0.38655649462076347,0.3870093094671753,0.38603262856085985,0.3844124037600168,0.3798270758953707,0.3787455389939298,0.3767429617262639,0.37845563782146646,0.3790532687012696,0.37612051184426437,93.27043934175914
0.5764956905551611,0.5792246170670784,0.577854176795665,0.5720538853008451,0.5775920699733248,0.5771572908032268,0.576052144888969,0.5774335730339591,0.5739436539451798,0.5755997099334877,0.5714310608555263,0.5750174296066826,0.5777476374730289,0.571490074619255,0.5715984523031988,0.5713362949273738,0.5726545915223472,0.5699067918257124,0.5725136285829505,0.5730030836949546,0.5720163699270696,0.5670491217410281,0.5722145812658244,0.5717373210206369,0.5711613789794543,0.5698855547859173,0.5692199363765413,0.5704861473779995,0.5719151478220222,0.5658197953979865,0.5695633152767376,0.5669635185094813,0.5666982467056066,0.5638783134938746,0.5666802181779192,0.5660671374550863,0.5687687313506239,0.5703864734028458,0.576373332320299,0.583593571533869,0.5948495741316524,0.6053693093008639,0.6236689011615932,0.6491626793300469,0.671962107366979,0.7027304008804731,0.7280196500699201,0.753370327764732,0.7747015640747459,0.7839503084634927,0.7875863936857226,0.7855896737423289,0.7714522835298143,0.7496117582967529,0.7274581804959036,0.6965395451004606,0.6692817617803833,0.6434170654784324,0.6189030575394904,0.6022428261606481,0.590214969489826,0.5773376522029479,0.5686517377560278,0.5628543119004012,0.5602297130428044,0.5587092778883829,0.5568928904031363,0.553988799379427,0.5545848487103416,0.5543500633842758,0.5509234441906026,0.5528696455716176,0.5478293597227699,0.5527468211339739,0.5527371674738666,0.5525484246408142,0.5499009631150834,0.5509472189308638,0.5528152311793011,0.5524331079256237,0.5491854846224713,0.5491607360702632,0.5507421876038507,0.5451570303137342,0.547150752042254,0.5501063136651201,0.5490238430754589,0.5474502387884304,0.5433383156642537,0.5458884292507938,0.544446688166378,0.5459268660065231,0.5432843640733149,0.5424898798949949,0.5400498653717677,0.5462614745402143,0.5426565933959178,0.5434086952641686,0.5427281968915223,0.5402360754006785,0.5394910867793707,0.5396368730578497,0.5398395055699581,0.5416575865120746,0.5389721311108471,0.5436978625778189,0.54190686967429,0.5411348375384044,0.5389910975807112,0.5420853125921102,0.5387061132367499,0.5397119656005966,0.541818326446924,0.5465278368148155,0.5532873824928243,0.562918682953011,0.5815700429671566,0.6113097720445806,0.6482711549938308,0.6913678920174153,0.7396156274274648,0.7928775904384527,0.8379588180999491,0.8697079120991711,0.8738911839899086,0.8645204743846957,0.8344860363472973,0.7938334487614086,0.739826274502006,0.6867226335684435,0.6436173032960444,0.6041564584783723,0.5743995637314959,0.5555722332515766,0.5482470350839177,0.5379345325013073,0.5330123592866355,0.5298697012496115,0.5295979609595856,0.5287653002730556,0.5282393687864788,0.5274489628480606,0.5285678569915724,0.5265053212031141,0.5241384584472913,0.5245068364007791,0.5214116517091967,0.5290615226745136,0.5263716494027825,0.5226242643769766,0.5233589840103396,0.5222871898170665,0.526284306394624,0.5199977268823827,0.5227047026038373,0.521896964338948,0.5234059688047688,0.5211825579729299,0.5175125238398199,0.5201655000338847,0.5183642420416915,0.5201171382294967,0.5225077834921075,0.5159477607041812,0.517920924274419,0.5192962937443965,0.5222701230476379,0.5305246111690405,0.540271686578145,0.5606402398170415,0.5859339299688706,0.620793879926523,0.6548304123973934,0.6763511255282103,0.688283564891197,0.677197008649165,0.6539188145846533,0.6177608068876094,0.5850541193027601,0.5561101143223707,0.536085581793339,0.5244979900854593,0.5183193080491174,0.5113913961843441,0.5151540218031088,0.5077492084358257,0.509588267007894,0.5103644412871842,0.5110048171921059,0.5129681580190336,0.5057369743610872,0.5080763424000314,0.5044763172802053,0.5084314951683501,0.5085498873354989,0.5108263808584782,0.5075243281343691,0.5090093781131491,0.5077272712593278,0.5053273699442499,95.40975482249111
0.37734925665296865,0.3735946288487551,0.3778465139187758,0.3747823697386116,0.3788195524525956,0.3744379852908585,0.3744934855806461,0.37304075086175864,0.37345591868623135,0.3726957566215894,0.3763430588696617,0.37109566785050374,0.3751363669518074,0.3749530511542454,0.37581934918864585,0.3729203004338581,0.37054791310543833,0.3720263078100298,0.37332774438519567,0.37207633109184013,0.37240885214574443,0.37417449916780876,0.37237647840033133,0.3713779415202226,0.36706103803770174,0.36895107089919643,0.36947921402671513,0.36610603000842834,0.36761783269252835,0.3690854234729804,0.3692178178966686,0.3702904799209718,0.36880087029607905,0.369794158559513,0.36882169982173557,0.3705599194462827,0.3729327528661455,0.3776508929227333,0.37796343682974765,0.38575706318532527,0.39647067031306055,0.4044208199352237,0.4274587392441196,0.4454897045168488,0.462275545219375,0.49071377832379537,0.5130818624204397,0.5355083360727008,0.5547439031114543,0.5675899835025566,0.5683768681559225,0.5641213344805875,0.5538613265652362,0.5360580841645228,0.5103446923899476,0.49110359275070714,0.4616341723038669,0.44182031672046634,0.4206628679846222,0.4043460731470233,0.3888549770196111,0.37692850983950377,0.373394476986295,0.3686526761467949,0.36363341388812875,0.3653674762905042,0.3621469632250719,0.3598097217927346,0.362048434477195,0.3617059821575019,0.35873748729473787,0.36236708814847857,0.3641378799415563,0.35723226398736974,0.35881029140267706,0.3596189532039775,0.3632734898177616,0.3570137583539137,0.3563706036319991,0.356125435980518,0.3602296376685651,0.35613964896012734,0.3556235656829011,0.3575542917865893,0.35747732293055107,0.358771444468347,0.3565817788252572,0.3566643141929675,0.3557244319803576,0.3530948825950907,0.35507281032807975,0.35536621004931757,0.35412141917477274,0.3516486813916047,0.35227613166016336,0.3542358732315649,0.35594866525568225,0.35721625051895545,0.35325254456289423,0.35195498121817054,0.35241223765603885,0.35083296503887623,0.3542698723644717,0.3567383624921857,0.35084741871773895,0.34961965374011783,0.35379365271254465,0.35220972285188085,0.3520782380472301,0.35452152540768284,0.3487807789187671,0.34938291755859496,0.35346507861737825,0.35726962661631373,0.36268944428799904,0.3790207372050016,0.390362975203183,0.41448518474112717,0.44886425400290014,0.49119459024156814,0.5332006716287774,0.5796370912521966,0.6208718787005568,0.6473679014930649,0.6549033511075535,0.6496321175287315,0.6219087044361729,0.5757299715744479,0.5294157905211568,0.48852947762000687,0.44856857689050184,0.4118964425653834,0.38627543942688275,0.368292068311896,0.3564337815872624,0.3543230162612329,0.34747047486429367,0.34675695620064506,0.34138079053510917,0.34640541654289636,0.3451766798327695,0.3410140311979211,0.34396557999977656,0.3432171063130889,0.3420731078737024,0.3369352602779101,0.34118874490797896,0.3428827264137957,0.34094924182431896,0.3413715012197514,0.344576927290538,0.3411969207608105,0.3369268610202526,0.34051928248862884,0.34085629464948813,0.3387753206518432,0.3416640524255233,0.33703863451641347,0.33945621932181813,0.3365531765786952,0.3386801341331854,0.3404662632004084,0.3385338035121216,0.33831882051959683,0.33899143917612246,0.33997128516231934,0.34365018360345495,0.3491328745912772,0.3610251412565252,0.3757794818979081,0.39671067986984987,0.43150020381767223,0.46205022971003945,0.48632437203028983,0.4923645255067325,0.479957431636746,0.4587990417693013,0.4278541925093839,0.39736726085525137,0.3729025094519108,0.35797551446230325,0.34131422580547316,0.3365539601880379,0.33808815442163004,0.33721369998066913,0.33234744719252146,0.3366032175913244,0.3349833716435437,0.33225463775486647,0.3276858601576037,0.3289884146141489,0.3307765289291339,0.33338126550220204,0.333156112780427,0.33046553731330325,0.3307044103663072,0.33087051942463114,0.3302665293289909,0.3307997961128791,0.33018096950271686,91.41809513149721
0.3689238079875102,0.3678819589038848,0.3740775124270657,0.3690922051713556,0.3696176351837868,0.36901645134946953,0.3713894555192444,0.37290278154940076,0.37461123239347927,0.36975672495463724,0.37277452000591327,0.3746911351033576,0.3755030601500779,0.37487325959580015,0.3764762274191999,0.3743046688968196,0.3795696247598718,0.37897028735099403,0.3748263929533321,0.375897260266741,0.37648484218266104,0.3804658496076422,0.37707169215971514,0.37951037759214146,0.3816132257789537,0.3811031731277632,0.38228572281255496,0.38017062010509245,0.38403048227249026,0.38216240641720745,0.38330789741950294,0.3850421278902909,0.3854625022099553,0.38614274755818817,0.38569523731722843,0.3881428036545739,0.39100281119972663,0.39158644254218145,0.3983068666262582,0.4070166728447794,0.4133882625243145,0.4311490565800317,0.44774045572163557,0.4624619075792116,0.4902176732879292,0.511412804060476,0.5367029108911535,0.55696441309821,0.5776920273763587,0.5884679069197447,0.5904710581894407,0.5863877492803268,0.5750502016479067,0.561520901949962,0.5412605621892388,0.5183140705865089,0.493641078221874,0.4700752566072728,0.45233655478606805,0.4407025001386568,0.4255982225849047,0.4182149267283863,0.40982984437025477,0.40882142627616325,0.4049571564696339,0.4067718438776733,0.4057425567449551,0.4031647603965766,0.4041268368799777,0.4036506855203871,0.40236695833940817,0.40398506770547427,0.4066107649417567,0.4073887356830784,0.407563469145354,0.40719289884418797,0.41019324455102124,0.4089852388213486,0.410795818498621,0.40637295694953307,0.40260691712593716,0.4115505087631596,0.40866461796273834,0.41162046288053794,0.4119723893523248,0.41628260182485116,0.41443901092158164,0.41450195306755716,0.4163754345221349,0.4159696645856061,0.4148485326250465,0.4184380556706359,0.4146068207534581,0.4180040325834298,0.414793615819349,0.4188278603227207,0.4193371690959828,0.42283531696643556,0.4168836766152998,0.41934306802743665,0.42272142796902323,0.4222779299210422,0.4224991831120507,0.4207577454996779,0.42202039519379647,0.42622596306058624,0.4241722178117524,0.42558074880587227,0.4251948426927231,0.4237527874892069,0.42890417185778146,0.42943330268255814,0.4353543813911531,0.4327063732623552,0.4431801088154873,0.45000077742942335,0.47000039053744685,0.49615562311748895,0.5227129784852104,0.5664502549038437,0.6103352649959904,0.6545442350840363,0.6950843841029238,0.7227931361157126,0.7299349630338534,0.7220251719561974,0.6966674451009435,0.6591390598879693,0.6135327367814913,0.5743891810468225,0.5338222458429809,0.5024294137068375,0.47657215332972924,0.46126733414940857,0.45180703855976445,0.44335606501506825,0.440116251844543,0.4410369892289455,0.44295567411345577,0.44074919971299603,0.4403865593264541,0.4412620428766774,0.442488370520749,0.44321441668448885,0.4487817627585918,0.44709038052497896,0.44756167799455837,0.4483804472956236,0.444576846934246,0.4446609731044191,0.44542317817257626,0.4508371480609765,0.4476049693848623,0.44672785779469226,0.4488997949865807,0.4498157937783748,0.4513610505562447,0.4518573567676555,0.45023039369142254,0.4537897383800365,0.4516734693335428,0.4531801507657615,0.45543478466526904,0.4534374970926405,0.4545081399527244,0.45843473400582496,0.45865399537765106,0.46563821427947605,0.47836539430447045,0.49878926639226445,0.5203940308553138,0.5496184002044572,0.5790450740937371,0.5978884931785085,0.60880544935506,0.6010377751481797,0.580751508803557,0.5520934399780587,0.5241923587934624,0.4993703191106439,0.4837457341723881,0.4713891819820399,0.468229122360535,0.46959497458668165,0.4669088034612428,0.46636607620607257,0.47060269585529063,0.4645826806592989,0.4656070268650902,0.471780364390711,0.46897762706262686,0.4689316734232207,0.4675496345264399,0.47137465094055647,0.47209939509009374,0.4693527037987673,0.4717923585453594,0.47193309525121335,0.47364729840719844,0.4714280608290227,92.76948265202705
0.5502799944071566,0.5540961749301977,0.5537942857244988,0.5525043350606946,0.5514689006969603,0.5514144908733235,0.5536778719511813,0.5517103967885426,0.5557699792796003,0.5565098223044879,0.5538352726397646,0.5563711157660763,0.5534431287529954,0.5530101955905661,0.5568121220256504,0.5579439780875891,0.5588832326721884,0.5557948994031142,0.557026482755431,0.556096169615176,0.5584543672645941,0.5566868580365354,0.5576031523007033,0.5538948864590382,0.5558762573396702,0.5581390351000397,0.5581337016408555,0.5586595335055556,0.5572836094658685,0.5559290769826781,0.55732787253297,0.5577969039109504,0.5585297699186356,0.5566143332532283,0.558805830199686,0.5604259222900893,0.5581509102775285,0.5674981551848854,0.5710371482076254,0.5783940991165303,0.5868885235224169,0.6025870190238364,0.6169881500661607,0.6381886462964318,0.6646980224872263,0.689834116887168,0.7122089476898398,0.7413279576272498,0.7555349555716404,0.7691146161766035,0.777262569079127,0.7656055851620677,0.7543301192681308,0.7400931183051759,0.7111884548470354,0.6867595314831181,0.667863748136181,0.6411379431505775,0.6258069409497546,0.6024530838484438,0.5907360026931492,0.5827435179890493,0.5757963134383948,0.5698128315815019,0.5661732637781152,0.566246157377385,0.567616855377679,0.5659465467350534,0.5629975617325003,0.5622808451689664,0.5629670879174214,0.5619378805256922,0.5649347094582579,0.5664322347800443,0.564831356507116,0.568584921754656,0.5688683824213983,0.5661055093024259,0.5670665206142994,0.5640343792383264,0.5652863474027686,0.5687251713676686,0.5651947571990082,0.569500734357368,0.5689237754001705,0.5683745676109292,0.5646986024131407,0.5665926917307355,0.5686777548836726,0.5655905135642532,0.5673545277261345,0.5694116166261421,0.5669436827793661,0.5665597907600192,0.5648238233324668,0.5678247763629723,0.5703170802974239,0.5671975824619503,0.5691518067058041,0.5688403172949156,0.5681281650464727,0.5713095121308595,0.5730913830984746,0.5719884312476847,0.5687614148552221,0.5743135280164609,0.5725130454876601,0.5697936064757593,0.5693992853161558,0.5735398429553464,0.5722343812870547,0.571283825799364,0.5747856042094173,0.5781724870219678,0.5842646800298117,0.5994929147741177,0.6170153047224606,0.643151573103238,0.6779166882134747,0.7171475041277,0.7654405439322248,0.8171095349913023,0.8553561672342537,0.880076483614687,0.8934512546919523,0.8846723525400736,0.8568789158933995,0.8133525157830289,0.7718027416529006,0.7177051075161061,0.6785612103750126,0.6473650109561434,0.6193979306308363,0.6022442865374725,0.5872599201152643,0.5834797687339826,0.5791527570186712,0.5752147523487524,0.5784518160670735,0.5748389661699802,0.5750736090503094,0.5774443445067658,0.5764399590394601,0.5772289280142727,0.5766511886354172,0.5800581223548845,0.5755543675637824,0.576647418708454,0.5787120356249672,0.5759465255372636,0.5760305861087623,0.5785431929959621,0.5801750844399435,0.5806088058182547,0.5789692024769403,0.5776141301908431,0.5796823965313304,0.5804360338297734,0.5800002403749297,0.5821180201118188,0.5777964160285245,0.5786138373404115,0.5824113765004824,0.5775859991490796,0.5800510865992361,0.5809962120735437,0.5822914622511938,0.5911534021035664,0.6043095699788297,0.6215114873646163,0.6488047525499677,0.6809715977666531,0.7090050593292345,0.7384355095013992,0.7412542512710311,0.7330621004183762,0.7090517718066713,0.6807144998371414,0.6480059181999763,0.6227677721629523,0.6044786263344509,0.5934893057208861,0.5884992042298183,0.5846669506886981,0.5837767170359817,0.5864765369524104,0.5837777733596221,0.5852643793734545,0.5828805852830409,0.5839404755595553,0.5825369181656345,0.5888834893279801,0.588098199754944,0.5867108687725577,0.589994828458184,0.5874058675956757,0.5856940165096113,0.5869556798381051,0.5891048857221755,0.5847953531685202,95.89749736556517
0.5288207673423623,0.5265343944812705,0.5230102288085897,0.5250790881555472,0.5259273543310587,0.5284669646709148,0.5257290357468919,0.524106989345024,0.5218106293861928,0.5205585874474682,0.5236502642501827,0.5203544963098784,0.5148618680177511,0.5168340402791919,0.5155787376855153,0.5153166919075154,0.516649091433855,0.5144224305764804,0.5135976398930716,0.515492367875783,0.5105865517890467,0.5148219303661198,0.508864988325668,0.5095001149597576,0.5078735450172954,0.5077973384343335,0.5075550301338134,0.5066508026938632,0.5033986985310644,0.5017909582794324,0.5081963957335474,0.5014189307883441,0.5030669176056914,0.49789208678425406,0.5002653654962463,0.5007565433327541,0.5028947965114497,0.4985860799603755,0.508091456401478,0.5114230619873552,0.5231813074145324,0.5326437832090193,0.5488608361348678,0.5694595249928903,0.590296724118427,0.6155866048608204,0.6382537826899203,0.6588841414628172,0.6820518943973106,0.6884626846970181,0.6939480555717614,0.6907886645920226,0.675242292780158,0.6555844516058309,0.6340054117898182,0.609914043131591,0.5794313546056752,0.5573031869742258,0.5329316151077371,0.5179829427126532,0.5048820288249097,0.4925223994246411,0.4855823956641001,0.4781798392085429,0.4772967284435246,0.476543835794022,0.4702799087384206,0.46973973176047046,0.47077939145589986,0.4711449874872038,0.46476567945470026,0.46648932543324695,0.46648940245706505,0.4648253273989173,0.4591866703227716,0.4642551888451769,0.4654052339158793,0.4617137514208375,0.45853220110015674,0.4586821868663208,0.46236231049500465,0.4597564573722961,0.45833063502765914,0.4568774569373184,0.4539564076654527,0.4539915896874776,0.4533509367469895,0.4537199810227724,0.45475272035215325,0.45308560901034317,0.4471242141983393,0.4495250230209163,0.4496646099466376,0.4485428540898,0.44516071607608326,0.45136145220859664,0.4420931148315488,0.4415949572689076,0.44334257466761356,0.44622304161062454,0.4394310997127815,0.43968589881409326,0.44148625692726556,0.4384102351300137,0.4368916453970504,0.43780895183186674,0.4363453763891956,0.4370001949192764,0.43670394325470224,0.4340208951818161,0.43351291673942677,0.4333800121885448,0.43493142590719874,0.43683918660469256,0.4424669009625094,0.45513799356721185,0.47236873238559957,0.4907953624914194,0.5269084435591976,0.5663581830837381,0.6128229681289943,0.6598375887580149,0.6994877488553327,0.724218076837978,0.7293706701754044,0.7207403389104174,0.6963980721453863,0.6482360045335818,0.6087321667508069,0.5599185336637631,0.5188893554969911,0.4810100324315081,0.45103849194779655,0.4376583677258924,0.42729842763892184,0.41908739275003676,0.41136498598335347,0.4100906168776964,0.4070571836002779,0.40518986132896334,0.40768138816083704,0.4024219586137474,0.40211851378221725,0.4008035413421617,0.39914236498689515,0.40152889529722574,0.4026728832983186,0.39909410999938627,0.39556640212592015,0.39937183323940884,0.40017739701875926,0.39462755886593953,0.39407698512143974,0.39517946508551843,0.3965059415244977,0.39133657618098905,0.3888253971643246,0.3918671984048294,0.3913166351548593,0.38884529164633275,0.38683315283140274,0.38906240855145297,0.38728322711297297,0.3839403932933696,0.38510659110351914,0.38255386987167667,0.38847817197259943,0.3915186152706305,0.40119158105963565,0.41897528552940966,0.4435799997031953,0.4750211185392594,0.5039554780506683,0.5243276795306824,0.5337488647801926,0.5236700729420203,0.49837629840818415,0.4676661231387626,0.43611533991232504,0.4111920589179085,0.3906975595731766,0.3788589664611367,0.37686870844954445,0.3711896590165423,0.36576820377574865,0.3671282501251213,0.3652010593916168,0.3648220579427876,0.36341750684901547,0.36463381923196947,0.36205934523978334,0.36035788968413046,0.36168048411492715,0.3591767211356,0.35806715811477674,0.35756629630286674,0.3558650832210879,0.35518480542669406,0.3531070124363389,0.3518921173477976,93.25101465121365
0.5229462225674183,0.5215086118080744,0.5262283091878277,0.5295134669621945,0.5298038587423383,0.5241588301166414,0.5254821138754745,0.528655963257682,0.5272168290912237,0.5267840227720252,0.5261643785371802,0.5291973068507883,0.524857458309558,0.5281281666240747,0.528019140445039,0.5275788729425896,0.5292304446226781,0.527885316211015,0.526911642878387,0.5283285775361785,0.5251222058241914,0.5296947052229113,0.5303686099708301,0.5274818359392921,0.5271690607679692,0.5278818755472922,0.5291593329452167,0.5298828633279826,0.532851773009511,0.5327775428066615,0.5316599159000152,0.530475291145598,0.5286896640442652,0.5343523592507737,0.5311930611914693,0.5333604434863066,0.535825409510759,0.5374763312078096,0.5438909745733587,0.5487081445876459,0.5584959312827431,0.5691125683621797,0.5830820732342286,0.601405879829213,0.6218450505623206,0.6416503274807489,0.6644371197644433,0.6882040839790403,0.700565470566895,0.7129643054035892,0.7154866622128441,0.7131830266203171,0.7034250995727295,0.6868876589868252,0.6648848799601307,0.6454764007731901,0.6220060143884031,0.602264381911102,0.5872446131217063,0.5730600760249774,0.5571538378875694,0.5545175303462029,0.5444771571136839,0.5403853821725163,0.5373473706077596,0.5377952073492354,0.5408628464658128,0.5334508789909617,0.5322925652666125,0.5369583289814401,0.5376497595568221,0.536744668367226,0.537978063777775,0.5346799576623978,0.5352127401247067,0.537512108027023,0.5409427477660952,0.5387106646878514,0.5389665103408614,0.5357675861989807,0.538922599290783,0.5358763449143178,0.5419390137999445,0.53654250056024,0.5371362501606867,0.5359459163650212,0.539226556553089,0.5393053634749465,0.5424071186074171,0.5410963225483265,0.5381248155505581,0.5416159963159289,0.5375450301644764,0.5387582116975123,0.5405946931388232,0.538256857551205,0.5428128042803806,0.5454049685442784,0.5404201551087449,0.5398686824449467,0.5410757366284861,0.5403830415445801,0.5421841597140081,0.5391789577065762,0.5426243802616916,0.5459765264710269,0.538318845874033,0.540170694625071,0.5418404334094716,0.5441288630967684,0.5453492813749014,0.5461529664054805,0.5429784444938086,0.5484080430892966,0.5539668767674283,0.5656528939473968,0.5814098499094624,0.6011822628073087,0.6331835417830577,0.6722233346439708,0.7110969984563842,0.7531371398967849,0.7924032505404842,0.8171429752812845,0.8175128963604706,0.8137164239302982,0.7954949615078504,0.7554724378993953,0.7136934903716781,0.675316236569954,0.636453111298483,0.607618979049658,0.5835583810044013,0.5691217252254219,0.5598778972842995,0.5550706901264431,0.5494069571594806,0.547849562161613,0.544273527777074,0.547156463324943,0.5498480193403228,0.548971551441888,0.5461924527526938,0.5445334931526853,0.5482167766354151,0.5505112855464263,0.5478685778792123,0.546099329430579,0.5479730022745466,0.5499671873115375,0.5519625996968551,0.5491271911838445,0.5519132223025003,0.5518543780373321,0.5477758197191163,0.5527934227750643,0.5510450901752876,0.5482043674155539,0.5543023298293417,0.5506927955386244,0.5472219825172527,0.5498681794075877,0.5495734848134602,0.5503978656449073,0.5514019834329495,0.5529421210512246,0.5554439165102136,0.5611413087468204,0.5723002634221303,0.5855635538546191,0.611952068823671,0.6343281511119887,0.6650296430439557,0.6873324464572004,0.6913276404879586,0.68475854707586,0.662514885615664,0.6367320922570471,0.6140282749643128,0.5901819538221162,0.5739168404818136,0.559740317828727,0.5572066763815553,0.5598662959929438,0.556371143504065,0.5564153741594309,0.5557280539894438,0.5542889960422447,0.5563339274515584,0.5527692064036657,0.5527811582642692,0.554684297129223,0.5567020186901874,0.5533411983974902,0.5568974860588496,0.5548171384204608,0.5552494622346993,0.5597311463973664,0.5573694138676828,0.5556500712171962,95.18626888193053
0.5371394282510269,0.5347222950107048,0.5373404458720477,0.5367322912705725,0.5354262563096881,0.5338266492168399,0.5335287696244306,0.53481785970904,0.5323134102616793,0.5291382012941265,0.5336937422216428,0.5302540881699493,0.530398434289852,0.532129655958775,0.5317454496248025,0.5289180394867266,0.5318796651560598,0.5332874527113224,0.5289049817297368,0.5335131234186904,0.5276543083237731,0.5348157956588833,0.5295651364913345,0.5304854376614194,0.5262167833543704,0.5296834916263071,0.5300723178060719,0.529252263435484,0.5281114867012621,0.5271661027510736,0.5311600160034231,0.528837250548368,0.5318056486265704,0.5277530065265507,0.5282541455369159,0.5314703403000682,0.5279459367451532,0.5310870542589664,0.5394265706637211,0.540499983691391,0.5472309792499401,0.5654910957934703,0.5729635068310638,0.5931507108776858,0.612460669230411,0.6277175938492956,0.6537922312675691,0.674352905700863,0.6895266165888283,0.7005394309563712,0.7012702346446557,0.6997703811056959,0.6866653049551252,0.6694740922673216,0.6501833390935321,0.628479542735878,0.6120195665772294,0.5870442034921443,0.5732030808700902,0.5577390367239061,0.5467936104611181,0.5413138751004584,0.5317105375795533,0.529705958328088,0.5258487702303866,0.5237298534908218,0.5275313952963919,0.5193439925014159,0.5243360949338652,0.5227351194315532,0.5201995654300333,0.5241905041107082,0.517027046551033,0.5194796548822755,0.5179099722280355,0.5209564965076743,0.5177122707484003,0.5206108626454286,0.5191782982375862,0.5183989358345044,0.5199414234485223,0.5184333751242868,0.5165998394320677,0.5241863462495351,0.5174157571751474,0.5137613646852135,0.5163188767793738,0.5152750120976924,0.5192683480227158,0.5180658534261519,0.5180264650269144,0.5162954858080316,0.5162833215619684,0.5159066511652615,0.5162926183207175,0.5179321628769541,0.5167401381526663,0.516874704331111,0.5166800879485574,0.5172563470203141,0.5158702567154411,0.5158181576207476,0.5172846194067181,0.5133836095716868,0.5128094225429686,0.5119579145909927,0.5145093715062667,0.5102636981452954,0.5147592947953369,0.5135687446614164,0.5162091728601632,0.5131724523458888,0.5155159139948657,0.5210771941325208,0.5270213558267401,0.5321631167225749,0.5485082876280711,0.5700361439596983,0.598790261018031,0.6326989704331889,0.6750894261548159,0.7079466373953008,0.7445978089940082,0.769180784252704,0.7771779395630614,0.7706034234811351,0.7470624855155078,0.7099939090101717,0.6735783323766196,0.6298609514280025,0.5975826247688569,0.5703592293904041,0.5474784744385861,0.5302518059158535,0.5197213533171139,0.5115184138336372,0.5118994214344983,0.5072546267365935,0.5069353809917571,0.5056003787401554,0.506721924061863,0.5073359285554658,0.5077244589308113,0.5057754145407395,0.5089191277706104,0.5061699261794089,0.5048171799782439,0.5066516465630672,0.5099326454853863,0.5064823490973065,0.5048928073287463,0.5023700870438351,0.5047926764029183,0.5055078486091168,0.504069321918564,0.5013202059701073,0.5027563375476387,0.507173048679931,0.5069385393718213,0.5021041568398623,0.505031423913667,0.5011438863917417,0.5061495985088081,0.5037532580956987,0.5053221005967446,0.5007610525480686,0.5076713485030181,0.5110427230012744,0.5218126759989871,0.5368872761063748,0.5564784518167917,0.5809046169934231,0.6092641502094183,0.6266774286198584,0.6320356129712305,0.6245704157885008,0.6039763942779294,0.579924641850731,0.5570041970609806,0.5334781132733271,0.5167271782420437,0.5099586614342355,0.501554982117701,0.500898783485826,0.4991933831815347,0.5005638566113086,0.49554230079594835,0.4967694106953692,0.49499117587954294,0.49755298122586433,0.5003011144955839,0.496673782095554,0.49646978783970463,0.4990410941171345,0.49924123547277216,0.4967334855110744,0.4980865486673235,0.4943697011935855,0.4990860502595447,0.5004340054959401,94.62628842219256
0.4314270451615361,0.43017149784036934,0.4340285280155328,0.4313102235739522,0.4318979690227219,0.42911627932029733,0.42747473885593745,0.42881571974121263,0.4286703768369479,0.42931961642664895,0.4271210419721961,0.42830568766774013,0.4302709988405389,0.424229501103784,0.4230014573307186,0.429386928406641,0.4236276859997223,0.425454633231494,0.4270915749309303,0.4254160021585635,0.42504771938400415,0.4249989344823276,0.42955143168878224,0.4277351626413556,0.4224465011991088,0.42559611156157845,0.4241666076805342,0.4227799440337446,0.4206715612877116,0.4230693687010332,0.42125731931566207,0.42086079054543835,0.4199290646250469,0.42347837517942105,0.42026355846558233,0.42110974386938466,0.4258462052163568,0.42691119499195745,0.43167730269092636,0.44113771913829863,0.45197624276917,0.4590642957163271,0.4810538871793065,0.5004020112273643,0.5276008247617331,0.5554199455940002,0.5817461093809355,0.6050264455028814,0.6246795208193381,0.6410047698741713,0.6468078749746357,0.6347476096198419,0.6248156495258408,0.6064999537838156,0.5796693165326904,0.5498044265704277,0.523336890918933,0.4990645754297904,0.47525446252293074,0.45710111472677556,0.4425072843664434,0.43053980914842127,0.42538139436566497,0.41740066569470813,0.41275486303916037,0.41688745893813334,0.4107582684295991,0.40471298522413307,0.4117268718711969,0.41119681968416344,0.409177288940146,0.4091431070714267,0.41183966392524785,0.4052459268881582,0.40709430543174946,0.4104256499778382,0.4105086759004353,0.40507299040696104,0.409485243875229,0.40673001765579775,0.40777501558581,0.40598406413188415,0.40471515226730376,0.40818287200995246,0.4023667159617811,0.4068883403461838,0.40686499011976096,0.4051295470846877,0.40191983066908477,0.4022119975194143,0.3988333537837004,0.400137643265159,0.4019440649020601,0.39750905497514416,0.3994264951216606,0.40357181325270786,0.3990332660213582,0.40106908906464606,0.3997946756803657,0.3977061309885884,0.39767125483030996,0.39797493830760367,0.3931990709556121,0.39885516617892386,0.3963852182366115,0.3982486979934075,0.39673052462829456,0.395316136981512,0.3957702547241759,0.3956249738486364,0.3982826880411632,0.3961100244937617,0.39828749096775395,0.3988566767381439,0.40820077714491604,0.4230862553554349,0.4398330790941855,0.4642421739502954,0.5013065799287351,0.5471285421984065,0.601292130042508,0.6515940300331339,0.686394462420349,0.7225612890225309,0.7332359666725905,0.7201194497349825,0.6911613748953473,0.6504619752516148,0.5973892599053583,0.5442107496806142,0.4987976781669476,0.4611861865030437,0.4340967585313486,0.41119526127378836,0.40015211725795363,0.39596768940082955,0.389402143557776,0.38544069196351083,0.3841884571008169,0.3864599849022717,0.3834543690430481,0.38509756146187024,0.3824546296282446,0.38109878513197537,0.38350440193575575,0.382479658578989,0.38370424500474,0.3837620132316303,0.3809376515289557,0.38201128705635595,0.38019563712099197,0.38190038862509884,0.38075976377433834,0.37870509800523383,0.3781974534820018,0.379809783601054,0.3812566703253003,0.3803947344836955,0.3763660574126769,0.3762367529381,0.3761938850536181,0.37605270154736287,0.37331554705458575,0.3783377755141005,0.3759624691595078,0.37870085520641716,0.3797998949032963,0.3864210663267514,0.3966983116934479,0.4172329338448515,0.442958616537693,0.47784555797210737,0.513779943632391,0.5364810770642688,0.5449530903287514,0.532120062373481,0.5106393630495791,0.4771751729911755,0.4425163451067946,0.4143163962429345,0.3937063793526595,0.38300353783023955,0.37778284308251997,0.37231485047485147,0.3681275640877185,0.36748369501515854,0.3702374635873905,0.3664744375573174,0.36845241979380083,0.3670164997713409,0.3652224264195588,0.3686911797256662,0.36810000386295155,0.36363500039471813,0.3669690238204941,0.36633649504217797,0.36700072764422925,0.36531921530729383,0.36749916190426746,0.36405200604849364,92.45441310490145
0.5202042776153614,0.5221571761459676,0.5224860974015556,0.5233987147082405,0.5226018432846129,0.5236951575620443,0.5220407917084122,0.5264743958055162,0.5255193428344218,0.522581329676211,0.5246294600901893,0.5272796977859333,0.5258278260575939,0.5258273620497772,0.5273794346362783,0.5285231900831237,0.5252706651297989,0.529551002069494,0.5271575337212542,0.5290296399156155,0.5293020324168598,0.528626121324128,0.5279403270263654,0.5297237012980915,0.5338532594877243,0.528187029331282,0.5346034360283757,0.5310093786720236,0.5319132527768125,0.5299909669329945,0.5309611692670027,0.5318727114706817,0.5312309986705488,0.5334765356966424,0.5338790662376607,0.5395755459399313,0.5353354067251799,0.540597697348917,0.5449541209206944,0.5482047088566223,0.5599248872471404,0.5687087657227564,0.5784657085009784,0.6016312600203755,0.6173497011246895,0.6381788571297632,0.6623138026130196,0.6791208914265464,0.696907466527004,0.7075136903134188,0.7074805933183793,0.7072946331536343,0.6947905007011874,0.6861256963427557,0.6620110845943167,0.6454003320991417,0.6249596631788736,0.6052469867136365,0.5870274017935996,0.5747353751159612,0.5603915564207061,0.557556440460087,0.5525346594873801,0.5486510656610112,0.5403272433004604,0.5425639613504208,0.5430329166801536,0.5449284401413751,0.5449665671262395,0.5442183339285003,0.5460691999542865,0.5430216546249151,0.5465874808128163,0.5466175561216855,0.5467279203927069,0.5459150495059392,0.5502475875341738,0.5478797168252291,0.5452639758851291,0.548004615644125,0.5493203406234728,0.5469465298643839,0.5506086660274847,0.5495015638066798,0.5443599146957723,0.5499515903337048,0.5488475630867669,0.5510413560434706,0.5521628011142389,0.5509720705474985,0.554219625940614,0.5508390827231144,0.5527535071578698,0.5534211316785744,0.5519239296131649,0.5539835451872527,0.5515440256213512,0.5521956098039064,0.5507231444190066,0.5541383157218931,0.5546133789072845,0.5566287898918613,0.5561599706263047,0.5543156697746988,0.5528369636535436,0.5563686657168606,0.558038855377719,0.5576553996743784,0.5586764585718365,0.5565310772564754,0.5566617727408454,0.5571684870684711,0.5603753113526349,0.5636201103864055,0.5698950163416072,0.5786236198079506,0.5931599091598577,0.6128396773437419,0.6442511079564729,0.6768246347389338,0.7145872263311377,0.7516066378661197,0.7833314214542112,0.8110592569791754,0.8177136438731326,0.8058102429479727,0.7887510323544848,0.7567907088301926,0.7176438666004543,0.68294157060113,0.646489809447832,0.6158626686670401,0.5990755029336963,0.5849047596767715,0.5744225677773332,0.5716866600814946,0.5645287742219128,0.5686151739352889,0.5644452678164904,0.5642062146541785,0.5661158546020837,0.5674617262464705,0.5672106978627255,0.5656978973219609,0.5664761452265494,0.5655289270129957,0.5676528316731263,0.5705595569015537,0.5687083506171532,0.5707430769745732,0.5722424254900705,0.5684629606578702,0.5695732261828422,0.5745961334283899,0.5734498095745001,0.5675236889386458,0.5719501713368736,0.5714843813520368,0.5734436140038294,0.5706085159256147,0.5707285382830378,0.5713712826544431,0.571919081634661,0.5751117975875626,0.5717658866455015,0.5741148863285271,0.5743174772314801,0.5849603134323008,0.5946795795135508,0.6063429838935411,0.6273544097771748,0.6541058129289709,0.6812427512075052,0.6979534023269495,0.7029457863875531,0.6945132857268848,0.6772930347454938,0.6551900581421382,0.6290986536165438,0.6104608163624304,0.5947201715164323,0.5851330351961396,0.5804594390618651,0.5840175734985167,0.5820537648805272,0.583704435586997,0.5815198409970005,0.5798551917752693,0.5836609374186037,0.5812535880434021,0.5820683919472692,0.5818483632728186,0.5763475669688295,0.585758218756522,0.5838381314230208,0.5838231446467744,0.5833473214173601,0.5841051042019454,0.5828910657089782,0.5856261573048017,95.3853393007182
0.5282986073919097,0.5277092670244613,0.5327849329609966,0.5343391146886984,0.5306702042904423,0.5303516220266136,0.5297878996103054,0.5334629615682389,0.5322473963190076,0.5328726265579578,0.5377473266878298,0.534413442362193,0.5366976290183181,0.5361483422699829,0.5338500994886477,0.5333888397734977,0.5385717348627466,0.5415230020516488,0.5392628464820121,0.5403991426457807,0.5378596420664113,0.5422169405660128,0.5427102724705364,0.5398310200801427,0.5428325036348879,0.5387274258540774,0.5442274388867485,0.5421560244375774,0.541372247251605,0.5451672317556747,0.541374809373713,0.546201899670151,0.5439339301941273,0.5443406764662271,0.5482590133173185,0.5493576043741384,0.5549126324186012,0.552840608872625,0.5631764013584563,0.565346003463459,0.5794302226724312,0.593062399211589,0.6083311233764104,0.6264338031208981,0.6481824322069484,0.672235264946932,0.7047212878593435,0.723163171342486,0.7399551456591263,0.7520208343196423,0.7591934304721935,0.7545536317491334,0.7403982564461056,0.728594503742734,0.7058313947606738,0.6849995420355554,0.6597270065936847,0.6290726795452668,0.618811597149256,0.6025908204860027,0.5864803965810594,0.5781541258285608,0.5736839076860378,0.5668521268753242,0.5660201217246612,0.5672454881501057,0.5657536500058441,0.563314726403291,0.5668952572096424,0.5658102911014622,0.566179288702219,0.5650918760327283,0.5666093977797064,0.565584826412136,0.5637668419746805,0.5676051878395014,0.5684380726351271,0.5694748660484406,0.5721426246468425,0.5689318145063855,0.5700189634091242,0.5728049106378452,0.5702856007698169,0.5726162340799607,0.5720102611552741,0.5728576666154177,0.5753792953680356,0.5736341896890975,0.5764806740276442,0.571512410009018,0.573076137089889,0.5718170564685382,0.5746400056280143,0.5812033244003798,0.5779726554697827,0.5770832119995359,0.5806095213685616,0.5814100200774179,0.5776383927124835,0.5855945795905865,0.581668934899108,0.5824390829586457,0.5831469977518886,0.5836611310536408,0.5819468209773553,0.5879356092831167,0.5836666716443789,0.5866944736208317,0.5844135944220397,0.584744528934269,0.5907691104633191,0.588152154906216,0.5906585898992556,0.5953815895853422,0.6069944402085637,0.617528101413241,0.6333140002004224,0.6616933346287774,0.6877239780443534,0.7321256138732899,0.7769059852144603,0.8190380267629398,0.8630158242491567,0.8881213214076427,0.9020863569476629,0.8893491110632131,0.8632582072986216,0.8287508811525712,0.7807681530941312,0.7383205034024967,0.6966789329117561,0.6641148953582368,0.6385477836349623,0.6235206229903836,0.6118897198881341,0.604604732949829,0.6029524607660304,0.6044149040768514,0.6025439256326667,0.6031286497724148,0.6019452852032713,0.5985189249717059,0.6004454391841708,0.6028199876618652,0.6016432515881305,0.6033819291053673,0.6038273916513635,0.6044057112677199,0.6088589431145712,0.6063967334202555,0.6088901196969068,0.6078667593167603,0.6108884528235512,0.6106170090281957,0.6079101083204953,0.6135344894822651,0.6092202779622634,0.6110474282532776,0.6119196562369583,0.6126608897958742,0.6137968917969705,0.6112189786594172,0.6147137689612304,0.6151021139575322,0.6148654454462246,0.6161093719493813,0.6180569556421429,0.6268280264875412,0.6356958254709505,0.6554249299086449,0.6799709393976624,0.7078704853960425,0.738852082300036,0.7642270152015631,0.7711407688485131,0.7633368035736601,0.7412634253725313,0.7121873251356688,0.6876036521774873,0.6578901922173315,0.6461796535499117,0.632459124694029,0.6266550933449909,0.6265821299065234,0.6253323871913777,0.6249428076125871,0.6261630307840192,0.6262772894108328,0.6262798624490051,0.6290982154032324,0.62485053593378,0.6264331644938087,0.6272041400848354,0.6271827852793849,0.6299886017706957,0.6313456778518713,0.6269278679538136,0.6304229130087988,0.6312457822060573,0.6318354876671485,96.09411339485524
0.4280706993237478,0.42677350323809704,0.4285192051830802,0.4277068232984567,0.43018513933168606,0.42875857533741235,0.4296749286407515,0.42922334965086906,0.43200169648106274,0.4310437822916529,0.43505822632426583,0.43452433828366716,0.434040913973322,0.4330536266745918,0.43587761824026805,0.43696595937177835,0.4363379143928881,0.43972792129922417,0.43790777240239476,0.43928369291961034,0.4381915918038124,0.43974377792793445,0.43726689135099783,0.4384117102277118,0.44049542093953176,0.44094943416744864,0.4417499002406025,0.44340709184359406,0.4388330851780835,0.4402221823732123,0.4431424393807242,0.4417959269602174,0.45065712889330223,0.44576735701415404,0.44572750397466504,0.44653056819767983,0.449126499799223,0.4539621940702977,0.4597977663018256,0.4668531747880214,0.47862360226968464,0.4970667930369331,0.5164963759979179,0.537617737204185,0.5611553724356039,0.5936034289817976,0.6242858150984227,0.6500944324250381,0.6699888078639885,0.6852817399142885,0.6876769605346915,0.6846290598620941,0.6690303248631383,0.6507472808895539,0.6275801583779806,0.5960273754390945,0.5677307645434073,0.5438603665533308,0.5207617210148456,0.5041001585969925,0.4876229868979279,0.4814990114144211,0.46822596926517795,0.46857686126333353,0.46166056477092926,0.45800894005532566,0.4613352746845791,0.46013802042185176,0.45852965221169295,0.457665138895879,0.4613857708982277,0.46377791954458525,0.4634440527195016,0.46284679748703933,0.4641554097901854,0.46360980490732184,0.4612722032329597,0.4617576367888537,0.4646609944822398,0.465213980091271,0.4677052238910464,0.4679858444120259,0.4681494811964749,0.46684662947955763,0.465113870464396,0.4691672970220543,0.4698614733297107,0.46450205173658465,0.46807841824749435,0.4688329658251737,0.4709197549415518,0.4695443136331266,0.47154274532036694,0.4716659245366925,0.47223667543386155,0.4715901657500377,0.4722129641953899,0.4717983801803589,0.47518702933177553,0.47603708059470834,0.4738216236150195,0.4788721376644045,0.47566970656234614,0.47982753098582154,0.475951836657255,0.4736540538472103,0.4789892889956733,0.4791780763883996,0.47929403707915413,0.47860256142668,0.4807465894259337,0.48128557997291904,0.4842999394660412,0.4911855382701616,0.49781073793045033,0.5117195427915013,0.5302155717560265,0.5590646440352108,0.5962147957155485,0.6453170613133778,0.6924339236590502,0.7507774784866159,0.7973774572760846,0.8297899769081868,0.8394665211392576,0.8302939366028462,0.7950535481451052,0.7546521284709425,0.6994609868592407,0.6483203271007444,0.6037631891938565,0.5688529261335358,0.5389094016458962,0.5189597412794993,0.5067628418795533,0.4983705750780297,0.4950481907964763,0.49533032992282644,0.4911484517019528,0.4951125332647803,0.4934235940536572,0.4962434189459664,0.49695435879708816,0.4921442798308829,0.4947921278526587,0.4947112626552519,0.4932645717386984,0.49529286905027575,0.5027084092548348,0.49951289309769437,0.5025964282742951,0.5008880289851506,0.49821412570575035,0.49940224959071977,0.5018106443381793,0.50197676464888,0.500415050516521,0.4990177442857977,0.509081331806622,0.5026920309074266,0.5027934720081613,0.5041510816417499,0.5039514322746554,0.5053037771692891,0.5085705925627843,0.5074954670083424,0.5089717702997494,0.5180087671605336,0.530171075449537,0.5545629893826777,0.5831091847013177,0.6159813309730485,0.6479940435909806,0.674229139869676,0.6867283695167502,0.6782895302539083,0.6516741894993865,0.6176138215599017,0.5833251877803244,0.5563482031812448,0.5319501138204691,0.5226811209229196,0.5175307688371882,0.5185832096260068,0.513728669893791,0.5157148147433477,0.5161214939796565,0.5186877246684874,0.5190735434703913,0.5168987230951686,0.5165301986488214,0.5166213830393699,0.5179348866397773,0.5180169239887398,0.5204602251703945,0.5206615699105801,0.5214725326135796,0.5232754776131762,0.5249506283924308,0.5219421968957983,94.0520720970321
0.6875217319193268,0.6879746329925025,0.6864164851611363,0.6890688537729047,0.684250425874519,0.6854633048495969,0.6866580929054984,0.6825077442818616,0.6852045856822445,0.6827447184681097,0.6798905103762785,0.6790353811255037,0.6813352032675427,0.6830768958293401,0.676515469108656,0.6806525909718165,0.6816147278280041,0.6768523564883131,0.6777186058368031,0.6797095562389242,0.6798401829550856,0.680929592723411,0.6761270174897219,0.6752468874418089,0.6797618627098837,0.6745253464578835,0.6766292702558585,0.6795621742959227,0.6762867410285036,0.6759424477850291,0.6765462256978392,0.6746939178932603,0.6749520036528112,0.6725663677443213,0.6757020002864391,0.6747690880836626,0.6722344287901019,0.6779719408138442,0.6769496056538097,0.6885660433621836,0.6951267849381335,0.7109495730963222,0.7230238574827214,0.7420764776410427,0.7590229311852944,0.7849784278806702,0.8047852554133376,0.8286971346230135,0.8406597164069787,0.8536122655980094,0.8544425027743658,0.8528008361025597,0.8452545252775685,0.8254283313439228,0.8026275756678997,0.7744677867002975,0.7549893952688643,0.7352733788735664,0.7142754020284869,0.7024018559876061,0.6873026173831258,0.6800176259993218,0.6715774871736591,0.6659694376457488,0.6624398282102598,0.6592662963246665,0.6620803465723817,0.6580571332644826,0.6592386319921274,0.6565674335335363,0.6549553417450003,0.6577740603415771,0.6547323525211938,0.6549959720690823,0.652874889548852,0.6539631162694298,0.6545754040027352,0.6535303223793697,0.6553199808174686,0.653552831560665,0.6590146937814413,0.6532668479332154,0.6485256537231303,0.6511491464358306,0.6509006975747255,0.6495042140320825,0.6504549808256413,0.6486012476836023,0.6501319640573454,0.6452272316855213,0.6509112067062843,0.645044591662045,0.6472523439619626,0.6458923241394705,0.6475478605115556,0.6461478208005684,0.6465958870105081,0.6478932531837754,0.646786382043189,0.64490004925597,0.6453247361819261,0.647904032948608,0.6451708356227406,0.6425537852652334,0.6452756447374268,0.6430833671578428,0.6399613572213747,0.6411265671997308,0.6381837070020143,0.6362937897264866,0.6389180534716943,0.6414711809788123,0.6427832972425733,0.6426398904664797,0.6463496569427588,0.6638471061153232,0.6766765212112393,0.7023944272803693,0.73295478750001,0.7692149093512892,0.8101033184635065,0.8513178517054618,0.8897535118807383,0.912459541621474,0.9200052873056389,0.9077400132878615,0.8864632388239927,0.8517761910187265,0.8091299256730883,0.7636348739537422,0.723119576424888,0.6951844481586312,0.669707726503976,0.652583318226873,0.639761003991283,0.6403927831268535,0.633887860031256,0.6319538648014162,0.6272824297730228,0.6283718088187352,0.6274702788497626,0.6287138111581286,0.6294245192954874,0.6234070560840727,0.6237018669325569,0.6267202082037341,0.6239907369869546,0.6262147681224846,0.6234171692389366,0.6212440178934827,0.6198011500759291,0.6238663873899034,0.6234937152587723,0.6239951283053873,0.6222887267129381,0.6136963917569495,0.6217964151718328,0.6174529277648113,0.6162107695925729,0.6155486180769381,0.6149449768510346,0.6192509135899541,0.6168449943177666,0.6149720064822931,0.6180165373900689,0.616375807884396,0.6226322345932603,0.6284798509688002,0.6347075802532993,0.6538313455955399,0.6766107468153966,0.7016398310275328,0.7323747649537513,0.7480749239098547,0.7527381351388891,0.7453660570649965,0.7258856193177429,0.7000089155494487,0.6681761807718145,0.6455080216321352,0.6275832235675372,0.6183695653738327,0.6166080340497417,0.6117119138448591,0.6083820467784181,0.6111733776473838,0.6082374769151159,0.6079956173310552,0.609582817575767,0.606188164604493,0.6082837313675333,0.6077193101333543,0.6053166324681447,0.6023936165299327,0.6047896690942441,0.6066170746821921,0.6055603869765234,0.6069196342711773,0.6020966157274203,0.6042142997376764,97.34384573055102
0.5481253995676095,0.5457579587852214,0.5453797292727377,0.5504053491497822,0.5463342191812828,0.5445997729120136,0.5457327302143041,0.5436947099092352,0.5490079962000288,0.5445934826718608,0.5468880609246406,0.548386291381741,0.5445183894874945,0.5464273566112324,0.5431477565343107,0.5499440846824815,0.5467699227240793,0.5443565665267458,0.5430407290302125,0.5442030209465049,0.5435956657155743,0.5480261462389581,0.5415138263018139,0.5440791794840201,0.5436176983517075,0.5432646617366677,0.5431281439472176,0.5429610440298642,0.5447915791344285,0.5441255927642519,0.5436287402670251,0.5366492162832107,0.5433266458481794,0.5395807637711727,0.5446241948384881,0.5471827538815305,0.5440250420620862,0.5481256260546222,0.5518459182629916,0.5621154488033278,0.5692422378201416,0.5852439001724136,0.5989709656442722,0.6185150755330607,0.6409723212393261,0.6669954141843659,0.6863746083798608,0.712348396527979,0.7299818765369928,0.7431785537182809,0.7452767559381988,0.7393394809887543,0.7295151383605168,0.7090797289385443,0.6847563915236339,0.6652598439143941,0.640129433578196,0.6167889936115767,0.598263184427184,0.5776602817687022,0.5630822916951986,0.556086097422456,0.548620434591058,0.5429246353762541,0.5413670950838887,0.5383490557506957,0.5346872846353325,0.5367266635928695,0.5348605140425038,0.5372759332198959,0.5352635233900853,0.5386047964749506,0.539416322584816,0.5374043256377593,0.5327849359278722,0.5387407191629744,0.5387258940066957,0.5354564700741432,0.5379092942741168,0.5340046868551821,0.5312201550840088,0.533276692761486,0.5381004796037394,0.5315043347298183,0.5343301539845972,0.534244016089937,0.5329943967083008,0.5329779188922438,0.5338540772567419,0.5324298712009108,0.5305546957869918,0.53367349356377,0.5352347797393331,0.5346718085083312,0.5311578094329625,0.5301194414345473,0.5318981384034349,0.5354467141162864,0.5334469443185095,0.5334082952218734,0.5336247003574001,0.5325311522144731,0.5317755160676105,0.5327037660588365,0.530132268873063,0.528243036521475,0.5323710594574407,0.5332697434372449,0.5284691301252201,0.5323635295171578,0.5343287416547019,0.5317031606734424,0.5317776936496634,0.5371157406706432,0.5421475687222821,0.5528692007142911,0.5720515413705519,0.5928342809149103,0.6264963564702901,0.6704279050983585,0.7161452689246146,0.7625575337717498,0.8049188788982713,0.8280285465078229,0.8383691649113022,0.8255576863575563,0.8020827710345663,0.7598853442667917,0.7150896628400591,0.668617795053044,0.6295855655437889,0.5912464233080206,0.5641325663116936,0.5508788996780573,0.5410780371036373,0.5337558137994625,0.5321489120113472,0.5285424377358025,0.5254887866678069,0.521407353140762,0.5252587102253715,0.527567159713206,0.5245471782989164,0.525224045140736,0.5258519974523996,0.5228224771724425,0.5259439142141769,0.5278162399110695,0.5240409707847868,0.5219730818524794,0.5239426247275216,0.5194716752935916,0.5244388669032242,0.5245142260244544,0.5268055667833799,0.522910921773731,0.5239605009838616,0.5212655850960192,0.522120010396835,0.5196275836446327,0.5221353004904875,0.521768920184867,0.5228614674079085,0.5209946831686166,0.522664548733236,0.52279497666868,0.5253408826073346,0.531751970498377,0.5422731371695174,0.5611779226389824,0.5842554508758293,0.61383929386641,0.6440325465263093,0.665250400525002,0.6741553265781765,0.6704312799779448,0.6419472714813208,0.6130494532762404,0.582478694790007,0.557607400301962,0.5396650154258128,0.5299743626006933,0.5200974015260649,0.5227391838629886,0.5206553615617138,0.5163377054814136,0.5139957188471983,0.5163854335101079,0.5176888199138008,0.523177045212054,0.5189471192576633,0.5140899564853715,0.5161704275738213,0.517287928555463,0.5177463371663835,0.514454089202746,0.5166582233607561,0.5153375424377485,0.5144099204842975,0.5169812457994554,95.09249756661185
0.38169820071476235,0.3815378268188091,0.3822219107694976,0.38332420668093103,0.38431509158278354,0.3856054167999483,0.381900023097137,0.38095019858368284,0.3797497190294213,0.38323759928339357,0.38420412533340326,0.3800038591763796,0.3851565486788703,0.3828309821257074,0.38068851321481156,0.3816700364340293,0.38164658934868223,0.3818486284704159,0.3850058060006461,0.3857601234136027,0.38759722552980347,0.3829689615338454,0.3852178058899299,0.38340437450493503,0.3849053322446163,0.38207131486665297,0.38295351768165475,0.3869759238642275,0.3825775432986592,0.3869594563016735,0.3845854891847646,0.38234086262147593,0.3814586927064295,0.38997321680478453,0.3840406974630121,0.3890248404573535,0.3919597933699372,0.39193488940694376,0.39850718343618036,0.4079919319540964,0.4180556882706082,0.43055555966573195,0.44984641369649636,0.4708549268194984,0.4939396643157746,0.5249470669529581,0.549591112402735,0.5698000497975887,0.5941285280284819,0.6046491955357648,0.6098485570320801,0.606229544975908,0.592165139867691,0.5780889720931427,0.5475213480693247,0.5243241013528194,0.4986407690677837,0.4734723182002622,0.45165405739428877,0.4337190368785682,0.41919197672699504,0.4090546666071212,0.4059264579365716,0.3980058653509538,0.40017725611946925,0.39548538740340883,0.38784312011802896,0.3944725893640934,0.39242221706557007,0.3897376652596065,0.39520485912376746,0.39184945000642096,0.3918270280610794,0.3937775285713292,0.39547584636374383,0.39358210783175995,0.39360485300023734,0.39229375201420996,0.39610539306243,0.3942664216527489,0.3937358902647943,0.39365422442694176,0.39657335269533095,0.39416151814217415,0.39691142455016115,0.39407594392798867,0.39663016833430725,0.3957662137623676,0.3936169754601752,0.395510997277921,0.3914702076762426,0.39452979786286063,0.39302872877028944,0.40034580580307505,0.39338520842073604,0.40185531494416377,0.39787875679726464,0.3959789274666855,0.39879584621939473,0.3960605614866788,0.3946969611611359,0.39784068039415027,0.3992492169182852,0.4005726111843223,0.3991786069273058,0.3972938666912992,0.40130068599100477,0.40104694753010944,0.3994971251094923,0.40172908509361616,0.4042762378580833,0.39994781194732393,0.4014008081645696,0.4060989994138353,0.4117278037199166,0.4275974154022379,0.4418709383182425,0.4746439701113038,0.5069045703387836,0.5553291415725392,0.5970095892063699,0.6507363538237754,0.691450485695917,0.7256932939975722,0.7367211063353827,0.7186313544294594,0.6964340857876219,0.6546428880017879,0.604106747140482,0.5554526929524868,0.511278612071256,0.47618345510949733,0.44556923521407615,0.431812327167746,0.41817507716926283,0.41120525426361704,0.4083285502887662,0.40282150718276327,0.40146072587128817,0.404059386351799,0.40737301706490886,0.40201000784019675,0.4048711479998989,0.40324482328625083,0.4031397512849294,0.4060087756327621,0.40669224010318383,0.4037647825703408,0.4082808331561817,0.4065177999720425,0.4053558999549504,0.40670075581201487,0.4102448787709352,0.4078457092768373,0.4051077179721847,0.40663416117431234,0.40710058014659634,0.4083352351518039,0.4076501738701852,0.4111286981511529,0.40705362008277457,0.4042244280918112,0.408321543181005,0.40732078932282545,0.4058031465900159,0.4087724388521506,0.4125256616690803,0.4218548201401175,0.42832474481146743,0.4510756407669586,0.4818236879946782,0.5096244427528315,0.5419560841426898,0.5680666889891086,0.5768046887195754,0.5697951884697237,0.5426961990097476,0.5123773360627712,0.4801506406164333,0.4513695988043173,0.4330608494978734,0.4218833098670336,0.4134304625502531,0.4123984826744389,0.4151328183414711,0.41394068174194604,0.41072775107172804,0.41198082012251036,0.41411076572370525,0.41321878278476865,0.4140977494816263,0.4137325550340632,0.4132615705014321,0.4126654241626287,0.41077345615722693,0.41471460705130253,0.41305309727678163,0.41036729156064405,0.4127382113977896,0.41570057279899725,92.40183962841179
0.5653841583835812,0.5677175701707603,0.5689817436256536,0.5660785133272428,0.571535623555179,0.5687329626606253,0.5665108464315917,0.5698250307343601,0.5688111518901844,0.5709355109754892,0.5704718851877756,0.5711963687454584,0.5697148582939275,0.574008391190728,0.5702062376779189,0.5707911863072832,0.5742336604936643,0.5771948520293453,0.5737742012313001,0.5763715564765113,0.5776065182785076,0.577579438195756,0.5758179001093202,0.5747485167221588,0.5730059360363512,0.5773861092438586,0.5807595823612313,0.576648779701082,0.580796091416073,0.5780047397005276,0.5806495905310547,0.582432304644989,0.5803681549696171,0.582867705599971,0.5828355173970359,0.586719532972929,0.5882320816941391,0.5915566692829185,0.6000133061801767,0.6060782187417657,0.6142916687887013,0.63004804795814,0.6485642952670665,0.6712231032507701,0.7016410737455305,0.7247366201137904,0.747290016491395,0.7752845450530531,0.7927334976818351,0.8092545197372404,0.8108788180568096,0.8091513826731371,0.7955176935254427,0.7800798054442482,0.7552846898126306,0.729503077763076,0.702265636598831,0.6751370001527054,0.657586714487272,0.6428882511557531,0.6262952713175877,0.6146866782617567,0.6058058402749866,0.6023733357237869,0.602393789765503,0.6021621821677825,0.5998745902430037,0.6007941160050044,0.6007505548823057,0.60065829011435,0.5987294454665998,0.600842286427365,0.5992687581199967,0.6014822589471897,0.6025958714208505,0.6057805419561089,0.6002931986814526,0.6043657042449655,0.6068553160612926,0.6059007384071654,0.6065391497286926,0.6065388699170432,0.608450372051126,0.6041689702088529,0.6040622968374593,0.6073117055551353,0.6034922733069922,0.6107661128035078,0.6112364752678893,0.6084185674486497,0.609033951047458,0.6101210209724469,0.6108599809056018,0.6115005111251084,0.6128528511826224,0.6118813579459141,0.6146032209472749,0.6140989536118665,0.6124833550303258,0.6168577318242052,0.6119612202212068,0.6149836434173992,0.6175921022105656,0.6147026026738422,0.6172589910770918,0.618219775641288,0.615911526637166,0.618004652565957,0.6183995719394868,0.6182841427755815,0.6249205664603317,0.6202581364991547,0.6263143427162998,0.6279473654331291,0.6341756679225296,0.6490506810762726,0.6694315913088924,0.6977404735826491,0.7360440171205183,0.7841862053308044,0.8294024657718514,0.8780500899882704,0.9237966301370126,0.952081454721162,0.9653253700189875,0.9509999993931857,0.9295884452961077,0.8840297126172983,0.8294552187845162,0.7817798917660147,0.7404343331710886,0.7051152740924552,0.6734325081971901,0.659095130566307,0.6422587341943969,0.639339216739312,0.6382939441796752,0.6334271334770866,0.631029635253143,0.6343867585311322,0.6331902996897074,0.6360763299242919,0.6335099740596496,0.6342163225828831,0.6322068224206463,0.6370780329485529,0.636906299538587,0.6353414950682297,0.6385960683555956,0.6407528311884372,0.6387577774977292,0.6402154707837248,0.6407159830302216,0.6382509245557517,0.6452629795661833,0.6406983322372447,0.6434424902210718,0.6441589274263599,0.6428316245640667,0.6448151443444902,0.64458593366857,0.6417601901617322,0.6444635824820156,0.6445395878918377,0.6457800208140909,0.645806296474943,0.6540990797296451,0.6618029552463314,0.6727749936705609,0.6930638514580928,0.7175827747164908,0.7504207141426744,0.7833530597793809,0.8111607085630086,0.8199235777983772,0.8106985826578395,0.7894614256892791,0.7554444526121034,0.7205165185712341,0.6940632121712375,0.6780656585007248,0.6675455671900081,0.6607931516722015,0.6610321066018391,0.6597779988676666,0.6574316823696102,0.6552163349328577,0.6547213103839704,0.6570457948300967,0.6598146916463343,0.6624512667999951,0.6601229961277381,0.6621157559567667,0.6597779168399825,0.662004293453859,0.6628956925105476,0.6577800139783546,0.6614025486069529,0.6646190506622057,0.6637588102468921,96.87587927170165
0.40218788456549703,0.40041167127061117,0.40287824256612265,0.4017483019048548,0.3998027119322785,0.40471682266685316,0.40120188034742066,0.40001421637826856,0.40009922448399443,0.40360204940103866,0.40194647151399776,0.39955842894371657,0.3976581607256054,0.39772915873542175,0.39819647271641767,0.3999342983865697,0.4001922396115327,0.3969873024765074,0.3997991143009561,0.39613957182706117,0.39649246769704427,0.39457618481021645,0.3942758496035758,0.3951548909552944,0.39670169370287467,0.39452495310576635,0.3992697245274873,0.39417134429774764,0.3961719995502946,0.3982234636285018,0.39557051792214526,0.3945083064513666,0.3954743892659389,0.3941748316269683,0.39372199967233107,0.3978924278530668,0.3972745154901065,0.40335089235328764,0.4079247108477821,0.4139880265766936,0.426064108911521,0.437226945089262,0.45812997763527213,0.4803200575118294,0.5036289974074004,0.5307647513911682,0.5596376786044319,0.5878498139702436,0.6034743593695953,0.6159655126821081,0.6235512655224025,0.6165217403915053,0.604707708125035,0.5854178408691857,0.5532392451462844,0.5291411202435277,0.5008827400877293,0.47346717514226594,0.4488724984535348,0.43079782787995097,0.4195152532112012,0.40728991786483515,0.39894953229182994,0.39540567265400933,0.390314294263292,0.39202364432973164,0.3867765352046302,0.39012204746903484,0.3864518619541478,0.3847822780887782,0.3843047202267507,0.3884973410839057,0.38660096623626194,0.38344111248704943,0.3849537373744076,0.3797560045349215,0.3815688127141354,0.3824904503266571,0.38220053040827107,0.38593537898272867,0.3794401772018468,0.38017214393859344,0.3836917541459705,0.38300671851755597,0.3816058410863967,0.38616956952514425,0.3830586147729868,0.38402865892528854,0.38124061820258565,0.38001426307801217,0.379796377536005,0.3824751750392495,0.38192455081762317,0.3797010468029782,0.3808406401030902,0.3815819170286958,0.3782880308933919,0.37848830786548493,0.37982758893131985,0.3751161972466857,0.37938391516903136,0.375961859247975,0.3798545436009527,0.38202628009416456,0.37609651424165685,0.3745538454369474,0.37666202656866593,0.37627806089404375,0.3779639325501513,0.3770595795067072,0.37620914274881545,0.3777453019499845,0.3771632326821459,0.3848688730700682,0.39352209344556716,0.39997749529721877,0.4182747830960476,0.44839437400333043,0.4840226013106925,0.5297600031652063,0.5807248003736792,0.6342236396491499,0.6777234379275563,0.7090673990868994,0.7176010063600025,0.7054060168989595,0.6775493526098616,0.6310489859107115,0.5826268510091964,0.5265720821867903,0.47924627775558565,0.44260793041603774,0.41674399302232384,0.3974641905230237,0.3857442332407112,0.3767836346408252,0.37193553581376376,0.3741700559561417,0.3723974240710117,0.3713401295178182,0.3695549631103603,0.36939869658200225,0.3667429693842366,0.36839178865994693,0.36597947345948173,0.3655109387180904,0.3641414499916475,0.36794771111346036,0.3672221027765829,0.36604819429148505,0.3655455588905416,0.3625121678256459,0.3664443888113371,0.3650597184897718,0.36724200199566026,0.3655016395108683,0.36637999579299063,0.3647131719352332,0.3648503141905051,0.36610894953018386,0.3636237120120505,0.36472265318540775,0.36269467408588535,0.36322897390703346,0.36689805199145864,0.366004471510671,0.3664201896619329,0.37453834884173914,0.38293558029448593,0.40454033372191317,0.43082388311505077,0.4672063383197413,0.49928681340390224,0.5251181296442767,0.5352091925796935,0.5231491620263813,0.4978525436169938,0.4647837051175116,0.4290834105735519,0.40255238143184585,0.38268917553547527,0.3707793159114961,0.3644895511742622,0.3571829862976023,0.35632493951122807,0.35585941558411666,0.3579879531348803,0.35694962375919637,0.352730891324222,0.36091705436292876,0.3528037059332905,0.356601603566506,0.3574266954315197,0.3546195820271669,0.35709828398418025,0.3535612185351075,0.35567898521985003,0.3507348976963739,0.35720165844962215,0.35461616036522026,92.04643712929484
0.5773021474497335,0.575548380228235,0.5799283049476132,0.5790773044182145,0.5760948788986717,0.5767751977915531,0.5764304760171083,0.5766063240589673,0.5773147271207807,0.5773357020521293,0.5764739133823832,0.5761658770853576,0.5771313400683925,0.5778309958579844,0.5767697237482425,0.5796263549030768,0.5782319003311659,0.5739407372735548,0.5780765887420208,0.5781469258750486,0.5759730742277249,0.57375886012965,0.576672114679036,0.576547332194286,0.5742263428851577,0.5734743942960013,0.5761097138929615,0.5757285776186142,0.5752745868581018,0.5758666453438632,0.5737734820728055,0.5750981550003537,0.5771071964571426,0.575569234538806,0.5734297159815814,0.5767977006900475,0.5773173479736441,0.5828398970308319,0.5874229140426899,0.5901625168540016,0.6045141858214795,0.6136314920377554,0.6354726641846955,0.6523028179302147,0.6728868350784112,0.6978010279197551,0.7254534370959234,0.7464735738953865,0.7651570526985827,0.7803008323835464,0.7796831137067763,0.7770086056971982,0.767816865619874,0.7472374248170793,0.7207976732962504,0.700162818402877,0.6719340647418494,0.653907841962263,0.6292158289029705,0.620115556228694,0.6040649924935151,0.5898343296651166,0.5845861636097858,0.5813872178286832,0.5784126987402737,0.5758288787202639,0.5762925080175701,0.5728511738883656,0.5719484562045419,0.5717288214596713,0.5739639425574796,0.5728453982307051,0.5725866623205251,0.5734935859652828,0.5677045096978677,0.5723321719676329,0.5720553827909874,0.5748623833785222,0.5683742309780111,0.574452462414989,0.5713956043314563,0.5721294669444856,0.5744100288233543,0.5720864176238804,0.5716723356455009,0.5712628854559049,0.5697180508425438,0.5705347328944593,0.5690673896428551,0.5703159854080302,0.5656399618445882,0.5710766064056592,0.5698817567947869,0.569359527860872,0.5703781555340743,0.5669782155530986,0.5736105874300126,0.5694532165781727,0.569273766835181,0.5675413681277606,0.5694267610516418,0.5720595079145496,0.5712641878767623,0.5708081725358567,0.5700996349255044,0.5681992138846043,0.5659312039688066,0.5683608608435231,0.5682649331195946,0.5709112670894411,0.5697440252420474,0.5731567449063093,0.5741042646549157,0.5743319151284518,0.5781273799416776,0.5954583296753516,0.6126342058621363,0.6322230508252582,0.6715410831927096,0.7105537885400418,0.7561966025717687,0.8050698689255553,0.8440812335822916,0.8695377963717219,0.8786431042568871,0.8692813311124467,0.8402185644953742,0.8011703237085593,0.7533242295209461,0.7081905149656513,0.6666697837776434,0.6323787197134005,0.6086961929302074,0.5903598900789576,0.5808561884121659,0.5699477538210715,0.5692434747504783,0.567769529958365,0.5658916987686163,0.5656700137652969,0.5625807130456736,0.5663038296787211,0.5667680874137944,0.5663581267375717,0.5673524524141434,0.5655839255818841,0.566044695219598,0.5653061550749693,0.5662757632536353,0.5616529028671237,0.5629269034201871,0.5677945685339111,0.5596066015752285,0.5641538213889135,0.5666854312297274,0.564061064279167,0.5633442695612829,0.5643198532547193,0.5632615604329505,0.5639366790892348,0.5624172415834868,0.5659181471244532,0.5664931334909254,0.5634213704377755,0.5612352368585607,0.5639919271030833,0.5672889591626923,0.5743453358097698,0.5820333649496137,0.6001221428211568,0.6277063793218606,0.6588138111717826,0.685755632465526,0.7067889485044215,0.7243216532169794,0.7108353991501554,0.6860916291596422,0.6581142802497285,0.6256897460413319,0.6024618215549138,0.5832486261734343,0.5722106582978799,0.5659370372556721,0.5604655233496739,0.566018486135274,0.5597525719416623,0.5586874532600264,0.560849383346537,0.5592487729206684,0.5609726754774171,0.56235785750855,0.5628795527842724,0.562425098293204,0.5600910747100857,0.560708226238734,0.5613315046859051,0.5569068757648239,0.5614703240444754,0.5573212601008706,0.5642232559056766,95.87683084681777
0.6157500547889789,0.6151119565161053,0.615135167119855,0.6114068231783782,0.6168506077024287,0.6160902991639603,0.6099011667781891,0.6082448402825869,0.6112324894437614,0.6133802138847251,0.6102357245392988,0.6102640490595355,0.6083087681024973,0.608924802088058,0.6099652510424963,0.6083445679684528,0.6081154198031188,0.6030819862132625,0.6101290727524216,0.6019940538034233,0.6050534602841954,0.6038837798512202,0.6034149345545717,0.60481250887858,0.6011014504409059,0.6010961484243006,0.5991135484762228,0.603097982192685,0.600836721411152,0.601038736208945,0.6008668928365964,0.6027427994222697,0.6019856284259925,0.5987282478172073,0.5983739134130617,0.5973831239235468,0.6009880126490533,0.6029744361456547,0.6036134165371312,0.6119943460876437,0.6205637919389119,0.6272704772486609,0.6440972007319705,0.6609453969445115,0.6810348411509362,0.7006445817893783,0.7203715779081058,0.742055332675374,0.7573983881205621,0.7698529573265098,0.7729765051316871,0.7686598012054859,0.7541720545090701,0.7379913651882174,0.718343766271259,0.6970367020421231,0.673704032396085,0.6539148719086854,0.6367731578537076,0.6175081328631726,0.6055055974908508,0.5985946612478841,0.5915654045784066,0.5885923095496607,0.5839483281634992,0.5852500334295869,0.5770919273400374,0.5808603927035282,0.5787362891355212,0.5748279772884799,0.5728691176318785,0.5741644785220916,0.5782610481747448,0.5774705553402556,0.5744639871892099,0.5734396565572591,0.5718956224474894,0.5726769288286702,0.5715473796691146,0.5753596205048432,0.5689106716559402,0.5716127090644021,0.5737860285229756,0.5712651040775583,0.5669114377684918,0.5655193835446971,0.5685968991236642,0.5677931959007957,0.5694010204608493,0.5674771507405645,0.5648546279717305,0.5641629311397323,0.5621000979728744,0.5644151948272945,0.5607916224260934,0.5648645524007272,0.5636669349101177,0.5630475892944627,0.558733075996485,0.5605208569197092,0.5594862285548513,0.5599145194111343,0.5602100414835993,0.5575700857105027,0.557090109183854,0.5588484380220871,0.5546812208807796,0.5549129267590822,0.5559216073542181,0.557304919766054,0.5533721365717275,0.5591339064672844,0.5539611472469471,0.5624352663800662,0.567018900483831,0.5710447665069501,0.5854933943083316,0.6119995083151016,0.6391924228693356,0.6741703271262788,0.7203312266261317,0.754736334039274,0.7903812935357728,0.8140244594803832,0.8175861278105264,0.8143120971785549,0.7877882647277641,0.7554095278106209,0.7141427718691393,0.6710881909947383,0.6337619518213221,0.6031036970824791,0.5784618370430396,0.5626682637744166,0.556147229619022,0.5485743527118789,0.5437319133834418,0.5423000113397127,0.5396209967436649,0.5391969558650888,0.5393086563726949,0.5333554824052319,0.538738398610259,0.5380312683128234,0.5342428107535452,0.5377357014727053,0.5302567083354474,0.5348412405483871,0.5336592391797778,0.5324044804166004,0.5325062092727895,0.5330769883617916,0.5277444434853575,0.5328015619483997,0.5294231385467353,0.5317186442830549,0.5304188285532805,0.527713718293842,0.5278613362281683,0.5274233053387497,0.5301231011136156,0.5240827178735692,0.524966299985073,0.5222420753713235,0.5254660349999158,0.5244157499881006,0.5265137702245004,0.5350649301727801,0.5395077458532331,0.5560288181530705,0.5772188709741266,0.6037818885349494,0.6363872425785682,0.6468775009766164,0.6585443397797759,0.6540903046930304,0.6307780460098047,0.601331750280477,0.5713429571213073,0.5533979386861035,0.5363578101772283,0.5212529033699189,0.5179823952083857,0.5132435301063901,0.5083802339689226,0.5107168976032277,0.5127105907961519,0.5130696200005446,0.5106971841985557,0.5135342982843776,0.5122885573066132,0.5094230977154685,0.5086124877904649,0.5093272233455903,0.5079701038269971,0.5045984812326298,0.5063031382004051,0.5076690893421493,0.5084114882529006,0.5071463882937489,95.58144987923188
0.41389529994196655,0.4199758949910286,0.41691646743571775,0.4169125306036002,0.4137975405146843,0.4174767179090632,0.41195341036841954,0.41538819020732326,0.41476411226607085,0.4105734536015876,0.4158874268004575,0.41178262770573626,0.41202624710957136,0.4070631114422579,0.41375170418356916,0.40646602144463956,0.4103637993494418,0.4057233742487595,0.405873831428854,0.40808820898199427,0.4079646998512731,0.4027659247016302,0.40688835211393837,0.40619632895344504,0.4016295475167829,0.40610217035650287,0.3993914299129263,0.4004579344461142,0.4020726235894825,0.3988253223321159,0.40050071196694303,0.3999422210437394,0.3986630930927119,0.4004465798035408,0.39836577933778194,0.3998255033098454,0.40299534887541044,0.40484065689098164,0.4091400856707874,0.4119569032115041,0.4250212168866218,0.43552099558242235,0.4519283824529396,0.475370069996973,0.4978764810506441,0.527291215278024,0.5533283862737263,0.5715499334279777,0.592625138338558,0.6034501184676452,0.6092450399870784,0.6060778254385749,0.5913927317960672,0.5705690142815746,0.5494907975573864,0.515089176931932,0.4949455089351204,0.4660093821147247,0.44471725269111895,0.42540330707512614,0.41503523082025856,0.3985689105832443,0.3931649112768762,0.3886853315102794,0.38064935160764984,0.37948935914166704,0.37929066045379856,0.3765707475420448,0.37576613926252905,0.37591820701974604,0.37722788220599884,0.37460044738224313,0.37682268105207883,0.37206095665554134,0.37094807554502207,0.3767021231646657,0.3709318775504005,0.3690246657076493,0.36756120393825176,0.37259438644080345,0.3691604540152859,0.36873453233213,0.36832243880677157,0.370065618936714,0.3670795645860658,0.3715256229402188,0.36650392767048046,0.36775886719902207,0.36664466852437033,0.3643601853116734,0.3626580291238159,0.36389479009666614,0.3636499508456289,0.36088347243066526,0.3617602134026709,0.36329883677204927,0.3643652134436965,0.3613329477848833,0.3627486198411638,0.35716324406480265,0.3592246521150521,0.35989683475260065,0.3548260881690513,0.35504672080236,0.35889349924982766,0.35286934426470123,0.35154532874060823,0.356708967520364,0.35551739511264036,0.35356984720577417,0.3524477715980964,0.35202753990781666,0.3548756684723745,0.3607665948666493,0.36453286411391117,0.379666567169511,0.3915335835957049,0.4196743352628228,0.45450723609679444,0.4968899267479654,0.5477347032551801,0.5977266965258715,0.6399055622605814,0.6715183431566589,0.6777641647076535,0.668275494693485,0.6365848549679876,0.5966414959855243,0.5480288984418,0.49411129153302247,0.4460547291253557,0.4102005627374178,0.3842755944722446,0.3654256852917233,0.35343040500395684,0.3453029814752235,0.3398991280055416,0.33600336177225176,0.33651042165290207,0.3383823157431096,0.33592824247123276,0.33428471115741126,0.3346468038259751,0.3312352773782395,0.33035680518111277,0.32927575885219634,0.32991939191129077,0.32872477655121046,0.3313842119887844,0.32741590283575406,0.3261599965072144,0.3310494852604894,0.32566047154971567,0.32626917006717543,0.3262636499781789,0.3224865095221823,0.32662975665676547,0.3248319335511209,0.32607344789824516,0.32099763744460874,0.32195571448751764,0.3212458996995767,0.32113583891968417,0.3172425032032601,0.32021611654629784,0.3177479762828532,0.3236268201569826,0.32424758274367854,0.335805470001912,0.35955358878919247,0.3831904240432444,0.41428752024401383,0.45058206020269015,0.4723060050718668,0.48180348744952733,0.4701160507799245,0.4509951909230513,0.41144755553222706,0.38296422120177814,0.3517826707128932,0.3289863166048044,0.32105505449570454,0.31392193543634794,0.3076783010634272,0.30612782810820505,0.30687794257516166,0.30688094500975344,0.30059703135945887,0.30703265783059847,0.3033338196817566,0.30105770150338496,0.3050021274582556,0.3024716343313281,0.3043500907733242,0.30219255460157035,0.300712512179971,0.29980897243611754,0.30047874899054683,0.29808515209546727,0.296605960579269,91.60513934053495
0.5962195332612509,0.5962042948121906,0.6027559756863788,0.5985452564989893,0.5954955452056319,0.5996902698880955,0.5995703929661581,0.5970959227339421,0.6001816594980084,0.6010726553510751,0.602469666106969,0.5972776171844418,0.6025334221472729,0.6044653798689098,0.6058292481504423,0.6000100443757176,0.6025785793277721,0.6031806572911461,0.6050381304053228,0.6037661396936713,0.6030729169231698,0.6053463668213628,0.6046453315001058,0.6068530695799954,0.6045180028385412,0.6045012097989849,0.6095860215637261,0.611911016937474,0.6114248354214143,0.6080585903518639,0.6107514923685454,0.6077413577991984,0.6106688635228907,0.6091457804861848,0.6137037090508094,0.6146797280487978,0.618411441607304,0.6165168897354173,0.6241297044949458,0.6277187244079689,0.634804249368773,0.6458984820306803,0.6620464321937141,0.6745958624194404,0.6932082688803176,0.7091039363431183,0.7327801978713254,0.7517368197170402,0.764361513263009,0.7735509795962051,0.7754890182652359,0.7752139976696895,0.77036158474558,0.7506942178550892,0.7379187639712572,0.7190770779664719,0.7031757690467385,0.6826527082861279,0.6670924359667422,0.6533093686574876,0.6428212757660747,0.6373928908443101,0.6332683460389119,0.6279324077928489,0.628275829323028,0.630448354206543,0.6243981604922152,0.6243937400095766,0.6241672308700398,0.624896977714028,0.6274196259478925,0.6255253370126608,0.626124044200603,0.6256486663132839,0.6275318689298275,0.625954658002442,0.6249166734181171,0.6286724739019506,0.6321441528436289,0.6280137830785669,0.6269195597932286,0.6332415567986094,0.6299096980628887,0.6321159975150857,0.6291772536978082,0.6310630308987912,0.6342529029676299,0.6321216435651904,0.6325548074454964,0.6296995195379061,0.6346590788710867,0.6319215521143998,0.6361410215950632,0.6347146876814774,0.6353006679043137,0.6366716177330468,0.6362853774310341,0.639380049822989,0.6394715247548587,0.6343252648427457,0.6368266359692173,0.6392494465747908,0.6360995249809125,0.6352571001925096,0.637281772865595,0.6389823194371932,0.6314984388034199,0.6378275526233819,0.6369591593393964,0.6433514920399069,0.6436470579394753,0.6434557938186706,0.6449745289906048,0.6491196119030961,0.6515932329367355,0.6651837108302252,0.6768624930280627,0.6986391662929142,0.7253745348410942,0.7575488266820551,0.7937460230753598,0.8301420301772978,0.8610522225121618,0.8836863946487639,0.8910377723155404,0.8825630483218546,0.8640308235425534,0.8326759771345443,0.7988061989401564,0.7569428085123843,0.7285937984494624,0.70107042396697,0.6821740758966008,0.6711469086951283,0.6588838709933336,0.6572789670470632,0.6546346907678857,0.6514146825515506,0.6535327702145415,0.651784174153715,0.65797693918754,0.6563416159327207,0.6544611246110396,0.6538647216666136,0.6561424600331329,0.657076959748327,0.6564591911525272,0.6543280856756214,0.6563474972407927,0.6573310004471072,0.6581638281269858,0.6586183086958064,0.6598615512719728,0.6614916318102811,0.6612416231032284,0.6608054400248142,0.657517698402434,0.6628141084030824,0.6624874072182944,0.6607468892867802,0.6617280741980973,0.6622159794328916,0.6616481555555513,0.6595418315425144,0.6615374358771539,0.6632482277490688,0.663660594886584,0.6703055613834676,0.6837029181878739,0.6966912279924908,0.713892794304854,0.7386742449987338,0.7665773762665755,0.7846285063057916,0.7893513559401762,0.7853857761427755,0.7642204187262575,0.742955238554815,0.7161524977901473,0.6990737953215139,0.6863763256274132,0.6748782381933122,0.6753153583073925,0.6739311253858659,0.673958847974016,0.6766890919454185,0.6731565353036639,0.6725725670044754,0.6698969542513759,0.6742915097078275,0.6750344020725421,0.6716117481228909,0.6742518913458233,0.6751626339866414,0.6766077239129007,0.6776694602577791,0.6752921672963937,0.6771763079545141,0.6783293616949494,0.6772266366982919,97.06492647225782
0.5397164827904918,0.5409830728968046,0.538535583132405,0.541872836965511,0.5428834969917227,0.5443350146076008,0.5456307588284334,0.5467736879987382,0.5467004631691492,0.5462489553938982,0.5441666519326032,0.54762427965489,0.5475115232489193,0.5510700856736273,0.5526380546239787,0.5533781496212355,0.5536964406275189,0.5525970113956639,0.5525016796006422,0.5527329136144267,0.5518936513991834,0.5575738921486988,0.5559223144643024,0.5544606547342293,0.5559820813459905,0.5565831905246705,0.5590861345573078,0.56182009622642,0.5596792057365316,0.556571163017293,0.5614223849365371,0.5622606501009342,0.5629883907092308,0.5632209207745621,0.566253462949359,0.5678078822809308,0.5703071799052635,0.5751170087702832,0.5791717392965231,0.5872481850405794,0.6022921914361078,0.6156596522173314,0.6352286730200706,0.6589849120221302,0.6837869394557903,0.7127034656995541,0.7357629880777273,0.7650010417713118,0.7850262168261509,0.8025008099771086,0.8062169056919731,0.7992476067188189,0.7888633526770306,0.7690172626095071,0.7452825624885575,0.7156242799280139,0.6916334158555949,0.6656177872885597,0.6450441228670667,0.625359668813523,0.6119923715651068,0.6055626487767735,0.5942849734872941,0.590055936211565,0.5893364522904339,0.5865776488767055,0.5858574124049225,0.5878579352365673,0.5849630949490279,0.5864551642281312,0.5931700428746283,0.5906193415718207,0.5888692748433016,0.5918718626980259,0.5928480738635622,0.5943823489051238,0.5928201899710014,0.5957088239646171,0.5903603920330945,0.5930061723345244,0.596128051188749,0.5971411006453619,0.5953397959193385,0.5983637279172732,0.597278735031163,0.5986540249770321,0.6019390184153883,0.6023888734594105,0.5992584054632264,0.5998195508464093,0.60179323463188,0.6032436164731869,0.6026628397509348,0.6067414492662585,0.6060364717168029,0.6068353899067979,0.604171669688248,0.6097208564694583,0.6024274652287505,0.6104174423310417,0.6112994866554677,0.6092476059517574,0.6133398264214687,0.6113496012837045,0.6122831121105857,0.6135218844616516,0.6199069365460882,0.6169315076389079,0.6164005765754167,0.6140426016494895,0.6172847407497584,0.6170485331861717,0.6230694707503049,0.6264016966185748,0.6318160089434588,0.6471455651479087,0.6651255845418446,0.6956086612657544,0.7315018002897941,0.7797055213017501,0.8329121276477459,0.8829323214991814,0.9267898264328684,0.9584545419226843,0.97069259581217,0.9571966782459022,0.9308190258868162,0.8897626730363554,0.8380107230708144,0.7865813308538444,0.7426777617665001,0.7057526088709588,0.6792360641403672,0.6552029505049725,0.6445886930863232,0.643124029322131,0.6347713543645721,0.6371975776115547,0.635376236058083,0.6343216617079445,0.6375064985698267,0.6378166470168122,0.6422894675183923,0.6374912552746012,0.6422995750459953,0.6408048036254043,0.6394591789360071,0.6430611732585627,0.6432756675113454,0.6428974006444668,0.6440398315186192,0.6429947942102294,0.6432187216386861,0.6470707078864197,0.6457854723760122,0.6467547131770295,0.648156052298885,0.6488085291172733,0.6461009232152333,0.6522141336943523,0.6505680871276642,0.6506131052797881,0.6526048819193604,0.6530469538463849,0.6552467455744747,0.6567141523467451,0.6607536531877986,0.669084425212659,0.6807865469657021,0.698962870542666,0.7255027285020268,0.7653298056076168,0.7955563386689944,0.8207097656640088,0.8281458050819813,0.8236959820064504,0.799055669233789,0.7630531457843975,0.7341073001188321,0.7051027356674018,0.6925782597129153,0.6747851021526963,0.6693520165061808,0.6661561302998011,0.6698989262885423,0.666821926226285,0.6666500252626455,0.6701520407915255,0.6666477912243849,0.6713376801903851,0.6743312604719238,0.6725831082800124,0.6734072012312454,0.6745530504041412,0.6769138733837062,0.6765957728645104,0.6757368520379945,0.6773468230469375,0.6744486980472559,0.6784546827322269,96.78447190351591
0.5822446310579013,0.5798075690822279,0.5822998956537196,0.582082653235216,0.5846630945113065,0.5830352113782966,0.5839447704715599,0.5809735242993442,0.5849758646220733,0.5836676382749992,0.5826990325481793,0.5781948512888089,0.5841292636625872,0.585282268234031,0.5817219845764051,0.5817267236578819,0.5805936859507446,0.5783273834231856,0.5804304807877092,0.5848373220259951,0.5836403217985462,0.5799007022759335,0.5802531793586634,0.5856439905497574,0.5792974966995503,0.5798712221408507,0.5804079005893352,0.5785177962157311,0.5801296481308459,0.580140033676907,0.5793795742409096,0.5838790165346746,0.5790053716883413,0.5813139599525314,0.5803553496229875,0.5826269500847654,0.5828202728759979,0.5874777718666022,0.5921227150379172,0.6004676773336606,0.6052546728649469,0.6214996949830758,0.6318163001937181,0.6513710038333326,0.6764808738953035,0.7014432170200456,0.721664789020413,0.7385099808761307,0.7566152596601278,0.767743191661327,0.7707889180295413,0.7642898528192791,0.7559099301586439,0.7377283571529694,0.7160666025591272,0.694652735373054,0.6731478254427822,0.6533432044151373,0.6323434242550741,0.6174554740990433,0.6073160015783635,0.5970089655306432,0.5913744282372365,0.5865410837879689,0.5840594585047644,0.57980326936666,0.5811960536169768,0.5832232128786237,0.5803743174542324,0.5781805046641156,0.582689694436988,0.5811075820761874,0.5811477406043396,0.5810503053375402,0.5772773955325221,0.5807883835887115,0.5822253965422752,0.5784593795810371,0.5755263106596791,0.5800784752423263,0.5793766349241447,0.5761797205754386,0.5804495221120238,0.5802631635517764,0.576234114527645,0.5829088212353196,0.5805962631780857,0.5752773144116003,0.5806593769452116,0.5805651149640901,0.5817792929610734,0.5776653390980397,0.5805435109576956,0.5783674150495667,0.5776915633294198,0.5770383338795303,0.574925874482604,0.5797768229386933,0.5781136909319283,0.5731633682234962,0.5787381316584934,0.5808669434620645,0.5759011508423553,0.5770539552588726,0.5793255768076452,0.573292321888348,0.5773143390426072,0.5790613637597422,0.5772711494766541,0.5759172206067777,0.5763478347076747,0.5764123952927779,0.5800482017611595,0.5867164534069046,0.5953069381547734,0.6007558123054736,0.6180548679240302,0.6376293033670629,0.666133284206446,0.7118805141580581,0.7492630306486782,0.7940560694496371,0.8292245333868746,0.855541606275641,0.8641791793617676,0.8540355037491508,0.8295384294723862,0.7948267060839685,0.7493443544522361,0.7109266660194657,0.6684666436294381,0.6391575035074396,0.6171977546335721,0.5967739124359361,0.5926231330051415,0.584758839381067,0.5870477525730327,0.5828571716173484,0.5778130020550263,0.5809988312615967,0.578930106518072,0.5776000417305319,0.5737602810570992,0.5741879364185146,0.5770050342622238,0.575968612557873,0.5773733166174903,0.5796314338467992,0.5785804101147508,0.5754217321500192,0.5786280333672897,0.5749138367918062,0.5744212649092237,0.5774328335553935,0.5750043682722785,0.5753134961460469,0.578548947738418,0.577840097980485,0.5757451128328623,0.5732027757470997,0.574948588366589,0.5802761286635563,0.5783246946149676,0.5793261618134562,0.5773335907207355,0.5771137747748378,0.5820737123015789,0.5880782267551584,0.5944222506121685,0.6101410126654944,0.6315032968882446,0.6608361270806524,0.6912455904504938,0.709340661841991,0.7200491291588588,0.7143951615551994,0.6898126498440804,0.6620633216262575,0.6353535512958923,0.6100567574228016,0.5936528613108298,0.5837729294470927,0.5773931962440635,0.5789640971579184,0.5751046615085742,0.5779056619659126,0.5765817159911777,0.5754055756229947,0.5770249618020185,0.5734804708048301,0.5737699639352034,0.5767217018902916,0.5708669630608322,0.5752513424238849,0.5763669384645048,0.5777715132610263,0.5781445211453213,0.5748168033243601,0.5765817228891275,0.5733963035257515,95.98366719892853
0.6902432993505038,0.6909363632775611,0.6912317552240518,0.6910883252130066,0.694719016067168,0.689575416585736,0.6947479418037532,0.6948539980814855,0.6951103996151573,0.6964518481161671,0.6945369783587404,0.6914885168860226,0.6955861676066869,0.6942526523794836,0.6952756102843786,0.694758777248798,0.6967932147835777,0.6970589450597009,0.6940013408888853,0.7006612129980283,0.7042057032403309,0.7014818296700994,0.7003678194218439,0.7011685336299109,0.7009405438926937,0.702467432903329,0.7027190433150606,0.7016188012664759,0.7071794677190226,0.7013632069057109,0.7063214960831545,0.7052775785789932,0.7099697696615527,0.7077105538437438,0.707475158795565,0.7093804746272087,0.712461648692746,0.7138570649208493,0.7201762675691291,0.7261601354507707,0.7390277595326443,0.7559072225526839,0.7751942147580351,0.7934375606114543,0.823171734794851,0.8525340628914804,0.8790058205510396,0.903582196322809,0.9246667038986599,0.9379987660257014,0.9428501765340022,0.9404365155629215,0.932123554197779,0.906388101110882,0.8827296627795728,0.8563467259949653,0.8281229039928782,0.8066527220459254,0.7779207001270604,0.7637344732395888,0.7525960985697915,0.7402361683169122,0.7321712380229752,0.7301356449178065,0.7283145826493636,0.7254257965661463,0.72272974157872,0.7250870194887412,0.7235183714128379,0.7261332873561581,0.7280228663019973,0.7203064531780474,0.7262244929765881,0.723026673119223,0.7318824553164883,0.7265654950874003,0.7294982323085443,0.728438938675023,0.7274076199231996,0.7276739467152533,0.7331936911738,0.7324384943758734,0.7349180735803235,0.731646099751588,0.7326153201533381,0.7320093856523089,0.7324738922617973,0.7314685706904865,0.7342246528254489,0.7329824271421641,0.7359490260646419,0.7359095165466599,0.7366491480844423,0.7399283317648859,0.7370069238745409,0.7391001016692831,0.7421939544866824,0.741208457621529,0.7414058509544106,0.7389904239172879,0.7405673784520767,0.737975845155928,0.7421145845065295,0.7421702269539422,0.7421732902988064,0.7446882510116544,0.7407320410385436,0.7469489563073073,0.7460612667067732,0.7448093093239269,0.7456056645153913,0.7483652953618429,0.7530210162266299,0.7547047083349053,0.7625636706603764,0.7750647750929331,0.7982750908365197,0.8223048934370905,0.8607563547370752,0.9100401027768211,0.9590403511596499,1.0125200111151889,1.052821935155005,1.084562044993275,1.0990247819535202,1.0846285263817805,1.0563590487428232,1.0137849911872083,0.9608023235635419,0.9113284901149349,0.8670920979586202,0.8301960535487197,0.8053403528669983,0.787188634518329,0.7706491968801752,0.7658183634803952,0.7634307197006627,0.7635482529610309,0.7614601651605231,0.760661040738054,0.7617280348232723,0.7621725564788495,0.7594465260807899,0.7621823987789234,0.7652163575723895,0.7623866843736206,0.7635643160787654,0.7633246077067817,0.759686191992349,0.7648593751221958,0.7659260656149823,0.7648017826741562,0.7640217834108283,0.7650741322744506,0.7688680083480215,0.7717889708468612,0.771113078154106,0.7661638230344269,0.7710661537239801,0.7685353884628368,0.7692040351238703,0.7699600781294366,0.7728437436437534,0.7740037013958012,0.772851088314074,0.7746345443662191,0.7792306663538734,0.786331574953399,0.8000192895744475,0.8152044522735845,0.846127729767251,0.8780527207381899,0.9139796736129803,0.9391004301303338,0.9492543506626624,0.9389618707062503,0.913124130138244,0.8790256217668702,0.8498596178862168,0.8219540728968164,0.8023664174919781,0.7949007132374452,0.7846518687080185,0.7867075360034961,0.7863805957129313,0.7792777272538594,0.7837192819833514,0.7831961214417938,0.778665022234316,0.782101067359957,0.7870439837455101,0.7900367017547004,0.7883079317396555,0.7876541260045044,0.7874684838877963,0.7913807623342781,0.7928162027937097,0.7878503269188025,0.7855283270455908,0.7858362131280549,99.4797916207847
0.47536910093096957,0.47302984976214113,0.4747041984356884,0.4776401641595838,0.471924481414219,0.47699252639450396,0.4747485886965116,0.47933311287610464,0.47770484510014977,0.47405719244586647,0.47644616442421733,0.47836730156353047,0.47703400002264906,0.47811387546055906,0.4779668879190137,0.4799207302615284,0.4792479462957672,0.47845412466228937,0.47876810370543216,0.47674832726912714,0.48203048779249935,0.4852018836842617,0.47879850111137795,0.47973637529254615,0.4818529385476219,0.4820238950143345,0.4805443027753621,0.47841957005236757,0.48419593715230075,0.482117562237785,0.4814081972081983,0.47976710216065627,0.4816397619230735,0.47832749658354834,0.4840856628399959,0.48558302119519436,0.4856633229451697,0.48575657515749504,0.4923253843983719,0.4984666982438332,0.5030739679210544,0.5167019105153294,0.5289914023761547,0.5432667602290402,0.5608571653666281,0.5811172461523266,0.5990103656918278,0.619255686758307,0.6342038314177928,0.6448134168201174,0.6464468900407103,0.6436223124584527,0.633277753474234,0.6180773140472752,0.6015456504507655,0.5861484034433535,0.5654213581473623,0.5471737602525032,0.5272192522596142,0.5187306323260558,0.5055356083548769,0.4983732311683916,0.49349032350651073,0.4908563068758275,0.49195893002227925,0.4895185354486254,0.48653281368202117,0.48697361503709424,0.4890626396737905,0.4895139842309987,0.48850343161088855,0.4860926318892558,0.4877305397469881,0.493493316772602,0.4864888137926192,0.4898411536938746,0.4935142962305072,0.48890724675482833,0.4933034994853529,0.4884422321675437,0.4860495324544444,0.48902249148506083,0.4888473635544083,0.48720414366841236,0.48989132871950014,0.4928899456518256,0.4899014395582378,0.4905194002662688,0.49419415053220267,0.4901383178757544,0.49305444174463775,0.48858344734230075,0.49024775575137375,0.49193490432432835,0.4949617327205043,0.49090013971230007,0.4910578267410925,0.4936333780437977,0.49413617283465416,0.49138093117659476,0.49259006518475024,0.49598891728331745,0.49163735340989423,0.49486223678024127,0.4933265942688891,0.4973506994114888,0.49589474642989195,0.49669600642342565,0.49409366546379185,0.49713227080264066,0.49757735160359096,0.4979024323954317,0.49793725042297754,0.5018367150328965,0.50310344277433,0.5191277187339011,0.5280789137567165,0.5483803123611358,0.5728211778493815,0.6092083021018516,0.64508096783301,0.6794975852763775,0.7064885398436519,0.7309029377450944,0.740872046085002,0.7331923452394679,0.7117923883810757,0.6803310824132545,0.6423191206143504,0.611607519864778,0.5747572524050925,0.5511856882367357,0.5301246032388669,0.5208681684740231,0.5116074494663466,0.5047950859668319,0.5042462767727764,0.4986048688216199,0.5009097477720356,0.4988253130035336,0.5030342128303527,0.5018621656106598,0.502575952199675,0.5003446647475958,0.5031203491752121,0.4995778418065744,0.5000462923804075,0.501824708423515,0.5004872892944735,0.5039576691901093,0.5017732729051996,0.5007405930801255,0.5006632747497047,0.5046601518559515,0.4983589408353119,0.5016067410017961,0.5066163565475409,0.5033035580001098,0.5056069853664871,0.5052111745605243,0.5041579611121719,0.5014114768394834,0.50228974855077,0.5025428333284577,0.50669615241532,0.5081291942128283,0.5073259897057275,0.5136037237914751,0.5223801341016867,0.5364956016061556,0.5545664331442065,0.5831896369477286,0.604945812918849,0.6214866852449433,0.6270223185060124,0.6200368341038617,0.6051127613160405,0.5800563415299639,0.5578116834556595,0.534357855458604,0.5234850368131557,0.5160872646966118,0.5139268696174542,0.5082164645768786,0.5063949173946765,0.5101157033888384,0.5091748153569895,0.5060101436331877,0.5062837367706626,0.5085142234871771,0.5098218368691609,0.512949560875238,0.5081904275613597,0.5116119855196785,0.5067944561070697,0.5116198060996863,0.51409278065974,0.5115447470462999,0.5101067350771783,0.5140898632144777,94.10088633678474
0.4249475078008459,0.42542983590181543,0.42486258527849446,0.4219232426703555,0.41854569666030433,0.42369940025197694,0.4223762995203796,0.4212237769098679,0.4235608280420132,0.42161891745706526,0.4187461856466321,0.4171974903927772,0.41847828765954326,0.4251980579983498,0.421533406176389,0.4201408965350073,0.4190761692301593,0.41862052447873,0.4211255217441185,0.4174857582066336,0.4192966120441504,0.41712174194143065,0.4213747530450471,0.4186549029619162,0.4193374480928253,0.4153538477355686,0.41831609570486095,0.4152538265619213,0.41578286735883146,0.4185270822525251,0.41288771635703947,0.4151410090903081,0.415459209963832,0.41563417496561533,0.41399075295594423,0.4198470416369023,0.41464260427386596,0.4228881276916965,0.42683705364764324,0.4349514690070855,0.43765315865912297,0.4522528234741838,0.4739234397762639,0.48782790009672766,0.5120651485825791,0.5397945670181181,0.5666137939400645,0.5926102903694371,0.6076656741141113,0.6187991954434773,0.6245822937455847,0.6203065051437779,0.6076219624634781,0.5871247831189853,0.5597261878853148,0.5356941428012424,0.5142284391806916,0.487417585345021,0.4651076169203888,0.4503915694849563,0.4320857639676286,0.4235670179738628,0.4169021004978015,0.41065890159641855,0.4083569318165088,0.40557370213618443,0.40171985084788403,0.4039349754066793,0.40025598774025906,0.40274687419196376,0.40475430687050834,0.4010793477059727,0.3989558770778452,0.4007126898507049,0.398975203765556,0.40150264622977777,0.39969295634556484,0.4030840902648241,0.4016662952250498,0.39870995152295197,0.40012314248621167,0.3975812684371813,0.3981114735503799,0.3969965104061563,0.39892810988204513,0.39993699371987407,0.3983441327958862,0.3982665288019502,0.3979445416924271,0.39687680588136787,0.3931715409370588,0.3985278755131021,0.39841057334646046,0.39400981170525334,0.3934119943004071,0.3950540326565112,0.394606654245995,0.392776955690801,0.39035661591098036,0.3931438896710001,0.39331118344379595,0.3933357883473764,0.39225861670663276,0.39069386738512335,0.39290079127393246,0.39072317457667827,0.38934632836908406,0.38961640564145567,0.3862313806426109,0.3892119475234658,0.391050615542678,0.3909662764877743,0.394951150234854,0.39483766625452216,0.40284979381531993,0.41465371773214726,0.4354628177715753,0.4569081579704206,0.4892491226807531,0.5357683221139661,0.5855555458036712,0.6288050596220948,0.6720814365972942,0.7005755545575744,0.7097753518318809,0.6977208539296463,0.6677056028788207,0.6273425132592693,0.5801478457498207,0.532647101843353,0.488115217759976,0.4513202801181837,0.42670097056796236,0.4089531534532665,0.3961507719778702,0.3865592646668876,0.3837666710704507,0.3837536516848971,0.3778306450115988,0.3756646516907824,0.3823656994091736,0.3799783963544983,0.3798191262793439,0.37611897394836535,0.37942061207350875,0.3781710022462225,0.3741274216330489,0.37982039694425074,0.3769649995166693,0.3755312802969119,0.37524328710733973,0.37164464183220547,0.3765375780275484,0.3755504384587743,0.37431438302976505,0.37693533320704276,0.3712864661197482,0.37253647317071376,0.3717059112605964,0.37252465183072164,0.3728954158565107,0.3733068271469577,0.37146937985916634,0.3702248167031126,0.375457700955675,0.37775567795841053,0.3757167497334906,0.37960008460382216,0.39499276598876376,0.4072557543394559,0.4353051303212012,0.4658489365111449,0.49599272578358206,0.5209036769949372,0.5281472105003842,0.5208406728266608,0.49706942809499355,0.46405342247954195,0.43264020400775427,0.40644576280421935,0.38977138047441473,0.37627825559881506,0.37189268737196113,0.3682687694801878,0.3667451328257635,0.367623242927525,0.3621442062568782,0.363071733575297,0.36721001153275445,0.36284218535282803,0.35740189539163,0.36230193487606005,0.36265355509455244,0.3568252668713207,0.3644031833256656,0.35998370630454335,0.36174407667807895,0.3603108065754956,0.3578618860465411,0.3579733918344679,92.27767579723034
0.41047328211537365,0.4109788320988164,0.4142626352603345,0.4099664904211781,0.413970305988296,0.40902446685622007,0.41462528323112596,0.4140235646795982,0.41219008861617823,0.4145163569483666,0.4118627342821951,0.4112005952885478,0.4166407519319692,0.41232707054354023,0.4149450434800754,0.41599032735929253,0.41556691440604,0.41533439959755064,0.41567781445024027,0.41661397510351367,0.41531612046802424,0.4147830061637737,0.4123060380325344,0.41586184645622015,0.4174640668971555,0.413388071369894,0.41531436124980353,0.41680820570128463,0.4191718903969068,0.4140302177467532,0.418156814952743,0.4161223997440932,0.41584726471068745,0.415879306836292,0.41721568278114285,0.42082629592657117,0.4214589704562256,0.4266235760286457,0.42795114532856193,0.4389225834112137,0.44870248139164787,0.4586485213749322,0.4823396599040921,0.5014079626452189,0.5267504480914127,0.5538419830003926,0.5797416784713548,0.6015380749866782,0.6225850043715626,0.6301481701475994,0.6390568657096034,0.6375964380718743,0.6204703525014434,0.6047108218534318,0.5828037424981523,0.5547241835615372,0.5294496700661919,0.5001316895265766,0.48036303858104107,0.46779248977093874,0.45338771152459934,0.44251595963451296,0.43402415977871944,0.4304860948180146,0.4304757698189516,0.4250724532564737,0.42573665665166305,0.4252358815725292,0.42240063796707716,0.4225616258867698,0.42688816977407706,0.4251150608932601,0.42277713016817065,0.4236887691879613,0.422518378984605,0.4268028106832718,0.42434735974861537,0.4245554163205175,0.4268956830061731,0.4220365753317931,0.4255032212313674,0.4257368280091007,0.4253690184978173,0.42502276556495844,0.4248833288248179,0.42704995373364396,0.4246464856655206,0.4271706342587303,0.42592406036918096,0.4262386650381364,0.4277870642219239,0.426579506252314,0.4302903828985779,0.4276577673529033,0.43021280195922584,0.4267772553824097,0.42691451416165926,0.4253382117451114,0.4278616136343695,0.42856232366867153,0.42936320125392974,0.4307854691969734,0.4308220310046963,0.4320255788753149,0.4281621802233013,0.43018294297729825,0.4283115499124933,0.4313479885094064,0.4343802641286109,0.4287399337541816,0.43311606453604673,0.4349683022081994,0.4332379371019882,0.43990117292924935,0.4454083915207921,0.4577236206004525,0.475611886149105,0.5026109710543706,0.5410188745862278,0.582309355855465,0.6301012565571864,0.6801524726718514,0.7177226546765066,0.7488957933632925,0.7632755893550429,0.750602106574501,0.7217372768042472,0.6814500521569208,0.6342306814325127,0.5869411793132929,0.5399850327792474,0.5047471649456512,0.4788573387695371,0.46329317901544576,0.44987445787138725,0.4473556043243283,0.43905991667760397,0.44111974363455175,0.4350398713965729,0.43380127098968285,0.43638028268933565,0.4389728918169041,0.4358957361856413,0.4357892423269101,0.43925104562615463,0.43879194075415334,0.43597826652656363,0.4360428633756754,0.439584809366783,0.434844085904073,0.44044847907557233,0.439854695280868,0.43409081927976184,0.4388653858748886,0.4350581188686321,0.4367872829703776,0.438373127285894,0.43702511293578633,0.4441787092250776,0.44165261011941304,0.44284342183723074,0.44002020827711924,0.4405845201062472,0.4440087196761796,0.44233186352882653,0.44405549432225233,0.44404623510266045,0.4502986471716371,0.4642219949648443,0.48328124004784223,0.5071875419189391,0.5420517372493093,0.570846354749455,0.5972580690716627,0.6033783606433245,0.6002496015124108,0.573393673044327,0.5410373212893003,0.5083430942566759,0.48186738897266457,0.4667520054600105,0.456680356206052,0.4505817531521649,0.44889309881884926,0.4485928762951845,0.4467584476241581,0.4438763395410431,0.44536149501841504,0.44067957627553694,0.4466478292451616,0.4458523050562165,0.4489257444411844,0.44443016073334785,0.447129514183829,0.44427340033777146,0.44624162741586065,0.44337276832091166,0.44953699861775265,0.4491118105336729,0.44624274881141524,93.03965850248959
0.41907173351914734,0.4219139289220384,0.4200425259293618,0.4211603809028978,0.4238762921680783,0.4191944751688719,0.4240966205269561,0.4238059708118345,0.42573414799485293,0.4244079479570981,0.424511923889771,0.42720169897591953,0.43099194651077005,0.4301882667700611,0.42822394371801775,0.42733026788592327,0.42742096009815767,0.43419017630721896,0.4304206956731236,0.43245271663793644,0.43651905013838943,0.431421713191708,0.4384069447647674,0.43568806746773664,0.4346712056320725,0.4372469361822351,0.4370703243714184,0.4401725304522569,0.4387734734093618,0.43703303804222726,0.4412182579643852,0.43978289316688496,0.4438064405436375,0.44204639696863895,0.44468169252986905,0.44762097862587996,0.4490075834823301,0.45299012876434414,0.4581735899222346,0.4605410075072293,0.47096265257807524,0.4752633263699272,0.4960733604677206,0.511388164374288,0.5287116064096896,0.5513389950145708,0.573056274924911,0.5880745856928664,0.6020324532617684,0.6142018521565726,0.6151568300340302,0.6140968042840572,0.6094584173524189,0.5937882758279882,0.5731350074163811,0.5548423998425845,0.540277269682538,0.524534931540905,0.5047095740945683,0.4967336477208347,0.48920978860863545,0.48363601221037367,0.47602464583171655,0.47359782350207774,0.46680684758520624,0.4746417890149403,0.4692389840049512,0.4688317270047188,0.47071116558857806,0.47488887257505846,0.47699078299695297,0.47356821308511293,0.47607274527787363,0.47492990300077853,0.47353829643058026,0.47933926021393786,0.4759140175310987,0.48100207554496005,0.48130092942148317,0.48070478504014136,0.483907539201737,0.485487162726725,0.48144486611332693,0.48095064714997854,0.47961257836776694,0.4886033652389061,0.4840075194041339,0.48792983983220767,0.4849501380795413,0.49028206279306463,0.4865781790243186,0.48636785863742993,0.489107166739476,0.4892335108961956,0.49226254456588314,0.491740037838075,0.4938711151828722,0.49280655016958985,0.49283126120100806,0.49376723817687485,0.4997971224438451,0.49693048168963505,0.49328554724927526,0.4969857207907626,0.49899340269967474,0.5032654941919014,0.5024115964297107,0.49930282871570997,0.5068079101983655,0.5028139971368263,0.5064562355722245,0.5031254262436614,0.5028644130385829,0.508434610833231,0.5106222095275118,0.5307102293939686,0.5411381825911594,0.559148742872546,0.588813477982265,0.621176007846911,0.6586700568720862,0.6963844522284818,0.7249426566540044,0.745451944446499,0.7570593818671119,0.7503620540079029,0.7288155013631633,0.7029577939838701,0.6627356074088675,0.6267264507984458,0.5980190051379167,0.5704685129496471,0.5540662729491416,0.5387319227686821,0.5317800458483707,0.5320365739818106,0.5253987492367869,0.5239326902650573,0.5279456490355516,0.5239607148673529,0.5253175585258566,0.5285773983180551,0.530054798927474,0.5313851900867923,0.5282205348389447,0.5316792294257388,0.530327693924622,0.5308214326071221,0.5352120398547628,0.5324793853167763,0.5349077853643506,0.5354354176769371,0.5337556326574723,0.5386022098154944,0.5385634686122442,0.5342432085058958,0.5395435162500536,0.5382156208551431,0.5427286684798288,0.5384169699442007,0.5413694994849991,0.5435872205677568,0.5437750969310113,0.546069921438879,0.5426010180987881,0.550587897982111,0.551212036677085,0.5581349503541114,0.5663296211057104,0.5790782461260592,0.5968099646445808,0.6225864537651988,0.6510817956213676,0.6689563894361397,0.6722350635429603,0.6620946706938556,0.6505688202738985,0.6277754505317373,0.6050618774160548,0.5878873717257977,0.575608158286486,0.5682164707763405,0.5634192887872442,0.5575944164454293,0.5604131165397513,0.5661556038203139,0.5629640345335302,0.5636937607172982,0.5644421408098699,0.5653250097642714,0.5605005397997618,0.565560530778017,0.5667366654457828,0.5701483230033513,0.5684535604826466,0.5658380745927438,0.5707641583725002,0.5690692134601553,0.5690161741711753,0.57055431005662,94.14532958007443
0.49365867449867706,0.49359208918276265,0.4943981946639929,0.49301803444288556,0.49331142049635224,0.4950692113508693,0.49191278059457133,0.4933740384845671,0.4900395277609616,0.4922863555769062,0.49662836615185285,0.49372144643616556,0.49190180401062333,0.4925848708388939,0.49199579006102945,0.49248318478263275,0.49120376682400124,0.4929735199508183,0.49302639460763065,0.4919610484829878,0.49220989057845516,0.492593312403668,0.4908393128939584,0.4928464100458416,0.49341838949903627,0.4947703668339995,0.4924608435890689,0.4906984875461888,0.4915946571990491,0.489516758489164,0.493283787036743,0.4877853709484002,0.49412582030292196,0.4947169225734695,0.48722992844940427,0.49683779246370063,0.4983891217595669,0.4990965410238522,0.5024991157398838,0.5109439956842904,0.5220622679617354,0.5409909553318702,0.5563971980600719,0.5820951884624603,0.6063765583342697,0.6350468997964256,0.6600681766063715,0.6867082409755036,0.7123480025848461,0.7229335113682818,0.7285116959187102,0.7268216646605044,0.7094345430461486,0.6885258711008064,0.6654791152923081,0.6347814175524814,0.6070486573272548,0.5820261323631868,0.5570074591774197,0.5396099657330581,0.5229875503152321,0.5141857254271285,0.5052933284274007,0.4987577576999988,0.4959789636121879,0.48885847447432124,0.4949026291995707,0.48930490189133097,0.48929016535072517,0.49034466895888357,0.4875230593284922,0.4919817916982876,0.49173042619731056,0.4900085416559117,0.4896038732956768,0.48955368981069025,0.49215151307935484,0.4877162537898896,0.4900676306461737,0.48780874559788784,0.49238707879172877,0.4901591394806321,0.4919070792204314,0.4932946525370316,0.49331042823816623,0.48871536852414443,0.49136048806524435,0.4929663530774444,0.4920985149308749,0.49227821951133416,0.48710290896263975,0.4920138468274175,0.4890476872708236,0.4919449189293846,0.49188315977200187,0.4917593752264264,0.49034023943590405,0.49317571745570854,0.4915461479051166,0.4911505616814588,0.48862070928695933,0.49126372803161955,0.494411036660676,0.4876555186574224,0.4918790477887359,0.492116461813289,0.4938467605947445,0.4918574208775443,0.49048587481758027,0.4914862862445911,0.4905494640963736,0.4945344491617595,0.4911167912969105,0.49736668720210214,0.5067177860002923,0.5207875476265789,0.5381883040336806,0.5653455819218257,0.6049242685620319,0.6518441453443277,0.7046730985883486,0.7570438905452117,0.8023171500172849,0.8305091618263494,0.8454388097834642,0.8352545010126142,0.8061114139195927,0.7595270317957485,0.706789744793339,0.652990062292374,0.6016048732795839,0.5672184966212156,0.5381525756652519,0.520181378125298,0.5066003710980699,0.49768661750147003,0.49769898224058745,0.4933247671935622,0.4912612199273958,0.491011599631765,0.49001078439408285,0.4898268464568529,0.48540717453478105,0.48788970035318185,0.48861685974640245,0.4905810248494566,0.48635811478715874,0.4886010716903673,0.48832674931182934,0.4898408876882499,0.49049562030412475,0.4882797459543922,0.48840549696297014,0.4881747730804223,0.4887371053682744,0.4893970677579129,0.49211160901303386,0.48743838354967006,0.4929471498277914,0.486960372006153,0.4913219386461941,0.4884545870020763,0.48761092897327246,0.4922026474309988,0.49018661445830086,0.49137693291120743,0.4938144226921329,0.4997800153243042,0.5129188244093904,0.5270262361084735,0.5584493556453309,0.5975887385760007,0.6336020899358615,0.6597066637434755,0.6646338288192141,0.6573291876861908,0.6267775728452329,0.5959933049937903,0.5636600983087269,0.5332650103194383,0.5123929841370305,0.500664320060879,0.49664622101867895,0.4904765011154275,0.4898083366968861,0.4922116101839149,0.4885441287079633,0.4856650536357499,0.4916453854666973,0.4909191061873447,0.4844360395411485,0.4885908979323393,0.4887889237230872,0.4915525452756363,0.4887684769978408,0.48911107363276274,0.4891552063521317,0.487811050408612,0.49131968888934885,0.4871226891756672,94.3837949639811
0.53427960333419,0.5342382630171751,0.5371958752784891,0.5361573175365952,0.5409962757050781,0.5380386379299436,0.540233710168224,0.538109760370495,0.5414114007353288,0.5417416622759172,0.5418647161660872,0.5417604659864498,0.5422741742709032,0.5449011930237404,0.5463806190093958,0.545654668294253,0.5472697828520489,0.5474056707821122,0.5484648054666983,0.54865311718761,0.5498762075468514,0.556022603246106,0.552036065057104,0.5534897054457527,0.5538615870760824,0.5532466347815953,0.5571477376580781,0.5547667756096908,0.5582528686644889,0.5562776047348263,0.5558497830796709,0.559365858823463,0.5573720146134783,0.5617491488080492,0.5596519342243341,0.5632127163505659,0.5635159191565275,0.5756486867394451,0.5718859632851402,0.5825420150361562,0.594856579810024,0.6079128297306616,0.6243197615414529,0.6421787778270724,0.668538508608814,0.6923498138189299,0.7156024003078229,0.7382191319504956,0.755445097101314,0.766410034683621,0.7754410282139245,0.7724262609092379,0.7574297364879804,0.7421479186649933,0.7211809793865751,0.6983202507635836,0.6753999575938016,0.6557145008340418,0.633702692174115,0.618299919611192,0.6107682726131274,0.5988946661258261,0.5915378859381917,0.5894726732641605,0.5877343596935574,0.5905482506681793,0.589050002949234,0.5897055147659921,0.5895264099718355,0.5904051712984285,0.5878436875997533,0.589571444341955,0.5887580650490071,0.5910957693846676,0.5936681176953101,0.5933540896665075,0.5964936623587882,0.5923739469866254,0.5964434463898225,0.5937325961444171,0.5972038009288944,0.5992823657872576,0.5981589462591669,0.6004764575092272,0.5982409926735647,0.5976193304666196,0.6028470227578974,0.6060072370735992,0.6013133798182825,0.6065361111521649,0.6049648227029484,0.6029928459353017,0.6041874714693602,0.6072683047121831,0.6072140636831428,0.6061834153998201,0.6062074158899587,0.608688308921302,0.6115556188492508,0.6119414532063073,0.6117380354625109,0.613930554102054,0.616393147246153,0.6158878288605077,0.6156440172680351,0.6185316897106016,0.6155503166513614,0.6178302405237367,0.6187287624474597,0.6176074147018261,0.620418023700502,0.6187616742763962,0.6293249150275066,0.6279094572407921,0.6400709677898911,0.64842329442298,0.6669572596444625,0.6898591716582224,0.724480103605553,0.7660136251817801,0.8113343409460727,0.8567311350347964,0.8934400669775909,0.9199631711615661,0.9277305395784029,0.9235428347156505,0.8994865021938117,0.8631310701747268,0.8169056061334364,0.7710422172897249,0.7301050890555374,0.7039276480283253,0.6748150277405776,0.661818472936783,0.6521751877386387,0.6469429425961878,0.6444422383732252,0.6436304691786426,0.638442132115382,0.6436982258396683,0.6398318861584006,0.646477120923741,0.6446648783056461,0.6422390897950407,0.6457083489909985,0.6469820550829729,0.6512896291499881,0.6500876974921698,0.6511695497481582,0.6536293526486486,0.6518608731121828,0.6543477905414347,0.6549933899095246,0.651838981785309,0.6581441410501102,0.6531438236862912,0.6586054156261777,0.6545228029987922,0.659545759456186,0.6628538267935441,0.6594925283237482,0.6602017525519223,0.6627592819831744,0.6617958214406484,0.6672758132164949,0.6658938498835921,0.6682678178640448,0.6741754404672252,0.6845933077616876,0.7030530545360192,0.7286015392541506,0.758359032016977,0.7878680588721022,0.8159014306324123,0.8185172011601959,0.8135695195337476,0.7935144638133935,0.7653120447153848,0.7354756966368937,0.7116896902995783,0.696797336804999,0.6867965981302073,0.6809702887049331,0.6765382639219556,0.6784284702318202,0.6774590820793838,0.6790741571253808,0.6812234907423832,0.6826510445393102,0.6862784953410447,0.6824285721100388,0.6858388055178649,0.6856877137375533,0.6884540401358922,0.6878007550688141,0.6854175878384235,0.6847747117246752,0.689629580275678,0.6887364079738922,0.6886189355711639,96.71546835966429
0.5293937922619419,0.5255831131004048,0.5248632554395044,0.5226089789408289,0.5223211649248951,0.5215975725328938,0.5212789789135206,0.5210528976837848,0.5172345384129582,0.5124978060207374,0.5171158244074794,0.5102441182910225,0.5110271085755084,0.5095744539999292,0.5092618282132096,0.5053952883348997,0.5039817049785503,0.5052463059695314,0.5023773122125514,0.505348626254884,0.5002382264201006,0.4979668950981046,0.502050776988928,0.49833058607131925,0.5015083434383283,0.4909138387203601,0.4938588053798463,0.493101193822777,0.4908767043489082,0.4887979335953501,0.4907348882573313,0.4879405881904871,0.48247594478160993,0.4831154259181653,0.4817968331251097,0.483609864655756,0.4862091327481857,0.4851253256861019,0.4885525841451622,0.49245155071689,0.5040540659061651,0.5164025217867223,0.528852109386661,0.5505412506448819,0.5676382080496767,0.5889729461106221,0.6163836475438322,0.635456555821416,0.6510329186022268,0.662640002948955,0.6620280480726956,0.6563576159415463,0.6471147047988206,0.6286182944565658,0.607030988820489,0.5803756404797809,0.5541996416799456,0.5314917122651033,0.5088335077044553,0.4895526367114651,0.4780270578163476,0.4671987986618189,0.4574482796353347,0.4492563796729771,0.44388052820607804,0.44604333137107977,0.4429556372426654,0.44133289599067616,0.44022153023368804,0.4351844630698638,0.4318320683689429,0.43526254263000025,0.4352925300991739,0.43227676551728655,0.42728073536161326,0.42941710543110595,0.4253692933467828,0.42321732058389255,0.42497029940150105,0.4239941557644896,0.4221554527272972,0.42191251307138383,0.41813858600368253,0.4185746916543782,0.4161161719311756,0.4152670407311811,0.41499079004271866,0.41525678649726167,0.41240564725482215,0.4117526186675982,0.4092085965256924,0.4088469214855654,0.408622830307865,0.408997156868831,0.40634387731653704,0.40249570193824774,0.4035787489416655,0.40107104545560474,0.39744208628589733,0.3984656750861703,0.3937662092937485,0.3958357653708211,0.3968943624413027,0.393719779233992,0.39315215020777977,0.38868878130559725,0.38909885461220206,0.3882412273809704,0.384983958833883,0.38581251193137506,0.3844356679987593,0.38448360841428547,0.3815545172422858,0.3884146935421661,0.3918964101917559,0.40030819813119745,0.4160530370683222,0.4395326497166503,0.46969690799104413,0.513040223918455,0.5566281666323253,0.6006841923241415,0.6392722227213808,0.6617657513587066,0.6661429269189346,0.6600110289874072,0.6321632694946069,0.5938324721871779,0.5463344783931385,0.49776532407889473,0.4552686794701403,0.42318720848424024,0.3898678894564785,0.3773310839724478,0.36655734912043414,0.3566584753021782,0.3512554374549253,0.34945583777417505,0.3493644483270071,0.34585353611278935,0.34211368242598345,0.3445193985259036,0.34356800856984643,0.3378052264752906,0.34369785351280185,0.33678213964683207,0.33736360919686476,0.3356051650535169,0.33143776699390537,0.33061425980363923,0.3303362718307837,0.32514427902207427,0.32920990148524226,0.3224599992459554,0.3249643714815593,0.322275154859398,0.3234597475919255,0.3165773416881446,0.31634491995435954,0.3171598142975421,0.3180768421622751,0.31617580640341775,0.3165551244431999,0.3134863467904012,0.3123246072974299,0.3100051405359327,0.3130474442550071,0.31780653878343507,0.3230355304805646,0.3414371934415018,0.36749838186328565,0.3954180152906943,0.42285558434242865,0.4429784946373322,0.447633021457148,0.4372097039114688,0.41748240446017426,0.39013818972829,0.3561138416169491,0.33209588340163565,0.30899420710821124,0.2999815010868195,0.2910235341807849,0.2869675521747871,0.287520173649158,0.28406764722727745,0.28008857623260797,0.2817008440514621,0.27874608215052704,0.2759710256814627,0.2755520653394901,0.2803180109600397,0.2773345245358049,0.2695642235954752,0.27190011199573266,0.27072942303943937,0.2691118595005876,0.266999700165179,0.26850515898815286,0.26757996085902613,92.31439206219103
0.5818069999075751,0.584605386948572,0.5830607217462582,0.5858055701628547,0.5812274118638775,0.5814923820826362,0.5844138874769287,0.5838315896224812,0.584989037355598,0.5859964187434208,0.5882885153058466,0.5864461834189093,0.586026798288699,0.5873845104904928,0.5869622630191419,0.587045558912113,0.5861005526371694,0.5898785588842143,0.5890152077662323,0.5924981936645242,0.5880838625777725,0.590307511157154,0.5954305310601178,0.5903385787940094,0.5921579310997034,0.5906128236861107,0.5907619685756856,0.5969696973298318,0.5946379203665677,0.5949940170839237,0.5917862519404051,0.5963921686813731,0.5985700649726728,0.5992919710328007,0.5993457837740281,0.5972353083072552,0.6023574527435911,0.606446734381436,0.6065491626505702,0.615156835324074,0.6292833432485904,0.6427400205411771,0.655042666291842,0.6804608793883912,0.7027516432348354,0.7295546901173019,0.7521218399466819,0.7778868649850933,0.797045963903947,0.8069916787482219,0.8122788565118362,0.8072233380278377,0.8003136495877751,0.7788340521166213,0.7548509646140507,0.7306911837189071,0.7077707736450952,0.6861597274874058,0.662076440010494,0.6521175430031423,0.6363847058703526,0.627418665797828,0.6198560627456667,0.6158885070754644,0.6129990969813434,0.6139203614162249,0.6112097828233297,0.6125696726992637,0.6102561140528283,0.6117605876483432,0.6100916970764346,0.6145064018945372,0.6108010655895587,0.612223867832551,0.612653686801469,0.6129874255692588,0.6155528385033401,0.6138873643270043,0.6177214803758686,0.6137096754586894,0.6160983897331896,0.6146210769065572,0.6174276101113306,0.6169667812323737,0.6171015728771954,0.6202016632192283,0.6169290458743414,0.6198237762646568,0.6175258424577197,0.6197021490171999,0.617498644294279,0.6189777769919677,0.6205515415272953,0.6247581422869685,0.6217434680272614,0.6252642132529492,0.6228085395444204,0.6220067408387848,0.6262726388764346,0.6244809782315399,0.6227345198732516,0.6253741382693779,0.6242608860380396,0.6212812631300536,0.6275451375458558,0.6282788580185584,0.6301864932634195,0.6277928360804949,0.6269317463489745,0.6296839969309842,0.6305351280767069,0.6334332233655904,0.6323674733602204,0.6361996874652386,0.6421370365627266,0.6562170217467399,0.6699337718153784,0.700351734461346,0.7343472139223123,0.7764817815434993,0.822589653860821,0.8722590459082395,0.9113465693629571,0.935976918563466,0.9460653069370257,0.936257757987102,0.912357214433082,0.8696709095738389,0.8277841183458391,0.7820877510938427,0.7363697071469626,0.7042106913204318,0.6796717984562752,0.6643443579036529,0.6550471388306013,0.6422462199694884,0.6417327591838653,0.6403630522884761,0.6375986049842891,0.6394342880533258,0.6415012537692615,0.6404337462415597,0.6382899548850683,0.6475317759898565,0.6427262003120088,0.6428294058045992,0.6408229415014242,0.6439531590319372,0.6435163195180652,0.6404807128548072,0.642530264311765,0.646673643391382,0.6493848429573548,0.6466441547985889,0.6485290069093336,0.6464243463397256,0.6469757830497835,0.6497438640509512,0.6513005645383504,0.6509906991750826,0.6466711360646146,0.6490931408607552,0.6502345724758685,0.6497092228741295,0.6518343370037432,0.6542474607687175,0.6577596031311869,0.665360538820354,0.6726472245425302,0.6888524531777303,0.718050636968476,0.752128199266195,0.778243226839583,0.803733747059367,0.8126303159469295,0.8035689698676426,0.780863093337006,0.748991816795524,0.7160749743064612,0.6934869814326498,0.6774816944600393,0.6699658725647528,0.6621559888442843,0.6590025497169674,0.6575369777101431,0.6606285498030151,0.6623086294523426,0.6620923547654,0.6615806189628943,0.6578277703110924,0.6604881841577245,0.6654990698046256,0.6642613643738194,0.6593554712069561,0.662732312660433,0.6639827068746063,0.6621452094138307,0.6594641346306204,0.6646932070973027,0.663333058825884,97.00018813497252
0.5011142243730988,0.49925752463075845,0.5017748476686138,0.4985513708081279,0.5013709866458818,0.4979174654377768,0.4982530727562751,0.5006982921088922,0.5002175932667792,0.5024624467572352,0.501700298053696,0.5059821451085175,0.5012947725875257,0.4952700174864159,0.4978439025521164,0.4995640695548832,0.5087691428500687,0.5019703611481625,0.5043046129961244,0.5041457108930077,0.49964122200787164,0.49863253600495544,0.5035471741818264,0.49786544006176087,0.5043055716965916,0.502160328935066,0.5036714458627148,0.503092849829975,0.5032502765477884,0.5028052122836657,0.5032381553316984,0.5028847005310564,0.5002327366303883,0.5025313808299456,0.5082402749391739,0.5055289587707059,0.5088561215855032,0.5072952635236009,0.5114189592849748,0.5171649549666131,0.5255987346585602,0.5367165189326341,0.5554009714219552,0.5723883460900959,0.5956557342836176,0.6156419062616401,0.6337843621208424,0.659850633035034,0.671311679727006,0.6864792350631606,0.6882403773612308,0.6866029509264039,0.6726602387454873,0.6607825039541173,0.6390159985581791,0.6160117155269617,0.5910401504115382,0.577333444878317,0.5538208327959497,0.5412745578998928,0.5272393596570999,0.5280891691657262,0.5147687211841292,0.509169472570051,0.5090075229242825,0.5077131180265391,0.506089683163455,0.504159299419157,0.5054414186902276,0.5041440527188844,0.5043740552513881,0.5028625895183333,0.501534406033652,0.5056246026169482,0.5057515655349338,0.5071748293883659,0.5047218795050828,0.5042369613979015,0.5018924873906575,0.5046767881113549,0.5055199679254034,0.5012038346186283,0.5070250981221448,0.5035067206438323,0.5045823372495606,0.5062138213471236,0.5050473959280258,0.5079124868478623,0.5064071190798453,0.5048965848109772,0.4989964921751196,0.5072731068564513,0.5029653617162426,0.5070719478564203,0.5063923387987475,0.5050581305342637,0.5074060272559926,0.5065852665371571,0.5062436542093398,0.5021980181780795,0.5057541144573245,0.5032325223379395,0.5035700980917399,0.5050836447726618,0.5087772589894095,0.5066274294937719,0.50681060007206,0.5075548880487423,0.5043687339958729,0.5031622539962709,0.5032151511165228,0.5080389905056759,0.5112770420520962,0.5144382524077866,0.5169026081643314,0.5312739408779605,0.5482789645914148,0.568067230885091,0.6001584156920658,0.6361904699935741,0.675580990947195,0.7161989983131638,0.7500187745657576,0.7766370682901624,0.7856942511588122,0.7771846231559406,0.7531947369254245,0.7132032209166446,0.6779484191728112,0.6366717549101439,0.598450825813642,0.5651256678737046,0.5456267275431094,0.5293955302760642,0.520388514160371,0.5166773274244997,0.509996535511578,0.5090771977291965,0.5062191766228386,0.5094706936112198,0.5089233197928363,0.5079343919409639,0.5054165222554879,0.5061922465904939,0.5039375966316652,0.5062528986222565,0.5091053672354634,0.5085218413490227,0.5080934216773131,0.5107863828465614,0.5084705856753171,0.5067509585956086,0.5065491400685136,0.5075293227961545,0.5071361049958244,0.5099862004788881,0.5089668759551625,0.5075283903660743,0.5076483493774157,0.5096622103502705,0.5103234404932545,0.5046675748861047,0.5080908793829548,0.5087813635694325,0.5101103476733483,0.5102958140112787,0.513367026169301,0.5173149370519505,0.5259464597236653,0.5451009690757972,0.5678095498799678,0.5948293623586615,0.6223639428966552,0.6390953431315033,0.6476183128853249,0.6433660160025767,0.6215917964955598,0.5939004828793325,0.5660238903631005,0.5465057989196259,0.5245422207732495,0.5189893926923181,0.5131192795512102,0.508352157174452,0.5131221981770774,0.5041794973382023,0.5097256277790161,0.5105486003523638,0.5075762176959906,0.5101225148417323,0.5091623445264225,0.5116310715519771,0.516726055048279,0.5104196303115366,0.5109942801348446,0.5078796151410176,0.5103032673058224,0.509171388217974,0.5115187753033196,0.5071528173529738,94.4674386908952
0.6473326063749126,0.6440847011698384,0.6472047660611676,0.6451941601444384,0.6457754989728443,0.6453329966514669,0.6442089038049538,0.6425816181156071,0.6439870947887609,0.6459746364008523,0.6429679066052801,0.6454872977911499,0.6450244896572347,0.6428022185721923,0.6460274386244046,0.6423884901285456,0.6459684222608597,0.6436673276040665,0.6426170870541886,0.640722961875068,0.6421717915403122,0.6417905454281198,0.6395312394676869,0.6414624134261666,0.6401399723634013,0.642769821196627,0.644061481371156,0.6388481746668296,0.6445843680021542,0.6407707756073804,0.6389680625404695,0.6423688348244766,0.6399831229939857,0.6408976354394698,0.6407249760116703,0.6408567822061777,0.6456711673085153,0.6465640685596346,0.6488764764289313,0.6597724802503439,0.6661185424711409,0.6795653998716812,0.7013896219039695,0.7174396069936223,0.7390826164058791,0.770642464589885,0.7944357388628701,0.8179910457753358,0.8365920563465468,0.8498445547610544,0.8519958887721576,0.8520329347321828,0.8336675763726968,0.8184145761510692,0.7951256681297226,0.7663748885984667,0.7398649778293843,0.7197630659206231,0.6946186087862559,0.6779540032358393,0.6672992260984509,0.6554342335693674,0.6445493738784431,0.646724160954976,0.6389560131266319,0.6371770949906093,0.6372369426052961,0.6372025940861241,0.6393890623336963,0.6318235008659007,0.6365598117288844,0.6362031891649712,0.6342742049244268,0.6359648257098416,0.6361052308557961,0.631321164589553,0.637433854336249,0.6306663524662518,0.6313629224766716,0.6329597020088552,0.6371828960279855,0.6325662444773,0.6329686343120918,0.6357464041499257,0.6321313556516698,0.6302248635462663,0.6315970123479238,0.6350228107351127,0.6322727021114131,0.635842033685384,0.6333063320698026,0.6303905893945068,0.6316321049262441,0.6296732611310724,0.6298925763562438,0.6400373559706602,0.632966181544853,0.6325008735867222,0.6293820622032632,0.6336173368654788,0.6325267488477941,0.6339409217470555,0.6336937184432131,0.6269193040573275,0.627508419477739,0.6275731406216732,0.6275514624940264,0.6299617264874772,0.6281007853545428,0.6334067251054771,0.6333423566723168,0.6303074827039304,0.6360291661553155,0.6387245800031142,0.6415361329186656,0.6497924428588999,0.6712676429329557,0.6964441695094542,0.7330584863677679,0.7757564975303406,0.8236560590157759,0.8724037463595933,0.9100770659310204,0.941232998218829,0.9493335621708862,0.9405097321634511,0.9138159097157208,0.8680060476304958,0.8217653967927755,0.773838422988705,0.7298138777745408,0.697429503464117,0.6678587237855508,0.649995483648375,0.638012608771459,0.6346268126718888,0.627527506698603,0.6273338679743016,0.6292772685110939,0.6246042426837655,0.6266503552193498,0.6275488616277258,0.6260845487013895,0.6238374255212968,0.6250021159749621,0.6209920175479723,0.6218561860308711,0.6220566011058651,0.6275969042853801,0.6213402522052639,0.6211602119322496,0.6205770683491649,0.6236342788499472,0.6226496431586449,0.6243876634087516,0.6234064101159404,0.6191528582883441,0.6201488422468135,0.6243438908109942,0.6210568769486869,0.6236908182484062,0.6208765286164327,0.6191310525325084,0.6204500482503241,0.6194007915144449,0.6212270656464385,0.625433278646842,0.6319153349930523,0.6388200665646826,0.660257182908102,0.6851323978466769,0.7164665866408407,0.7492905973842594,0.7712630851658047,0.7837188226879402,0.7744396027637195,0.7507878649339459,0.7158720661678807,0.683178592048095,0.6589534292820679,0.6398966930788245,0.6275709091877076,0.6202758791406519,0.619570546133016,0.6175236532053825,0.6191276549801108,0.61879045869254,0.6194708614235548,0.6145899049090904,0.6177579415537424,0.6153501435025239,0.6142139010657948,0.6156472553085083,0.6184916126446774,0.6154593107480462,0.6191846017926982,0.6170011945504739,0.6149650016111773,0.6179230244769427,0.6163434662133737,97.16947515637207
0.470622345585997,0.47276602369569765,0.4737530138763079,0.4721416125114652,0.47566032955668935,0.4727403736967533,0.47228403608831976,0.4757380064338314,0.471812295204306,0.4719558783427656,0.47501197896841385,0.47672917990812297,0.4744110058140632,0.470902070675434,0.47554973975793813,0.4730407842579067,0.4765136090511119,0.47355889560245956,0.47665220506121886,0.473574807103503,0.47307907413137207,0.47066752775466486,0.47322960728847874,0.47494950743006387,0.47484215336020313,0.47591115234504877,0.47722360231572386,0.474842037343943,0.47497414635799107,0.4771286439262518,0.47545083643282754,0.47327267538122353,0.4742909664736788,0.47145137843642565,0.4744962890718051,0.4741240783175748,0.4801051423008086,0.4848858620697586,0.4853125264257844,0.4923880393063163,0.5059732892360586,0.5165027231609153,0.5349636536984583,0.5566169232496294,0.5774002776055909,0.6028934430954533,0.6286783727964091,0.6497776739234842,0.6725387785300522,0.6849219693947458,0.6881261135696515,0.686531806926268,0.6712274982922484,0.6543966338366786,0.6310317004180879,0.6031336464181065,0.581679496161436,0.5560325603018783,0.5371371524869463,0.5156326274960336,0.5052287303864852,0.4942885618384662,0.48659798364208007,0.4864806823586716,0.4810848397077872,0.4759341069356598,0.47685069951741305,0.47915705324346586,0.4752894668412007,0.4749612359932531,0.4765391542021018,0.4777781506103393,0.47541102240995836,0.4776872503922545,0.47701835712383517,0.47730629965790394,0.47222954580852256,0.47711678797221213,0.4766296217908876,0.47795778918349435,0.47591558862591804,0.4765274130078875,0.4783816214914006,0.48025296124178324,0.4747584897569811,0.478480041242387,0.4799397237249606,0.478935378656903,0.47989715367940033,0.4765511470957844,0.48015784532365136,0.4762814881511432,0.47788677984134176,0.4768178528781809,0.4769443549502431,0.4744721483263965,0.47401733687436204,0.48036064495050795,0.4744551876210025,0.47860018626654793,0.47554734454797165,0.4764944344496275,0.4796063239266847,0.47860814107122357,0.4780767597017509,0.48066928558656336,0.4778554761115055,0.48096620215657837,0.47648215150252715,0.4764620531343459,0.47902622258497485,0.48027752109799543,0.48051674109494713,0.48544552977954136,0.4955008001401037,0.5033633564703672,0.518072823005486,0.5442561143031699,0.5864499278489048,0.6276008088121587,0.6711878034841394,0.7209175740284979,0.7604826504162299,0.7901475950907689,0.7952999373052003,0.7856128681479779,0.7627849945262641,0.7165865661144009,0.6725683005601241,0.6250713612088632,0.5843985310730186,0.5486680867566064,0.5224192572701063,0.5042210572418292,0.4917038773028263,0.48667998589499734,0.48567037878107455,0.48089798751187185,0.4834061856393977,0.48168697120599113,0.48104974844385806,0.47975037284070804,0.47883800084114686,0.4834953697332581,0.481762646485968,0.47994197189675164,0.4836648302873865,0.48157072231277565,0.47751774651203427,0.47955180333246916,0.48190517308355696,0.48351220401486456,0.485265782062765,0.4806404265950112,0.481867889550662,0.47945835200805165,0.4789528287867384,0.4774021043883281,0.4815999483737176,0.48339556606536316,0.4824667991681837,0.4811457587142087,0.4835048813938626,0.48714345816702564,0.48004817590718857,0.4780628441592303,0.4864181646616104,0.4938569553312177,0.49971747147093815,0.5226632919070378,0.5461049362636533,0.5785890627673057,0.6070207998266494,0.6300479846701679,0.6384435129064193,0.6334363170553293,0.6077946392275214,0.5787315402543525,0.5472070549351278,0.5190986203507708,0.5035176406612911,0.49281149767920784,0.4885964043966993,0.4867286800003697,0.48059482368216644,0.482966023078474,0.4777297047385306,0.4838728378017001,0.48440074596144095,0.47690644930562154,0.4816170755360752,0.48054733312119996,0.4817040594020489,0.4813538698482787,0.48239258670872587,0.4845005919847182,0.4819445778313443,0.48064328457567707,0.48226900737426776,0.4822039024354063,94.0166855007765
0.7747024705878078,0.7704771277017238,0.773561275067566,0.7718838535857008,0.7668631926456211,0.764800777380902,0.7659191382408475,0.767332123742436,0.7630463080541392,0.7648440921140756,0.7644460131467795,0.7594823035187444,0.7586794742938836,0.7604581221858332,0.7583377148725142,0.7556631183739483,0.7553321021929331,0.7548966456767916,0.7509091977356027,0.7545714149781909,0.7510839678003598,0.7454751470179599,0.7499960764844557,0.7475619485424652,0.7514241012699032,0.7458771796672632,0.7438550229077532,0.746069939475272,0.7427404918290136,0.7415176868577354,0.7431276392992399,0.7390939876552158,0.7373932561965849,0.7430162780411581,0.7401984884543389,0.7383549352696654,0.7393111031628423,0.74166315792675,0.7452252309974206,0.7461501955088079,0.7550150389928214,0.7625411189710386,0.7753335306376435,0.7910027995236969,0.8079637247388494,0.828112546094152,0.8462536455138203,0.8591779481617938,0.872900893090052,0.8832490988714935,0.8898976374875495,0.8802877918779174,0.8712049806887748,0.8551289244323511,0.8361811568350476,0.8170101082949003,0.7987932962487979,0.7776104537018889,0.7581239776190838,0.7510829760622433,0.7344643254018989,0.7245345804996688,0.7221320684704526,0.7137450508994425,0.7146780911189422,0.7071787177863506,0.7099386445875188,0.7060079134979799,0.7069338874127443,0.7070248764246625,0.6998922879907215,0.7036794522418384,0.6972973313981683,0.6970159013687504,0.6965021299611331,0.6981164255291751,0.6961760144887925,0.6947767880434601,0.6944047014325615,0.6942960143994938,0.6934511474833804,0.6933042047956239,0.6937571618721253,0.6890755890003489,0.6870773574298045,0.6883478292522087,0.6838334690094132,0.6837657920279759,0.6861231838357752,0.6828773868442716,0.6797104803281372,0.6781484807650761,0.6802267419055507,0.6814143232716724,0.6803888434038811,0.6773547345063581,0.6801520139944077,0.6749257761010986,0.6738595033704669,0.6680029890950181,0.6712443596063568,0.6728443497656601,0.6732695142054105,0.6674825322661302,0.6690693906812223,0.6692420524925455,0.6661786937888414,0.6606105263008827,0.6647260404801766,0.664890574416467,0.6607951081216347,0.6618966227570261,0.660578268577525,0.6596275888608334,0.6710293815927726,0.6767409278309219,0.6926794230287064,0.7101284034672922,0.7333962382968706,0.7657344585964864,0.8026501515734817,0.838972910410889,0.8681204974101993,0.8900458291130663,0.8938186455379306,0.8838427990308246,0.8633504242454102,0.8314568432645757,0.7911244992100974,0.7532395922579451,0.7230140902246004,0.6936181484940996,0.6731719376392415,0.6580510292843018,0.6520410075918102,0.6453182825997793,0.636443872904608,0.6353711083174264,0.6364241686743319,0.6346082351711816,0.6321876373869069,0.6289434229384557,0.6288351768244983,0.6281611820290706,0.6287477407230475,0.6306017651829409,0.624821583704105,0.6231444451446316,0.6239805517968309,0.6252624214232406,0.6193063985333668,0.6241086542862841,0.6198585448856848,0.6177351892541157,0.6150046723600547,0.6186193143438048,0.6158651536924991,0.6155501399310722,0.6124083960066614,0.6125734259244099,0.6112415163218062,0.6110227151861617,0.6089170222203104,0.6062959052415985,0.6141502459167918,0.6058594401197187,0.610099664343443,0.6097694908625191,0.6168907815788689,0.6341197191427802,0.6531902139308535,0.6784259579629864,0.699614357326401,0.7153968646886589,0.7194520742538751,0.7166969535645263,0.6966778527402873,0.6674176309316108,0.6449271794193728,0.6242243871316718,0.6082082289503454,0.6008743506043414,0.5954197590215233,0.5902272669359614,0.5881559409536897,0.5903890604093032,0.5881511242806904,0.5854003851015472,0.5809904669630769,0.5839362677341517,0.5836452792490578,0.575741221841213,0.5807552144139707,0.578419311559614,0.5778122084113427,0.5754403766923478,0.5759599816654608,0.5780415650493478,0.5733660065502888,0.5751911723164591,97.80285100532005
0.563296392354385,0.5635338287445172,0.5636295805218302,0.5622420598146508,0.5554636112143697,0.5632058720042233,0.5579638302443838,0.5605802490697185,0.5569011479739746,0.5649703502386167,0.5622974628661566,0.5607008444948459,0.5640798883154937,0.5621957499656788,0.5612704859269982,0.5617012051982008,0.5600364056899594,0.5582107719703056,0.5625015365282692,0.5603274271173206,0.5568407363231431,0.5612633547193788,0.5602199514545977,0.5634275628950006,0.5604548081749449,0.5574458069086294,0.5561186945063714,0.5621208655952208,0.5593634191789014,0.5576688365075975,0.5578951420535717,0.5619145510168423,0.5603408570389378,0.5618491134706546,0.5607179683291476,0.5596584238685495,0.5668605445786714,0.565756282668437,0.5732629141046597,0.5814698619842156,0.5901855555676465,0.6026393754423758,0.6223607824627755,0.6479771202795767,0.6739481991232716,0.7037123741670492,0.7315822603441104,0.7531066016151169,0.7785747920992667,0.7870310695972315,0.794847833542757,0.7937055767124112,0.7758709276119604,0.7507926529051502,0.7277687735927085,0.7043568440142901,0.6711417107596693,0.6477313116936234,0.6200376471512873,0.6021674849607959,0.5875338574656505,0.5807747264851011,0.5683929032551843,0.5598974128080259,0.564960494336139,0.5584749666035715,0.5580044545784679,0.5526878544437597,0.5559388041471717,0.5551613166825093,0.5529864402831856,0.5561000660225351,0.551220850113444,0.5525678260041746,0.5568242889439936,0.5528368566848424,0.5531908576655278,0.5542469784849372,0.5532126220157967,0.5552278779779215,0.5540876638912564,0.5506120290457084,0.5520451805114898,0.5517184634890269,0.5523673359288624,0.5534077182305681,0.5536859521122557,0.5482271103957549,0.5549027198283008,0.5525604777979468,0.5503910290525132,0.554426078197639,0.5481998878472355,0.5491492131003411,0.5564485854680064,0.5523724978100838,0.5504950046436736,0.5520761068168165,0.5513855835387373,0.5517098864658773,0.5525062208224754,0.5510215322415567,0.5520166484608214,0.5508811011194633,0.5494459830249572,0.5487683445881768,0.5535179913550052,0.5520924988814939,0.5528380291290305,0.5508556727115127,0.5516517859164018,0.5517620800860125,0.5564610378675061,0.5574932394932222,0.5636083895855512,0.5791516537994841,0.597490174003103,0.6269072351995477,0.6661876865105605,0.7107648766607979,0.7641499953400925,0.8164938991751959,0.8648855792255319,0.8930143911382445,0.9041077469067044,0.8904520958087162,0.8633320348679115,0.8173086087386064,0.7620342600899829,0.7146652328213718,0.6641151692353352,0.6236147460635917,0.5960225351019769,0.5753849713364007,0.5664564490754554,0.5576207596717421,0.552404817396802,0.5526824157748226,0.5460331217900994,0.5490882985024161,0.5483259931689025,0.5465835899914461,0.5464539004731704,0.5486320985385996,0.5483719795188012,0.5437163386151274,0.5500830407647066,0.5486252568028764,0.5456662562279107,0.5445364422689791,0.5482294444020619,0.546890966432165,0.5472205913006122,0.5468190977598417,0.547996095666708,0.5471684861229431,0.5442784732475149,0.5440509382323535,0.5458374697972602,0.5495952154201941,0.5446084131712666,0.5455353736751288,0.5465326179966974,0.5439487239142695,0.5467441292826062,0.546352073554478,0.5518113208605083,0.5539068477851886,0.5726656976565497,0.5875357883572376,0.6177989632156539,0.6513339947627127,0.6835201151476319,0.7130043856980762,0.7202887961326889,0.712168538277982,0.6836256036224205,0.6501422719136771,0.6152840305275169,0.5881581221471142,0.5673289561755069,0.5538974054124345,0.5468054333649219,0.5449669546708646,0.543336834134949,0.5426164577853613,0.5460327997363632,0.5430429173558029,0.5456651918717156,0.5415650742512264,0.5414963285824135,0.5404718278804052,0.5419760786218489,0.5406105471961323,0.540215170099369,0.5372404958613197,0.5438623999610956,0.5400537923827794,0.5436598767392494,0.5404070509008595,95.63875218813878
0.4147359280264464,0.41176060300336675,0.4122488182800383,0.4181685844246321,0.4137597889748732,0.4132955853810897,0.4183157108007744,0.4175626132442102,0.41826799207309334,0.4139992425795519,0.41302856861158005,0.41652456642586577,0.4171079392668485,0.41734634416180005,0.4197529619798967,0.41350851348500584,0.4188748913324407,0.4151417047376348,0.41922587917508175,0.4167439492121327,0.41624537436341963,0.41683297179018464,0.41534102784174304,0.41849261119839953,0.41704600577408507,0.42034379783795534,0.4202317960247974,0.42251002098734297,0.42005196993255606,0.42055426154053915,0.42252369735057316,0.41871337099534917,0.4173046711765676,0.42111875789999703,0.4185317048745542,0.42731576377906616,0.4269468228032375,0.43089979284104457,0.4305400449738252,0.43713445691628855,0.44299294203017014,0.4562352569054769,0.46551121868222184,0.47917141436847505,0.5013415659932583,0.5200604147595929,0.5459490443779387,0.5649050920223758,0.5732193075574359,0.5882569046570699,0.5910403541457618,0.5828928271796368,0.5759624448544928,0.5611901309891072,0.5459248101310619,0.5223083385442523,0.5048786846231983,0.48539808148885416,0.4717602443294701,0.4572659871943504,0.44643047255666446,0.43955469475513803,0.43879412197074297,0.4304038332938134,0.42697851528116976,0.428958360177232,0.42683243618688876,0.423989522739806,0.43120450819946426,0.4260829735301219,0.4261459009599345,0.42736962595818184,0.4306755048589252,0.42402907969058,0.42811742613070014,0.43191842337591657,0.42818039470010677,0.42563157725039413,0.4270448535346904,0.428874848367959,0.43130213899788983,0.4281413112507998,0.43065273955372835,0.426308151704386,0.42647090613025246,0.4285721950342968,0.43259330740605656,0.4300344527941562,0.43065577945961975,0.4308117698131197,0.4326534801406615,0.42939407634393445,0.43217054149951256,0.4293116595083687,0.43511942370157325,0.42973154973546956,0.4297470068961669,0.43279057870890364,0.4320302696330392,0.4327038517892644,0.43268423109124415,0.43022828532763513,0.4358152918471072,0.4345553022765221,0.43566624109689267,0.4320733426125492,0.4341493372083829,0.4339102737063487,0.43600470353557336,0.43638509249561375,0.43495453056455013,0.4324332073334203,0.4407065176794602,0.4413461415009194,0.4444575068403232,0.4555305632691785,0.46575292906233773,0.4912023298642681,0.5132976895638192,0.5491161000471733,0.5872251408462495,0.6258957432445956,0.6559744230525323,0.6787925332496574,0.6853011443947066,0.6778171427075909,0.6566501024144541,0.6245166693000676,0.5847987198890635,0.549815657579089,0.5188831053768828,0.49110573147167746,0.4713347548512548,0.4573009356171905,0.44753625520811163,0.4431959458891033,0.4408404157010714,0.4401451882698012,0.44037988514623105,0.43908710225588776,0.4374319014845372,0.43682079352184044,0.44497149246054873,0.43768960936413354,0.4390892333327693,0.4413392677177584,0.4412062515631132,0.44170566457245375,0.43995793993032273,0.4414999407941963,0.44132496488187933,0.44075746823713485,0.44205200398344363,0.44385136914477546,0.4418756911820592,0.4420684510898198,0.44441532267256073,0.4443811862251572,0.445805861534016,0.4393053625344195,0.4448093733443404,0.4443898332988774,0.44162615030580155,0.4441881222385017,0.44629783167613957,0.443617838620918,0.4485125072397835,0.45417301403476296,0.4591275320213282,0.4753493556432765,0.49653996943436757,0.5188373195827266,0.5430120871158338,0.5627469072120925,0.571522938713427,0.5646633715252493,0.5437653822697422,0.5228106396851848,0.4957017815569376,0.4742081229674148,0.4626887266465787,0.4571885951758013,0.45181056034239647,0.4485031768145652,0.44695124828391125,0.4468534003077879,0.4479219101975935,0.4457155906279921,0.44732761978625674,0.44777029068636376,0.44567835344793766,0.44688298982352276,0.4495603421126241,0.448937804110859,0.4484807101873309,0.44745483242322515,0.45261084050041567,0.4479606359731622,0.4503192335705479,0.4490197633333989,92.86616929041911
0.39265171634776275,0.40008530500410283,0.39537286996659504,0.39285581756744564,0.39938581380426286,0.3987100390631604,0.39745663566134976,0.39723471709212926,0.396199279493462,0.40045576889620205,0.39898704068329865,0.3993200770425882,0.40337349315065346,0.405655143803492,0.4023554486855403,0.40566244197985935,0.4052177536561381,0.4062536328496881,0.4046413941547216,0.4065965995910042,0.40557068527855045,0.40606143408946677,0.41028586463532185,0.4089434705498562,0.40890475158097844,0.4090591269167981,0.40919480497358746,0.40905580948734105,0.41394199826497985,0.40922818875193356,0.416212980867881,0.4170358130894447,0.4168424150535035,0.41830139388373,0.4190117501864164,0.4219962834865882,0.42479243587391863,0.4310896640266677,0.43754795378760064,0.4460269966864167,0.45320829883327507,0.47194124800837495,0.4912398390962728,0.512806954648759,0.5395787140128375,0.5698274125924209,0.5976503804641309,0.6236883832203941,0.649096695164365,0.6624858672144017,0.6679275574554507,0.6657591163758365,0.6506808235139374,0.6325836416116705,0.6042354765299935,0.5765169822376173,0.550291321087123,0.5287447406153716,0.5046810806846572,0.485989730585917,0.46691309035959205,0.45965134296768323,0.4539483568759794,0.4519664653249016,0.4417923356924509,0.4452876272839547,0.44547634800946945,0.444307061250829,0.44107580068028174,0.4448348733519764,0.445834400595797,0.44603034109841705,0.4450272299843758,0.44551330899155045,0.44878230794351853,0.4472584292866953,0.44804615347498855,0.44981641858493404,0.45115783259495273,0.4536583970651944,0.44993146300031883,0.4504765062032446,0.4530447078767864,0.45095118946037643,0.4564673360575462,0.4520497209736867,0.45819428509263577,0.459740213254496,0.4587842750563392,0.4552928811280372,0.4599624281674823,0.4588993592304285,0.45883149332262746,0.4631370265109885,0.46425454238402675,0.46603486586734044,0.46363656039660006,0.46529268447289585,0.46902217980855715,0.47062470046621546,0.46933752939250384,0.46721954996116954,0.46867670989376725,0.4690487418984316,0.47156001581369555,0.4692552681852552,0.47228970391101704,0.473070832556394,0.4740052401560396,0.47213123371130566,0.47587816461758464,0.48069906087651737,0.47913785731362524,0.48548250511740854,0.48956414996512326,0.507204768340144,0.5277723915301895,0.5571860249948105,0.5978228691212045,0.6440580690837163,0.7007583153331434,0.750290076725552,0.8012264053570477,0.8304503817425657,0.8416002770811241,0.828646791015028,0.7990910816474193,0.7572139797248633,0.7029131786560913,0.654032851285052,0.605848935453981,0.5645002927049687,0.5407439913129167,0.519742043166256,0.5080099039981849,0.5033907279609722,0.49508701065768607,0.4942203649284943,0.4968294059518208,0.4930582953998523,0.4957885741192914,0.4996254465268089,0.49816535098511666,0.4963668138064753,0.5002333615668081,0.49978709912934416,0.499934671992011,0.509194757569968,0.5039741393464644,0.5030002155528625,0.5061064100589291,0.5044704856798767,0.5047588479105101,0.5071366717780372,0.5082978202888981,0.5098745899616695,0.5116130946135228,0.5118834510897612,0.5119643403781176,0.5129129413543386,0.514109131257617,0.513913634811585,0.5101107583664849,0.515174406897552,0.5181505674135554,0.5158255932800543,0.5205035238440812,0.5285389122774234,0.5421978453177476,0.5617874608727413,0.5926082305322186,0.6291199317694598,0.6594564800380208,0.6902727150726504,0.6997399554292651,0.6881947228921741,0.6675760692452981,0.6331719724345485,0.5987648473930363,0.5715452372649082,0.5513720609301167,0.5375805660266896,0.5346161649711898,0.5325875924841443,0.5280782048152588,0.5322786735500139,0.5305383276599901,0.5330287933471749,0.5328381240687061,0.5329301680626851,0.5350947507862613,0.5340926224041037,0.537662120632942,0.5387336554067399,0.5358927053748852,0.537395057437464,0.5377238844144271,0.5399653445335777,0.5425776067747983,0.5373650167161439,93.90133232288734
0.5474718077913353,0.5473366112857617,0.5473421575718292,0.5471686888706109,0.5456425402102564,0.5472314812126563,0.5488358075670257,0.5470527590859716,0.5439414125615994,0.5452146140539175,0.5445398137679688,0.5454883102090364,0.5477828973201213,0.5445637910895382,0.5444248096490681,0.5478959717322808,0.5458326567958972,0.5449679701321025,0.5474756336871247,0.5442785563101099,0.5390654443524395,0.5444433996746109,0.5393336348815975,0.5431612869156828,0.5385695261359466,0.5408033383530476,0.5407502745830461,0.5396802441096865,0.5402697087916377,0.5427890233057716,0.5390728331005331,0.54140928866249,0.5382865333688668,0.5398871696457982,0.541226772419895,0.5393449071996567,0.5401881085448687,0.5463559716319997,0.551744043082293,0.5555901383465562,0.5637900449084685,0.5771794460320113,0.592632565226763,0.6120636331540749,0.628390918885392,0.6548343944491821,0.6787755586774287,0.7021766322861575,0.7194307272576198,0.7314063207243849,0.7343208393268441,0.7270116150150123,0.7209112315430858,0.7028561098622897,0.6758661259433293,0.6550336406641134,0.6291313127681547,0.608209433912445,0.5904612292186776,0.5764404324682082,0.5609984802195692,0.5506085173522234,0.5425677448522376,0.5389651153868769,0.5382388489201295,0.5334354276509276,0.5304728751248681,0.5281719210166427,0.5318681857407657,0.5309169659213583,0.5287914307537316,0.5318375617006394,0.5286646180501893,0.528971078542215,0.528943525186155,0.5280132789088264,0.5289260040437294,0.5304966925071792,0.5256481994451636,0.5286497452901341,0.5277565782387135,0.5274593491314875,0.5286350726769159,0.5267295409077406,0.5273309672345522,0.5275418006607413,0.524840903701775,0.5261875637277051,0.5248271842958431,0.5248029586551649,0.5241637621260237,0.5254896084315573,0.5244502997457883,0.5248156611007933,0.5237311010109084,0.5202974564171112,0.523307997984308,0.5231118997980283,0.5232095786276879,0.5212764918521722,0.5198125770660585,0.5231923076629246,0.5211355046709965,0.521764996423842,0.5205999526804448,0.5208929571172819,0.5197542517613765,0.5184799128585106,0.5211674013229177,0.5189166018643977,0.5205786309292106,0.52167461187846,0.5212136807668889,0.5231997687369818,0.5364970751816374,0.5409398353311784,0.5595957310829818,0.5860740073025865,0.6157998322354515,0.6530293465959345,0.6975280929902594,0.7399135252015371,0.78110703259827,0.8060519339577364,0.8127946138588221,0.8023141683361923,0.7756594230865677,0.7419891438749338,0.6958195736583216,0.6514558283301061,0.6094488719426403,0.575621951858229,0.5561071271853641,0.5373915858359956,0.5282506273617484,0.5191060532491688,0.5156631754172637,0.5155089181019098,0.5144231798495049,0.5139048544177748,0.5112955420354983,0.5127903064612135,0.5134952787460653,0.5107989195120999,0.5097184042880772,0.5131696371192799,0.5089145853099066,0.5112219317690796,0.5095856816888348,0.5057589542258297,0.5114388355163653,0.503405502665441,0.504692516464472,0.5094549954587595,0.5091940404304287,0.5066043012786703,0.5079146698572851,0.5022957418759316,0.5085121989125617,0.507337717525583,0.5064887683161613,0.5063709780799535,0.5070928701888265,0.5059174564504663,0.5023631857211638,0.5113222731082279,0.5116706613580807,0.5119736169860292,0.5239596921664569,0.5408985973324361,0.5673597016075849,0.5897277059609308,0.6217120148694305,0.6405570021895043,0.6512961853693068,0.6426123986987797,0.6218276703505959,0.5912738712598625,0.5616164573268667,0.5400056061401256,0.5224340645619164,0.5120001808568867,0.5047482628084038,0.5010982601536643,0.5006648458502867,0.5012479631340712,0.49550230733973916,0.5003461492904323,0.4999060861202813,0.4991494494952003,0.4984656276802003,0.4933714951447159,0.4973635765083377,0.501561721183187,0.4977482087994315,0.49684738920547405,0.49723534397529146,0.4976506400254652,0.49799829748194946,0.49596245937063793,94.8676717690194
0.48182573183845917,0.47992229578260714,0.48049547859775626,0.47712307575351764,0.479599286971174,0.47391032843482284,0.4744975792122677,0.4736494835901234,0.473411699615554,0.4740798205714675,0.47399887074515407,0.47404664378949146,0.47626769328239743,0.4693228423269687,0.4695553324460228,0.46667571746092473,0.46946931735257097,0.46985865743706623,0.4689438694324245,0.4676565404761352,0.46970630880966696,0.46834851866457494,0.4669461687108318,0.46861154616468326,0.46675697537916594,0.469810716198589,0.4667656139003759,0.46599037507714836,0.4668160045863436,0.4618954603208027,0.46797290013920523,0.46680432778581793,0.46343437426429623,0.4627256683244814,0.46325286953115635,0.463277188666484,0.46439062777255785,0.467898615616455,0.4703777942743445,0.4823983267392795,0.49357264061594397,0.5109996011421766,0.5292165112616838,0.5486869718446594,0.5759685275746186,0.6069775424838655,0.6321435099637818,0.6591344127258262,0.6782339263132408,0.6928020350551041,0.6972315201410073,0.6912131591077648,0.6799525214436035,0.6546269525150089,0.6300209690734265,0.604275576119254,0.5722110977082505,0.5428740230932888,0.5214369230960998,0.505988494844999,0.48579864430072583,0.4757746682742296,0.4659317068413549,0.4607711007710291,0.45625179983955116,0.45187264662319393,0.45301987457109116,0.44872749388080974,0.4497696158354375,0.45361935491251354,0.44915073524613364,0.4469969052741262,0.4488984507399029,0.4468943430354902,0.447808738289013,0.4448306544583145,0.4483362510175985,0.44661969094867804,0.443960262109546,0.4462772019991291,0.44902182472964824,0.4431534407885323,0.445854167140848,0.44476850090207065,0.4443329508130114,0.44492059316461097,0.4421597945555912,0.4426121890478262,0.44209775856566,0.4397834991657752,0.44200627914918733,0.43995752231604895,0.4439365645857061,0.43885413040970295,0.43682295522896597,0.44129812565334364,0.4371625228821398,0.4358181529375925,0.4386135147684732,0.4400971703232363,0.4385006032231623,0.4354761540441163,0.4364705607576694,0.4352326964895262,0.43872383933426967,0.43412443215686974,0.43480063612712877,0.4345634625804983,0.43157587040311024,0.4333013761519286,0.4333965091243477,0.4371393991535329,0.4365354891228913,0.43918412039357185,0.44684689828014273,0.45940633539590603,0.4791123635338512,0.5097400653883204,0.5484109491975572,0.5919559039821248,0.6491364905390289,0.7014268803507508,0.7453162980921744,0.7732567551064826,0.7872870035545033,0.7746842421173636,0.7449064001012012,0.6987797230690063,0.6463884969068101,0.5877521521814236,0.5458549331133011,0.5039878858100175,0.47411824163693084,0.4560600642251505,0.43964724682259165,0.4330699394119215,0.4267340752052346,0.4255041287166221,0.4246971370555713,0.42361672085296437,0.41787143177896297,0.41958387224301097,0.4223202294260036,0.42055674575099733,0.4190521437343009,0.4197590558848605,0.416129812908642,0.4195038080100768,0.41826747257533364,0.4172887719354889,0.4163541691625015,0.41676783056612887,0.4153508899493647,0.4148453935526349,0.4186646128654316,0.4115075467073486,0.41114238859722596,0.4154311007043458,0.4110224155670401,0.4090490980626897,0.4146811004034687,0.4147781106898767,0.40928089665744094,0.4080561655554949,0.4092816117785691,0.4112153234493179,0.41917525134401123,0.42076331470961004,0.4353950704878202,0.45526808459773777,0.48514648450460884,0.5159783054662687,0.5517206613742583,0.5770063197023981,0.5878305537770026,0.5790639296576461,0.5544727692763973,0.5140113405313439,0.47953417795373465,0.4514952041523482,0.4300795537855865,0.4193650905791299,0.40863125251487303,0.40450725899173656,0.40634619255240034,0.4033148026158476,0.40322677268252366,0.40154937338850316,0.40313097199786935,0.3991376592839866,0.3995444367918201,0.3947581315143309,0.39839316790235796,0.4011051899291096,0.3989285848527681,0.39658163716964095,0.40088212517385285,0.3978939387289798,0.40059814061893656,0.3985177367567335,93.30914147272826
0.5716341314803717,0.5716355640445611,0.5684090534982271,0.5708037142939947,0.573036301187306,0.5665406399573679,0.5715403820321936,0.572384670824147,0.5682618209759671,0.5725191479646567,0.5674979831054987,0.5695086833362462,0.5677608334253703,0.5675082468627292,0.5666355022206717,0.5690151121081775,0.5690634328603055,0.5669848383890929,0.5641416073646435,0.5674157456767427,0.5672012974082926,0.5656717076499945,0.569587486208214,0.5624731000764674,0.5609144617480628,0.563635789326458,0.566267650614658,0.5624866730210693,0.5623931436147038,0.566025346543281,0.5648410986997559,0.564512656806196,0.5652608245957762,0.5629668525636073,0.5634968052316768,0.5668482758780209,0.5643725894029521,0.5659181735616794,0.5743607708379781,0.5846685493316335,0.5941523418112606,0.610047820727125,0.623190745417462,0.6508374075290577,0.6778812962977141,0.7022305948025421,0.7349767026268943,0.7588425424135011,0.7859394030692413,0.788825037416111,0.8003954253103565,0.7918869149250889,0.7755538693656225,0.7564988346120927,0.7317904321854227,0.7044857308080769,0.6769918252501135,0.649520251039476,0.6212583425107925,0.6060550611815411,0.5893810079698952,0.5759505339182471,0.5687521767691186,0.5622283082706634,0.5600766495477004,0.5562052250318595,0.5541303302611446,0.5562027433177416,0.5558784160096241,0.5538020507072522,0.5565657367467651,0.5530125955469041,0.552655410774711,0.5543209362380713,0.552479267918268,0.5526600936898217,0.5471969128974847,0.5520188556101342,0.5480788355575359,0.5490391618936324,0.5485582705390596,0.5488916075277422,0.5496269261282962,0.5494995091769656,0.5515489055374028,0.5504129915230055,0.5459139278150711,0.5496305267289039,0.5498483087288569,0.5483025259852486,0.5485857478460481,0.5488360008327718,0.5497324405593708,0.5448013421713203,0.5472103288512709,0.5504634959079472,0.5500280071173682,0.5486444191759965,0.5477640556644732,0.5497475375158525,0.5500218290810982,0.545675852130513,0.5437430810235632,0.5448894961164397,0.5513722970225879,0.5417912359235827,0.5437465692769815,0.5416386276280081,0.544538736575845,0.5418281641760455,0.5442310030688079,0.5413347249899005,0.5483760091609521,0.5535200758300952,0.5576307260178333,0.5706396459701577,0.5903151982524895,0.6197485615363669,0.6578930155927265,0.7069716527856017,0.7609270290951546,0.8097191939866125,0.8562156610943126,0.8894627125903917,0.8955876103855859,0.8832137526930877,0.8562783931141313,0.8108271939464479,0.7549992367092921,0.7017567245936827,0.6534232995085975,0.6141229406568844,0.5879947768690544,0.5640104030884437,0.55282478318146,0.5437176501887326,0.5381788486498201,0.5404196519945079,0.5363489565694413,0.5370462498582265,0.5332046021182745,0.5344073976175033,0.5371228114736899,0.54052320124122,0.5311409051509962,0.5344380180100794,0.5354123815196331,0.5331034077775709,0.5357824945935525,0.532097841783644,0.5338868622871502,0.5322828837458685,0.5355137504656841,0.5314700200727253,0.5318668623030917,0.5342098490618733,0.5300102568299081,0.5319517113862922,0.5279171035797992,0.5291347144715289,0.531825380803748,0.5288392257520755,0.529524447734781,0.5315031989065119,0.5295834175687797,0.533432918017326,0.5350937194654621,0.5419393060183751,0.5557676482920733,0.5740991374191966,0.6052640548886035,0.6387655714999405,0.670435768227324,0.6998330844666322,0.7072036385845146,0.6959531504635051,0.6710308876061081,0.6376548652753553,0.6010793367530959,0.5745828847802545,0.5524331075958137,0.538584310810987,0.5285760302389009,0.5268892629210028,0.5258423337729418,0.5263632263114546,0.5258369184518127,0.524604081926661,0.5242419199820337,0.5251873186424889,0.5217765448436986,0.5266325095032872,0.5188949885340219,0.5256479996716868,0.5223946701233287,0.5242380615549275,0.522708443573362,0.5224206923083713,0.5225849932206925,0.5228424536289312,95.53357390767987
0.545525568192132,0.5472575144676055,0.5482306036790722,0.5511644810951273,0.5501324175894475,0.5483085872136344,0.5482443782048633,0.5518532643448807,0.5500541234023087,0.5529701604230157,0.5518122006452624,0.5553039859757549,0.5513697434759122,0.5561813025167294,0.5557307302381502,0.5533429851389384,0.5529271139066642,0.5589991567406443,0.5537985246529268,0.5566765493050276,0.5572145009406397,0.557003805016405,0.5590065081427207,0.5560427518497872,0.5622302253624797,0.5571756030858457,0.5589981911594382,0.55687324291328,0.5623102977656986,0.5644737593560702,0.565216694637284,0.5640203740311563,0.5616518197113618,0.5632126688285434,0.5636828549151124,0.5635346844626201,0.5678243512395111,0.5739374303788093,0.5758904655389873,0.5810106576362362,0.5941270531383368,0.6130183688174151,0.6267083988418946,0.6518772073100135,0.6779660189485863,0.7070654815383648,0.7347983574932239,0.7605117943808067,0.7799371983454654,0.7918425437238036,0.8005168371908786,0.7911241570145721,0.7836370751618885,0.7647595493732435,0.7426826492325238,0.7096411059471545,0.6831328932213077,0.6593678624853658,0.6374622955557129,0.6213311985039136,0.6068780092952523,0.5949888905617424,0.5884682882954954,0.5859465766563536,0.5787629506854501,0.579293620135325,0.5801581444658482,0.5767159286647248,0.5718722198827668,0.5821241253057203,0.5795595069279463,0.5775024484339442,0.582298956984194,0.580493029358039,0.5792964792305723,0.5825641508834425,0.5823872566124191,0.5815175731018082,0.5816646553315533,0.5816115786916964,0.585594955340445,0.5820871367267769,0.5834488368497827,0.585706159452407,0.5888816184432131,0.586689652890246,0.5880602004712923,0.5875482730400856,0.589616729840411,0.5921389826094491,0.5878484070820544,0.5892119409330139,0.5899909164134425,0.5911634815567393,0.5908286924428291,0.589936381334274,0.5914696729065556,0.5968072104108434,0.5930316345196923,0.5890423280674062,0.5925340861333243,0.5938106828622377,0.5939628146040263,0.5945673498552776,0.5957376838582815,0.5966454163435937,0.5966152738546817,0.5984861030328051,0.5941281027092716,0.5972613499441753,0.5995418164124324,0.6006386193053916,0.6013450620363923,0.6060490451123529,0.6131325879665158,0.629433138059555,0.6433435615214513,0.6726700927550378,0.7136623440366533,0.7599972309772886,0.8071435516985318,0.8628337418609404,0.9061353906349607,0.9369803025798751,0.9470941266912013,0.937719921881504,0.9085344417941033,0.8652846895754122,0.8144805338892475,0.7633397675560077,0.7181857882154439,0.6821335069555501,0.6560586132937481,0.6396893062274945,0.6250729903958862,0.6179876731776411,0.616120546012879,0.6128792403606371,0.6094326921033548,0.610100034913896,0.6154966753655796,0.6107980233220863,0.613797934002027,0.6111308214120248,0.6161337798809201,0.613103931351061,0.6146495693833728,0.6144874596592665,0.6164136584369533,0.616207012248472,0.6181438505872077,0.6180944569687982,0.6178075872228199,0.6190066987052717,0.6195646653175915,0.6178290093984412,0.6181365128006893,0.6226481377824271,0.6214166109356485,0.6212733690508884,0.6193237717381405,0.6178217671654145,0.6213160599152534,0.6216048300685815,0.6228054898225566,0.6268325405249081,0.6316318182269738,0.6376216872403233,0.6465744484695389,0.6688524940639633,0.6949698213308411,0.7261959728643606,0.7634514685093359,0.7914613137843067,0.797987220694703,0.7915263142708298,0.7641131807118842,0.7340151996453903,0.6991372719009276,0.6754228939188868,0.6526792498888906,0.6407579972474561,0.6388799921665425,0.6322531703138597,0.6330518272349024,0.6314909061064738,0.6347896161070851,0.6359520491483743,0.6324581034524587,0.6353572796453004,0.63600239261694,0.6354363849600815,0.6386951516927204,0.6391400207596524,0.6348586791256916,0.6394412861915494,0.6384972023552522,0.6384319873585468,0.6379395891735956,0.6358993905809139,96.45461426016189
0.4925522168160144,0.49425659090896173,0.49079577020530857,0.49642752252188876,0.4916196427986696,0.48970593770040943,0.4937284521272162,0.49727043707756524,0.4952116274961246,0.4957061038841081,0.4944518958853604,0.49422957092885805,0.4916097087469086,0.4903459565331574,0.4954224752894602,0.49782023056786395,0.4960486011670262,0.49677273443266434,0.4988581722441993,0.4965134731534252,0.4957758332618546,0.49454930324843027,0.5003960036018837,0.49756994647117425,0.4947950494475071,0.49450566284166514,0.49952074260887175,0.4951084679182296,0.5010646874492272,0.4920287428336122,0.5005948944963043,0.4989791352001895,0.49859074450646423,0.4985226506796463,0.5034790772224057,0.5024482188913539,0.5013854540086797,0.5031609612512696,0.5121586319271987,0.5194486578117117,0.5271672989677844,0.5445376592831164,0.5619524317016108,0.5854807790631302,0.612508762865597,0.6415393104235131,0.6678325274135133,0.6896371927364909,0.7120285244499863,0.724607601971064,0.7265007530334149,0.7256082564227505,0.7156648451187355,0.6921361368203838,0.6641479964824685,0.6402666434972328,0.6106119099960703,0.5895022318172922,0.5667932559534984,0.5472802543547065,0.5328487377636849,0.5226607658537027,0.5157854239930221,0.5093495517493637,0.5050419988184733,0.5082675459472326,0.5042132655768016,0.5048245068879321,0.5048713758178355,0.5049270459176122,0.5020101306122499,0.5011284537296983,0.5034485028411332,0.5055740462574608,0.503488390426932,0.5043982336020221,0.5095273289642838,0.5017468875259831,0.5040927979921298,0.5095612516301756,0.5058440398770628,0.5046864660034147,0.5086011749960982,0.5065392993859642,0.50589742322701,0.5071439794182726,0.505608225504113,0.505054662558776,0.5070276523916977,0.5053980538894068,0.5076066359957839,0.5084592640697807,0.5096217734095817,0.5103367040311818,0.5074345826197045,0.5094100864026014,0.5095615056482964,0.5093972977860345,0.5079479432804722,0.5070159289384254,0.5102412739896955,0.5059887640808716,0.5090320816604097,0.5046259618669464,0.5072265419677918,0.5083133201167863,0.512435636409285,0.5118108332913822,0.5095658308627584,0.5124853362554268,0.5134132648094761,0.5124740210973313,0.5122533340835053,0.5187710924989926,0.5263931119854364,0.5364821464250809,0.5589373792905179,0.5866289320357414,0.6242235886871943,0.6696419388014135,0.7216053495347114,0.7707156512150138,0.81533784152367,0.8439922545671752,0.8543148401851246,0.8477946375224765,0.8115075401564472,0.7738190366249268,0.7202261942147347,0.669236031878223,0.6258390770072534,0.5854029109794374,0.5592144645630545,0.5402224040412904,0.5294501315322717,0.5212130761209507,0.5221891652466446,0.5206846244557962,0.5122196755912248,0.5170712889539905,0.5176774771131759,0.5171374407772198,0.5148732172629931,0.5158570562498003,0.5150108600106753,0.5158311614669344,0.5144166992245065,0.5167721834435691,0.514161341795819,0.5169318735870504,0.5150001799816148,0.51807617746074,0.5164689071423685,0.5185741085196883,0.5203213108765086,0.5215022451499121,0.513432545935065,0.5169853841001067,0.5182128974294681,0.5199054506139806,0.5158518440023387,0.5173646911570011,0.5197978876531422,0.5200207695727187,0.5212270187491235,0.5227639213349923,0.5257064816000474,0.5319419177725191,0.5437438486568744,0.5646400524625544,0.5866808433168708,0.627857426526719,0.653761707628175,0.681030980093345,0.6921495270980628,0.6848649326346197,0.6528409441989087,0.6257037202807512,0.5940658912299752,0.5669515781415931,0.5442201285449435,0.5332657584423489,0.5264402214783194,0.5240648487017389,0.5217121600876876,0.5217069231428707,0.5243707645953182,0.5238873473458664,0.5247613697798343,0.524368870635911,0.525514196790565,0.5260270534140279,0.5209523781285195,0.522892391357279,0.5243034600103123,0.5248860584026529,0.5237564338650754,0.5270858639170012,0.5293869148742215,0.5259645436114447,94.71973452903993
0.4158091814511006,0.42135221032558134,0.4127512798179659,0.4123331226220071,0.4137728974416393,0.4167989490674547,0.4087955878577596,0.40964937102120597,0.41239148296695477,0.4171650471898606,0.4127093979805937,0.4100674675309251,0.413770191181908,0.4151837426844193,0.4103162923057561,0.4122362719520633,0.41137476446199106,0.41193956933959003,0.4096109129848705,0.41151987924938854,0.4116733446951584,0.41115880420735895,0.4062193375791187,0.40633015282121365,0.4075534086084412,0.40920119303187563,0.40951985261458274,0.40603068033720446,0.40852976884413206,0.4095264140973082,0.40874851677143975,0.40631905734611395,0.4064226761519026,0.4046607355197705,0.4111435570053899,0.4095416390616139,0.4071390098700943,0.4158631292028033,0.41961093505668967,0.42806129684748245,0.43511180062792465,0.4497129854658715,0.4673458646215156,0.4956211466600261,0.5161039037312282,0.5428586016846422,0.5711009453914211,0.5969226719630799,0.6209022255566594,0.6313879674264196,0.6376523573958619,0.6308724748257919,0.6163650020678053,0.593890698410737,0.5734532191844167,0.5440888369521081,0.516075247388212,0.48951015595840947,0.46329155120117427,0.4462892503359284,0.43307851486431276,0.42170473594785446,0.4122179531758767,0.4104383204869781,0.40397551978529855,0.4032512292815444,0.39954444210113643,0.39746137035063905,0.39951428203616346,0.3985897334036543,0.39745699717244376,0.3947618214326907,0.398189925675759,0.3943062179046941,0.39717803069862107,0.39316168894663667,0.3933947999154369,0.3954066584481322,0.395714125217319,0.3947233334571324,0.3929694186600698,0.3959839461202629,0.3937689630757415,0.39361185260857845,0.3926438629943639,0.39124725405961736,0.3946798219935287,0.3908748268317852,0.3952888707709782,0.38997787087703334,0.3920074884323701,0.3912345085184254,0.39060396158589294,0.3919268365361413,0.39187635086394146,0.3911024970341649,0.38763658724130795,0.38715553675256603,0.3867689986345048,0.388477553458545,0.392930204191176,0.3883349768386708,0.3923690168103055,0.3878344325444345,0.387955947875636,0.3885644101269697,0.3865342201951934,0.38733244822246954,0.38328145438351535,0.3848345201196487,0.3834388749130415,0.38900058709864577,0.3866638048150757,0.3960346675442828,0.4010521052102714,0.4144521198829605,0.43048206733500816,0.457568484958771,0.4967636135070745,0.5459029370563929,0.5997472414459933,0.648140604744822,0.6888761016699304,0.719634568319814,0.7290965723521466,0.7207876030990223,0.6898881176279911,0.6452533864035888,0.5912406069357761,0.5387652493744846,0.49445275756507234,0.45705729395180994,0.42514631995849667,0.4086889291042303,0.39690937614167515,0.38269313238373937,0.38615278804021186,0.3820330259260296,0.3812608494885481,0.3765846434176433,0.3797426965597202,0.37963084358479826,0.3762295639995394,0.37881659119907846,0.37671120568724914,0.3754853566944151,0.37606099861218156,0.3765241571169438,0.37531617613774365,0.3740715945801368,0.3761748629027736,0.37624230041897777,0.3751485744694988,0.3713552120128546,0.37315492705965564,0.37236971897303783,0.3772538869800029,0.3737612832009752,0.37269892535915566,0.37187626933790685,0.3724803952197324,0.3739783271894673,0.3685932790984037,0.3725990728450382,0.371328884702266,0.3741998841639895,0.3777233534100289,0.3809670209605932,0.39152637205360247,0.41332920135455964,0.4445347562550239,0.4775407591382202,0.5088111328918788,0.5334271257816138,0.5427625770673126,0.5315691306404862,0.5100710819654397,0.47620701039221375,0.4390566554835854,0.4102745288584601,0.38967369456924617,0.37773037422477285,0.3703954248354882,0.3682363352614609,0.3685866453724248,0.3676488143792365,0.36418663754751834,0.3658573896753228,0.3665684967978471,0.3631277944987886,0.36502345862299496,0.36690160740299704,0.36371830845349995,0.3599060705505409,0.35864120289061635,0.3640310779232474,0.3633562744424864,0.3632524997623706,0.3635893939218293,0.3593857011502763,92.28100274009782
0.34777289362889047,0.34688626121582,0.34932037946543826,0.3510353861158451,0.3487728648118372,0.3492241282142259,0.3557068180304271,0.3524780447558925,0.3528789215539832,0.3479160157183016,0.3496801335050573,0.3515017974757859,0.3496080824143784,0.3550690754613649,0.3549468288109044,0.3513170368599124,0.35620988809577003,0.35289147007752586,0.3583366772385359,0.3537051940908395,0.3548261329724207,0.35673148507241786,0.35674489089636613,0.3554690784699882,0.3544234459373522,0.3559924278469258,0.353591051639494,0.3557889425438533,0.35353196386776764,0.3524650708677718,0.35642598743463094,0.359192863780605,0.35895034868838155,0.3575272905849897,0.36206406369122096,0.3587939624901264,0.35823257509838086,0.3610176800451939,0.3680282965384666,0.3793341440653311,0.38667256611550865,0.40257909829402316,0.4224450941565541,0.438133377311303,0.4655189444400759,0.4916615460298691,0.5148493979178475,0.5430086524847725,0.5588780158611658,0.571221977991664,0.5807298027038824,0.5735508641046692,0.5623357044045268,0.5445575564966628,0.5173333125616576,0.4956624954108929,0.46665323674516224,0.44285525112290114,0.4227353007763346,0.40505567133842885,0.3947449510122135,0.38390962921999827,0.3755983895877708,0.37343689936369806,0.36873972887744244,0.367013644527774,0.36692099872780237,0.36738742921734824,0.3671636746999648,0.36574289629722206,0.36833628965014253,0.3664148258411304,0.3657892366173491,0.3644131051368388,0.36957009693993825,0.3678851092604672,0.3685394846208461,0.3704670801631462,0.36767851839403126,0.36614243302005245,0.36928870886956183,0.3700229915937631,0.36913929299769577,0.37287038941982237,0.3652085044062622,0.3726788741360756,0.3722789914904926,0.3718681490774738,0.36454072775614277,0.3740382317547958,0.3696755093001958,0.37097091689792194,0.3719030388583345,0.3733169835904664,0.374038926938938,0.37480367529746167,0.37490762454834625,0.3740396953036557,0.37462360972126146,0.3718681811515183,0.3728055621538965,0.37635647597902083,0.37649796359352494,0.37652931357440483,0.3743116730407052,0.37742227937412376,0.3735455887237203,0.3783063860294643,0.3759574904843654,0.38028242176971083,0.3745497380382557,0.3823125587104575,0.3802639988104518,0.38425603169510125,0.39248414596779563,0.4024515975797267,0.42195466711583013,0.44699343192151897,0.4822948518068762,0.527898517213089,0.5733556350647193,0.6217310982086858,0.6619675234102487,0.6919480120289108,0.7057636730222276,0.691779852775073,0.6642815327122582,0.6252028705709965,0.5764805598535097,0.5339602875114151,0.4864670029381556,0.4527500478096145,0.428113636019598,0.4103375311350641,0.39771951015739504,0.39036704856465415,0.39122514453888424,0.38529223673178453,0.38393109534376785,0.38336008297712526,0.381279172344573,0.38656429124378905,0.38045718083049984,0.38539093609089264,0.38524771862438717,0.3903944251213361,0.3825088688244431,0.3846278222859509,0.38641574284486524,0.38655079656936414,0.3861046885491134,0.3872997250704837,0.38520049873126494,0.3886919332774287,0.3835925001997985,0.3884418557837602,0.38755060658256696,0.39104183390616243,0.39277789373546684,0.38886358436505397,0.3925674736826799,0.3894221958832436,0.3884207217509387,0.39424279642953997,0.3924799125216615,0.3928736228666001,0.39731313091961445,0.40274031915775615,0.4135404291635482,0.4296772859014638,0.4581423600230339,0.49171302262801675,0.5218085860723934,0.547544123377431,0.5554825966157829,0.5444990458854451,0.5204474783409939,0.49169969478057624,0.4596983632669296,0.43558203250755106,0.4153376726605793,0.4045720311011051,0.4021716887361717,0.3978037717566465,0.3951913721657947,0.3964605861135401,0.39930095728054726,0.39734800848484647,0.39819377677348544,0.39575891962618354,0.3995736570115987,0.40241485587115117,0.3964536246820848,0.3959306932092076,0.3989034887003387,0.40056133761324064,0.3988854714993191,0.39721976138424603,0.3993669291859676,0.4010382053883042,91.89567097601862
0.456269636550501,0.4522338010557434,0.459930932484449,0.455039694218938,0.4545672627896171,0.4550609157520952,0.45374363275083157,0.45335295050452945,0.4558208549544224,0.45601578048659647,0.45628408303138457,0.45581722987679074,0.4557677210444397,0.4535765277175692,0.45505672453880996,0.4564027943078682,0.45505154550827087,0.45676214787456304,0.4559561744452591,0.4559895364329434,0.45673869955059576,0.4573432387886843,0.4578378018238929,0.46043669838554524,0.45824716094270357,0.45360803781400727,0.45445140496890246,0.45612216662255006,0.4552029078712782,0.45757804132315705,0.4578820148736543,0.4560613776049214,0.45964025264070363,0.4605742684218234,0.4547523933977576,0.45674289108312255,0.4638441797982817,0.466692404180524,0.47106639263421074,0.4776422662951226,0.4880949572335056,0.5037546319644761,0.5214405926293081,0.5460344664415722,0.5676332447810875,0.596518256054483,0.6257128108198564,0.6493062476148385,0.6704955080118619,0.6835911170860841,0.6860088824166497,0.6803301033850122,0.6678487540142943,0.6471025744956009,0.6206104321994828,0.5991536147401221,0.5658090789217141,0.5478248991105826,0.5208125876909616,0.5030028108512458,0.4862470576229553,0.47946273965637587,0.4707100889747807,0.46634329137128155,0.4614413676617308,0.46202575918199623,0.4582892604877675,0.45948201225244256,0.4599410424382499,0.4617847630229497,0.46045193958207903,0.459025678743811,0.4588592441465397,0.459542287964215,0.4604941225067802,0.4575194364942682,0.4608627155865912,0.45723088996919214,0.460066216082492,0.46028520276918466,0.45790799315520975,0.45621514234367033,0.4588195474456447,0.45413772631591354,0.4590895219946904,0.4569985521213777,0.46577031932821733,0.4617099891124114,0.45978578040394724,0.46235498415235227,0.46114901693828353,0.45746064973061457,0.4585856404958457,0.46194422880443825,0.4580130026090966,0.4607734962721511,0.4613811588553066,0.4595591389121855,0.46043386823735283,0.4618415798989753,0.4617949581027005,0.4611719336788635,0.46029852304366237,0.4615481887951248,0.4563801122896441,0.4634261781865764,0.4602681217862769,0.45913941747506454,0.4619312300487313,0.4621123653990278,0.4595133832239282,0.46264606860859814,0.4647039581886611,0.4686373408580137,0.4792547818895436,0.4882553586575833,0.5072495549629953,0.5340054365456411,0.5710078445405223,0.6192521974838742,0.6686705962465211,0.7202430602903149,0.7649279026291177,0.7945108849462357,0.8052738680080617,0.7947437050835702,0.7659758974516596,0.726193676729929,0.6724591193142597,0.618231358993227,0.5756739294493951,0.5339415481175401,0.5071573722979736,0.490587523558874,0.47833412886876514,0.47096946588149685,0.46461947677884674,0.4626124513885155,0.46309445456002074,0.46192840734923135,0.4640696997251749,0.4617132955279128,0.46167578760550176,0.4590770785383877,0.46412515285186345,0.4630671048970203,0.4578988649532831,0.46340961999758995,0.461765994056507,0.4641690126115874,0.46245568849419005,0.4611059419509098,0.4662215679073299,0.46595619205086486,0.46248967961716086,0.4636550990635937,0.46204015453466746,0.4595944268610177,0.46569167927212507,0.4615101094575227,0.4657040229681327,0.4646113449917565,0.46388325283775783,0.463425076727372,0.46541592583900043,0.46344539145047897,0.47102290908918926,0.4750740002698177,0.48978507934152266,0.5061876642033333,0.5345569741256064,0.5684220340271254,0.6024603773352125,0.6299285143504861,0.6347637485750368,0.6261485294425294,0.6014650310094073,0.5635560544440886,0.5335524140932019,0.5059404169903541,0.49265662791164244,0.47598748385862044,0.4701215629378753,0.4632469667511038,0.4648632410756986,0.46645232637575756,0.4695130114451035,0.46311664256513657,0.46089169819466835,0.46301833792870034,0.46307467764473254,0.46314206204886,0.4665297976538002,0.46544913202203864,0.4625555088105974,0.4676935356237454,0.46869598395492607,0.4615486768064255,0.4673627730089755,0.46471602357763964,93.72517445600927
0.5834881623086715,0.585303722689464,0.5878356041765386,0.5848343826355877,0.5844408874536469,0.5881998161664541,0.5851675007833524,0.5864495662607913,0.5910471178825577,0.5896111154069834,0.5930784160982644,0.5885845697936303,0.5912930500209317,0.5927668801354454,0.5901134374462044,0.5950047473953085,0.5944493376418355,0.5906961620260285,0.5943260090545015,0.5956601629892493,0.5941948944230139,0.5929020405586107,0.5969054636375439,0.6012578454347794,0.5965483093479678,0.6009479550057121,0.5967927935835223,0.5992180713585539,0.6008236141015267,0.5997661932275511,0.5997088747009806,0.6023163466270524,0.6052814546641315,0.6028728233547812,0.6022580074085863,0.6043426612303537,0.6118564253056397,0.6101898013072347,0.6132854796749935,0.6187089027999416,0.6263814599917011,0.642768766701108,0.6585958364771956,0.6748937052493358,0.6966667402604779,0.7169007153189908,0.7420229831011103,0.7633024559426076,0.7779334983019969,0.7933836794824444,0.7924618987676529,0.7915432399046101,0.7826474863823402,0.7651054239610727,0.7452742227468637,0.7212514692031656,0.7052524394077687,0.6821618990790266,0.6661493837678113,0.6521486521088304,0.6385117907288848,0.6313126195106176,0.6288254224132291,0.6203412549359696,0.6247020219100549,0.6178351070738113,0.6165072937011561,0.6190859809529696,0.6234384669216617,0.6155388982258556,0.6194925656277515,0.6211793142132941,0.620765145129432,0.6219416121544258,0.6202256063418861,0.6209478427837646,0.6223367586377488,0.6208604222974922,0.6235175247481515,0.6233161438279676,0.6236402939987419,0.6257081514942102,0.6219125753661005,0.6255824702515168,0.6311621142189123,0.6248419435791366,0.6300719202182089,0.6280969877429327,0.6272685161598102,0.6263199047351216,0.6297273082613926,0.6328414948190995,0.6296430345937292,0.6307462903113201,0.6334157111379676,0.632563467297826,0.6292239304375937,0.6330530127343564,0.6363664645501951,0.6337548693575795,0.6288325324454552,0.6355787116319294,0.6348921813440439,0.6321178729650949,0.6329051454656375,0.638702985323963,0.6357823468087108,0.6359408498515394,0.6382309475890083,0.6376520536724389,0.6399874344754523,0.640669349777915,0.6408253141016056,0.6459175535386822,0.654152635905119,0.6636780172398027,0.6793244200813151,0.7062057088212754,0.7342204223866696,0.771739560407876,0.8112652860986975,0.8534927798837196,0.8879407956162984,0.9148046899198461,0.9220144851631834,0.9146678584399582,0.8910712433062589,0.8559366934001043,0.8213676492617965,0.7735690020897407,0.7372479995953773,0.7105337217056359,0.6860860674743434,0.6717729814163221,0.6608294328887835,0.6586317030609034,0.6559159703903539,0.6531000689098335,0.6548461463430483,0.6498268979411025,0.6524647187606332,0.6539655976466792,0.6524257732654841,0.6517520834752362,0.6551180207816559,0.657607865586346,0.6592705871785715,0.6560984946082224,0.6591462442588384,0.6594396496391507,0.6610905374633187,0.6584396951810453,0.6560298324993465,0.6602539614688236,0.6585727585854797,0.6596400923642503,0.6609714224051433,0.661382774306912,0.662830581641289,0.6644409547734025,0.662787990444077,0.6648105883966442,0.6645703619696374,0.6670184170322508,0.6656246814038872,0.6673311731503374,0.6696380535389427,0.6756820269462507,0.6845403064139975,0.7005767268630158,0.7267223190616778,0.750482094515064,0.7793206229465149,0.8025342004406795,0.8077488835966228,0.803134508328808,0.7807237927910559,0.7534667083286309,0.7258751867945082,0.7098349323403451,0.6896746156272167,0.6843154850795135,0.6761750608077488,0.6788854073174607,0.6801505560883239,0.6724830062074066,0.6740533677210513,0.6782211203039267,0.6781787232035519,0.6791911741495744,0.6769761528594788,0.6825854112977461,0.6793331855860145,0.6771499159413505,0.6795643001331525,0.6781502195897422,0.6842259923730853,0.6802102034067602,0.6830025891784774,0.6815630321956719,97.09370658486735
0.5244107709683393,0.5204392976542079,0.517746898573607,0.5222823628272649,0.5169150800715673,0.5178388945056301,0.5158905028745525,0.5208661703676781,0.5197312217826424,0.5214708313680133,0.516998958199644,0.5158807286024159,0.5161262671511696,0.5141575563707339,0.5193276109832061,0.5228707847429982,0.5143171028432296,0.5165973321491103,0.5147481674095715,0.5155898366168045,0.5164729646300674,0.5117146004106023,0.5126908311616174,0.5157015906843556,0.5139603222864558,0.513244944907653,0.5132580368964571,0.5131045442477784,0.5138584019295758,0.5127134917849989,0.5107866325140121,0.5113151232387226,0.5102706481667634,0.5088497813853646,0.510423324131603,0.510901365505592,0.5090049734687971,0.5162419066615994,0.5203384132455442,0.5252856386633761,0.5342517882608376,0.5434202305780744,0.5573041494301518,0.577979056056168,0.5943490381829153,0.6162165670776896,0.6412067888432863,0.6611056705795095,0.6781188373528643,0.6831075009105831,0.6896649511209338,0.683562071170237,0.6765581188629209,0.6608148992847661,0.6384971787466966,0.6137598472242612,0.5907359487661888,0.5703185211286232,0.5510054008774347,0.5371033375613082,0.5239248357984289,0.5136733316432746,0.5107438072237168,0.5064351317999245,0.5059218633849906,0.4996788841284866,0.495456873740401,0.49997779465694264,0.4995605606894532,0.49948701476919477,0.499719114563004,0.49935980499007027,0.49406654022125746,0.49875655336495767,0.4946486546324059,0.49654765410617174,0.4951165319687715,0.49229909438625263,0.4962124609913836,0.49262673114955857,0.4969036861494531,0.4913068583981228,0.4904716514138526,0.49080202180526933,0.4947653750262031,0.4882877820923793,0.4928955244014389,0.49438132198107004,0.4900250470158013,0.48922484719565534,0.48981802136972186,0.4870606206407554,0.49424917693072984,0.48993947882485145,0.4858060355620434,0.4862799018290182,0.4878997540540557,0.48459984899159453,0.48382726346891725,0.4870706520502234,0.488142325399934,0.48760799636152563,0.4853053436858591,0.4845232230208218,0.48482354309210207,0.486354145145158,0.48151122910591554,0.4821393439364125,0.4826461081827556,0.4827174389164375,0.48310408489748874,0.48361952800959884,0.48634580741406214,0.4843810892549632,0.4902527519705417,0.5017159916590871,0.5199897884690102,0.5391963539137796,0.570320082925179,0.6074813038105903,0.6490111769777187,0.6925536901935188,0.7260947706697615,0.7505588403632462,0.7565456389766727,0.7508053407896619,0.7234375356398766,0.6833971565808463,0.650473432796966,0.6037894831745882,0.5672283064137277,0.5334239675546187,0.5170122006644072,0.4951096435768098,0.48562932846659435,0.47708714157790216,0.47725994139799754,0.4739337496384514,0.4702477043705961,0.4724830607691427,0.47230193406694515,0.47120435022390983,0.4676825312042295,0.4715454437035409,0.4680733021435734,0.47203347489185715,0.46879121487627473,0.471404427243698,0.4692245504673511,0.46897438055734175,0.47104339446349525,0.46650747778515983,0.4655936706392351,0.46854383148268586,0.46445153984493104,0.4651292898272167,0.4632157353998025,0.4683249259835558,0.46366321828017293,0.4640076463720978,0.46238539447988347,0.46385093601899957,0.46401824460313035,0.46572449737692023,0.4614473783702848,0.46354755789836255,0.4696784565305159,0.47374907593044624,0.4796734265956566,0.49649040775669867,0.522749155326487,0.5433464689624441,0.5686441559970983,0.5913300433660452,0.5994250113529717,0.5900922601412036,0.5730293358816881,0.544039001885977,0.514781905316455,0.4919834750562372,0.4753028553671271,0.4683873570904324,0.4602432636338715,0.45601335181582464,0.4589592837864564,0.4557583473099814,0.45311736163949906,0.4588748690857231,0.4563084593538392,0.4548249882650796,0.45395558033850947,0.45346572446361233,0.4530721233278863,0.45277366120700335,0.4517886069646163,0.45240852747205723,0.4510434801388671,0.4523565545964589,0.4515099013703452,0.4498031161458158,94.06936909944558
0.3716341183389654,0.37332729603817816,0.37510838366840654,0.37511237995219143,0.37195615113329716,0.37152993099658893,0.37455068673380354,0.37146620710153216,0.37077162851560774,0.37305395199832314,0.3728026864958868,0.3718581233788731,0.37204279607513113,0.3733132870902381,0.37168063549241515,0.3730977010021889,0.37203071555771866,0.372962298656414,0.3742187553510331,0.37397618632806573,0.37470945977421577,0.37364468640508297,0.3722808782720697,0.3707723190828786,0.3706992139793924,0.36955509070192544,0.3711565172886913,0.3723812445708509,0.36937925928382986,0.37061167105580967,0.3692111454708555,0.3709137073266193,0.3694213510985035,0.36924436849299935,0.36988200506059593,0.37329852092076476,0.3739999248877318,0.37653347643151786,0.38297483812954436,0.38921646398054316,0.40311641548732674,0.4135549318716777,0.43392669754180546,0.4543436670547524,0.4826643275859526,0.5081764679824334,0.5411681687172778,0.5668644609549338,0.5875215493484719,0.5993532871141397,0.6020565949569889,0.5973655521996709,0.5883549357313681,0.5672148815583781,0.538603411225869,0.508857927459446,0.48411947107484177,0.4534590303449807,0.4321238694632477,0.4152428005794291,0.395897615800146,0.38808154799622463,0.3795414464355616,0.3730302738364307,0.36759623483945414,0.3659033535021469,0.3665519015553932,0.3622784683150086,0.3648540491635758,0.3653202355234552,0.3659501364729571,0.36097391013320856,0.3662182979028622,0.36680309673068273,0.36406435328086323,0.36100183090074756,0.3622564913070561,0.36265265323662565,0.3631240469051029,0.3624624037051836,0.3628161084164326,0.36190762773111806,0.36245468032764805,0.36083876473173376,0.3609187837343561,0.3602784524662256,0.36510036752705466,0.36402899568436564,0.362047128146784,0.36342250341621485,0.36220415375459963,0.36080511905064616,0.35726677970455806,0.35958894020135074,0.35927853791272474,0.3575178090067053,0.3566469804654106,0.36044008939993594,0.3599390051986978,0.356790549180342,0.3574689360191721,0.36111850130873085,0.35687608172664625,0.35880868970455104,0.35792383636456276,0.35915461753867045,0.356274766803088,0.3580307288929405,0.3580999652462275,0.3582528604903586,0.35824870773160244,0.35964392938454337,0.36531134113038316,0.37003321552646595,0.3709718235268479,0.38009279268980684,0.4055523557656321,0.43329401511746274,0.4733493206542596,0.5189028347519884,0.5710634021676606,0.6256792980330216,0.6711043585974933,0.6964147305582346,0.7083101673047577,0.6986473560671712,0.6681050552884188,0.6219815923644186,0.570497373884141,0.5186787290809519,0.47269680421704585,0.43177417541486995,0.4000222282868979,0.38147074798968417,0.3688064644254221,0.3623175048623579,0.3577524322525733,0.35877449107495407,0.3525572120844953,0.35362236959471366,0.3572030038462558,0.3510819004132369,0.3523497230798774,0.34999526448338614,0.35188139296199344,0.34999117510940003,0.35348028537960596,0.35151659460938117,0.34918648995092766,0.3525737612848605,0.3510873026904534,0.35246895362998315,0.3481033364377569,0.35097165617005827,0.3516160364242502,0.3490579440156611,0.3472220415539466,0.3494921938613348,0.35186708436664593,0.35149860328994964,0.3482278823864883,0.34636544654499773,0.3479492924068769,0.34786415424869177,0.3500017771269622,0.3500196346841167,0.35165641181980245,0.36180203045750314,0.3720626174287439,0.39272220697356774,0.4169438589346243,0.4500609961696462,0.48633510658463436,0.5138566101144894,0.5253961762964582,0.5098038945348402,0.49173728489617113,0.454262731894437,0.42179718502859465,0.3884328920529176,0.37081363342191115,0.35745873535258726,0.35216384334900175,0.3467982767442934,0.34676222707788773,0.3473831045971699,0.3435575949792164,0.34513509291210587,0.3406986931208826,0.3457121183160881,0.3480512398252409,0.34148828902576145,0.34362972806615844,0.3454087964870165,0.3435460141807171,0.34364872395617035,0.3423718716214219,0.34213291165292714,0.3426511735068799,0.34274325031330327,91.686253008031
0.5168870088281777,0.5148502547418138,0.5163876187780738,0.5199817465955086,0.5155261084871179,0.5149710606058218,0.514899621909217,0.5155583868319008,0.5193264210636573,0.5183561371526956,0.5150608598086764,0.5138650217210541,0.5114316608703215,0.5129339475063496,0.5106104591971633,0.5158427381390629,0.5168365765928821,0.513217962711691,0.5145391753251295,0.5113963720678885,0.5094975381909358,0.5132916263014289,0.5137499436113894,0.5161942292332975,0.5167157835224888,0.5118357140344272,0.5140212713281195,0.512633256575888,0.5118179414586064,0.5115583161261291,0.5111835804486115,0.5111512359675311,0.5146304132325878,0.511857838825362,0.5152882867920084,0.510829427646742,0.5084962292079906,0.5158577959923908,0.5192971723018626,0.5242908825953232,0.538892040455954,0.5458352086357019,0.5653782129144634,0.5873457702937078,0.6029334843693627,0.6283417076314359,0.6550475141347075,0.6729668829111682,0.6916964947532045,0.7034399581758055,0.7062406446692492,0.7008706649044124,0.6886817978615613,0.670425885359216,0.6519588112514113,0.6255174178756524,0.6052607943699176,0.5837371663144518,0.5587463886482016,0.5464376702113566,0.5364679259801894,0.521232508915527,0.5186416124522013,0.5127844251804708,0.5105655633191175,0.5052020603407981,0.5093096766358921,0.5033900059188184,0.5055050603291926,0.503741121203573,0.504665214844782,0.5013907819344104,0.5006889432808665,0.5035133312721881,0.5020046515806976,0.5017383057131949,0.503433011176339,0.4991568063696386,0.5043628258297118,0.5019910256292662,0.5030806120638756,0.5024126088404897,0.5023258677137313,0.498566918413641,0.5030961698669685,0.501115582621016,0.49942272773985846,0.49992509609778324,0.5007029087923689,0.5001420549426245,0.5007790422028586,0.5026942989813439,0.4971172065727383,0.500493989219574,0.4985818029212034,0.500884451110339,0.5016536182638373,0.4985975281596257,0.49924985935875626,0.5002433352181923,0.49961064803677185,0.499930686904803,0.49662399889006875,0.49598959021611555,0.49455476893200734,0.49624203932572925,0.49627551953588883,0.4959832888498392,0.49712215544708566,0.497140391968765,0.49616400301965075,0.4976540977723957,0.500209675341158,0.5002395645585901,0.5097994888859176,0.5171160157742716,0.537621025216395,0.5589663634153977,0.590825543436834,0.626560991223303,0.6755175436068029,0.7183376604995653,0.7562948478077294,0.7813796426192978,0.7917766032083942,0.7828226651761295,0.7561264421541649,0.7195994465321538,0.6711868550910333,0.6269843020886857,0.5891462759854649,0.5571988829635675,0.5326236271955038,0.5122169818081286,0.5015872383142007,0.4971326998669596,0.4902487002875102,0.4923593290425091,0.49062808840949607,0.488363772601034,0.4887289565117032,0.48979061137547725,0.4863633933735328,0.4879384288816005,0.4884187671122048,0.48814810362989436,0.4880083170715476,0.49107144746753845,0.49005339332374453,0.4866729703147267,0.48568781244914555,0.4867384618170944,0.48982244345928816,0.4829164647489223,0.4871412180724667,0.48616089822490566,0.48897670629527457,0.48834523822980863,0.48324971029889474,0.4883827078613789,0.4811270587572171,0.48683177220928875,0.48685175505225486,0.48875018440133183,0.4860336697010386,0.48513099652051334,0.48684397891000897,0.4971147425014533,0.5077503814781963,0.520230224031037,0.5450477304625627,0.5766151812681639,0.6041316107611572,0.6236348967689771,0.6303344354321151,0.6219317883480244,0.6037120266006001,0.5719723284312312,0.5426137985117743,0.5203805890960479,0.5021528908401128,0.49221461635637925,0.48506001004452626,0.4821819293598407,0.48016931451282935,0.48246292261223406,0.48088881797584426,0.48107050824747555,0.47823801383498155,0.4814696394354577,0.4805048889259122,0.481144214791121,0.48017683306825876,0.47986154551044635,0.47545217523970584,0.48117094045161496,0.47605747955083905,0.4805755064042427,0.47815870287899476,0.4748938406034599,94.36294197464403
0.5397319708833727,0.5377534667356765,0.5359926253950528,0.5385783495452343,0.5358711121900869,0.5355405306711035,0.5364275996988677,0.5331372115640634,0.5367686889397126,0.5310171961394174,0.535173287908886,0.5284924864887414,0.5307414920110646,0.5276860232205657,0.5304747851455911,0.5265437530516878,0.5273465260134669,0.5247282650382817,0.5271683648948906,0.5232469779500247,0.5271898774164757,0.5210956249529322,0.5196609473715015,0.5235199277833402,0.5196982574046727,0.5201320578703555,0.5187677152600633,0.516054292615975,0.5177966651017268,0.5197601596385777,0.5185344475033652,0.5163265923702881,0.5174942986778963,0.5126909629204586,0.5139355541877966,0.5155526748146815,0.5153129344612877,0.5168633611321624,0.5181361954720751,0.5214522225819636,0.5347439894070811,0.5439512773361808,0.5587413537519311,0.5725733465155711,0.5910444877332538,0.6129834942241632,0.6351507809280748,0.651590387208062,0.6684958712206779,0.6742645075769483,0.6787294175499258,0.6746660260053733,0.6664033421506544,0.6480559385502536,0.631051059489017,0.6029206822179692,0.5839046655441007,0.5635105294160128,0.5464105890338435,0.5286002906653322,0.521768456289952,0.5094612710015358,0.5007129163755857,0.4982036569824214,0.49435527094468984,0.49826449579863846,0.4931524413309744,0.48990454479297585,0.48857028141853504,0.4898186039725014,0.4891085119253077,0.4805189728232838,0.48687751425815706,0.48490544846231937,0.48148904685363725,0.4851352284113744,0.48713131905258256,0.4830169445664988,0.4833687198437275,0.4840406478072346,0.478036444587396,0.4752463894482097,0.4795398292468117,0.47699543923551213,0.4740068807108607,0.47586345308395295,0.476739453053425,0.4742509803282591,0.4722398337488381,0.4726310402423726,0.47230366678505176,0.46774822054309834,0.4705862005147091,0.4674476348294789,0.4707189330306463,0.4655433613289914,0.4699553962470279,0.46637624708006964,0.46537319130164256,0.46631261796045825,0.46325620840241705,0.464810347697013,0.4620532581908194,0.46166877548360374,0.4628582340524774,0.459037291252772,0.45805764565874685,0.4603684913923027,0.4591402087736485,0.45894179031288845,0.4588709432607735,0.4583658246451657,0.46033355214682076,0.4616843447471347,0.46236210081577606,0.4716189175159701,0.49306807396087105,0.509999253242359,0.5399885098759818,0.5720791059841506,0.6114633792777202,0.6493782971219486,0.6884304322865276,0.7063361542907629,0.712206585209118,0.7010557207245692,0.6845043059198663,0.6455458617762182,0.6071843905272107,0.5671281619029921,0.528337149758056,0.5010479299967775,0.47623694467004246,0.45989601032976873,0.45399694505409965,0.4449935311728764,0.4425039610308302,0.4399516146954484,0.4388993585829692,0.43342829153578927,0.4344895187023122,0.43421831205420164,0.43244771561357603,0.43422594981877577,0.43500392597690807,0.4345843586322378,0.4304799417284632,0.43100679413775045,0.4305787012313206,0.43019448858913284,0.4264602709093092,0.4311222668007115,0.4285987119579541,0.42791553562704526,0.427681722431951,0.4256076397848002,0.4217493081727025,0.4227905670383384,0.419031045444673,0.4224282696013743,0.420526248888221,0.4200568376464089,0.421843933577249,0.41790197872157797,0.4179302579205765,0.41870612247183114,0.41656793465589986,0.4239218963784177,0.42800255575877993,0.4462284105691921,0.46988351060924377,0.49431686098561245,0.5173207736388336,0.5371666422926799,0.5413853598643581,0.5356094897553281,0.5214293162415166,0.4927013226260388,0.4623948995840721,0.4403653955497886,0.42218979918645233,0.4125543604118036,0.40920533344209536,0.4043745670971855,0.4055341104817723,0.4057757759199898,0.40245074135137804,0.40122005599527566,0.39691094683025874,0.4010303056534431,0.3965119009180364,0.3972277162358939,0.39924743950067876,0.3986523676313644,0.39492440137118484,0.3943041506820868,0.39298790935534544,0.3912554049636481,0.3916460868427675,0.38895398312184254,93.60067209187142
0.4112076713697249,0.41223778655015825,0.4097719429828344,0.41476626854926496,0.41222447896616576,0.4118854479159741,0.4146433079128661,0.4144794853880107,0.41673867141925963,0.4120794292291887,0.4174888529793,0.4145433826537224,0.416780713177925,0.4155203182721305,0.4124135526646025,0.41217890046287503,0.4103868775094879,0.41012277090722465,0.41306819999410616,0.4169755463806455,0.41359408855282787,0.4133862987151765,0.4162872540878718,0.4133137867948034,0.4188669782137612,0.41481183453210413,0.4173466977230022,0.4152373530183117,0.4158435020386235,0.41821582835230614,0.41660991896987987,0.4193736658129276,0.41514244888342794,0.41459736861926594,0.41447248265247294,0.42174436211101285,0.4230823589637241,0.42398125070799014,0.43005452391225063,0.43886351387321076,0.44657048357715845,0.4571636594838465,0.4747379644527202,0.497312513131277,0.5240515984799907,0.5481194986465338,0.5781905360739621,0.5974179830215323,0.617800554899062,0.6280875223642802,0.6352879848726379,0.6320420738388528,0.6219382147613074,0.6010979747472537,0.5787957954147932,0.5535010162943672,0.5264173888828478,0.4997918809933642,0.48142264980933386,0.46633784860871397,0.4492971486586506,0.4411076207057616,0.43408598077966815,0.4276434814061402,0.4273203566713579,0.4229291721840097,0.423638971449182,0.42177602111765644,0.42215322211906886,0.42390778184258743,0.41820944729683523,0.423445424954935,0.42375606739436783,0.4213326774525494,0.42256520952821486,0.4208229656698284,0.42132563404782647,0.4236141909334131,0.4284712932895858,0.4246977241092626,0.4218219636587892,0.4252189844857507,0.42497797478516436,0.4205112702908988,0.42348204377357973,0.4239775154520947,0.42464757628317423,0.42449718812342196,0.425004556299828,0.42298753656339766,0.4243563707228286,0.424623860205021,0.42762416345303483,0.42405804481667325,0.4251128748158091,0.42503864868993546,0.4290742070168149,0.4273785911642716,0.4243296688297944,0.42714076254127264,0.42447143560914286,0.42716464443024865,0.42952442820744735,0.42302878218599715,0.4250746752651605,0.42755448509638705,0.4266085341000913,0.4280031422546093,0.4276276980707602,0.42476018367889967,0.42993911081126723,0.4271183217100423,0.4323094034165299,0.43494386529357787,0.44768970903375827,0.45439636765322833,0.47365432560347237,0.5005667868386847,0.5355831069517674,0.5783784393723723,0.6250280625767508,0.67523652295457,0.7134533513922771,0.7465578395499309,0.7615928088714136,0.7462337129267185,0.718459355552524,0.6732491515989503,0.626567726304225,0.5817095166096277,0.5337989550563103,0.5000861449010339,0.47646893369387094,0.45893484493048475,0.44564552317218664,0.4393719563379913,0.4357104046272105,0.43119014805533096,0.4327149972799903,0.4330696718431491,0.4323792839705605,0.42878347503409464,0.43582878777531125,0.4307106117470702,0.43318752555843265,0.43383477796483483,0.43243010846225804,0.4339775069254289,0.43208673799680697,0.4380802741337,0.43341386499060086,0.4358817036931132,0.43204723161682784,0.43582384858594686,0.43309568422551126,0.43189260922531314,0.43269754094999896,0.43328070610434644,0.43534832837499643,0.4410263043404903,0.44089731265919246,0.4349416432978056,0.4376939970811896,0.4335578202925549,0.4324395515893934,0.4380371347845837,0.4420600160487916,0.44873448940652155,0.4608111452930455,0.4767065121486003,0.5040017754455224,0.5374714736913992,0.5699899318619782,0.5895859182953211,0.6007704628876542,0.5929968996924043,0.5684933168140144,0.535477734159128,0.505054311251532,0.4799149044791364,0.4589160951800069,0.4468567575904366,0.44746738880796844,0.4410294985807049,0.4415004600772417,0.43975805843761107,0.4414470925436919,0.4396126126421292,0.4407667046078366,0.4375197886380572,0.4363569129086532,0.4390829124646392,0.4373330697096424,0.43609949592617997,0.44108575868955585,0.43709234465008395,0.44267886291926106,0.44381104690132633,0.4381915004694925,0.4418036153194363,92.9778979149977
0.5171086199030084,0.5164970973728968,0.5158508373280413,0.5167075677392261,0.5151557563694015,0.5160698135295575,0.5158962114099884,0.5151078189574257,0.5188003245916368,0.5137286453244508,0.5214061104767735,0.5185702541054296,0.5133907621715152,0.5166295641359931,0.5168719885178602,0.5181240371648151,0.5154926909326666,0.5176666817650482,0.5174915760178429,0.5163897622743305,0.5162426801949365,0.5199649842370224,0.5148654140853711,0.5193455814900969,0.5201161999821216,0.5182157134490154,0.5188899755516417,0.5212464405178555,0.5176482056685642,0.5180024978105986,0.5183828239849574,0.5219133364179088,0.5224557059774024,0.5175153916431552,0.5230169513619615,0.523779891860506,0.5270925503809281,0.5276722005079065,0.5312753048979312,0.5402139586358718,0.548552840994657,0.5640428188920437,0.5773143919505147,0.5949077234380803,0.6142338631003431,0.6390363653194379,0.6609110411657386,0.6848793925462785,0.7045168216418772,0.7139806561616696,0.7200450773372142,0.7149255129132273,0.7023832360913406,0.6862718682518955,0.6657766129347786,0.6417884820093458,0.6184576429651103,0.5948990970240884,0.5766299605918545,0.566431247625522,0.5522356374696853,0.5378618816540124,0.5297782925160973,0.5304651416868915,0.5294454460569392,0.5250376981887442,0.5272456610472297,0.5248867220733107,0.5242676038631118,0.5260798906184638,0.5235573819157211,0.5241420992868575,0.5261703195840799,0.5248911021218539,0.5288995930041908,0.5265996586443662,0.5266003518257112,0.5253747262341737,0.527354367534993,0.5250908055218504,0.5264319533918322,0.5241657932447412,0.5282084450455409,0.5268419550275452,0.5303569552639701,0.5313077094444173,0.528180935130399,0.5269223304029745,0.525024534309971,0.528857346494555,0.5275995995696775,0.5283862836740536,0.5309009723245193,0.5259237345261621,0.5258551563205383,0.5273620963355735,0.5296085340712777,0.5292070498368886,0.5264371220461697,0.5298727891967201,0.5260884448219022,0.5269465856424475,0.5285223978497456,0.5277778585058065,0.5307964152002033,0.5297232485272806,0.5328208730594813,0.5289499588628763,0.5293945913145083,0.5323522208378179,0.5302642117863788,0.5344177334904336,0.5344139354498345,0.5321945597073043,0.5456046443737379,0.5556829148882683,0.5722952390485423,0.5905036765829867,0.6250080739965694,0.664456982473766,0.7078159380559522,0.7567315971981226,0.7909000386301582,0.8164912168655871,0.8268481956619989,0.8179653091943426,0.7847785230999909,0.7527421383831914,0.7077220720663644,0.6677468398657816,0.6273304717367544,0.5961929782231091,0.568334471200288,0.555599060782114,0.5481034351262895,0.5426050697981827,0.5379184111607687,0.5321695648084626,0.5366379965066694,0.5353149667454716,0.5336024912719564,0.5298544977957798,0.5359195485444845,0.5329511339479628,0.5349563700193806,0.5345312179811184,0.5376021788228071,0.5344057784966753,0.5347574538647604,0.5380760918692346,0.5337335993827432,0.5368098729676996,0.5349151793424436,0.533438510415508,0.5355770998953431,0.5370893719566958,0.5385445669161572,0.5389177321754253,0.5355100818687012,0.5342567452076014,0.5357271460688601,0.5341423019539537,0.5362388045235362,0.5362491298727419,0.5389100868788114,0.5342395318226377,0.5398823916298109,0.5454946689034166,0.5596869876447695,0.5719826966240928,0.5985821006109308,0.626740463342349,0.6577725669277404,0.678364590318895,0.6854933903138358,0.6763259599484162,0.6525065310832848,0.6282779928057189,0.6002392339195665,0.572372485692538,0.5564195474576072,0.549286935213073,0.5441268277561477,0.5390314115317486,0.5389306481205466,0.5361455209477439,0.5425765100226175,0.5373163870462174,0.5411222821585708,0.5400968288951362,0.5428766709798974,0.5388440768503981,0.5406822605958138,0.5372940829576297,0.5369450664022121,0.5421459707682028,0.5375144354731335,0.5407592356359795,0.5433694451546301,0.5429714075247313,94.98465671532193
0.5048736124955611,0.5056351563723874,0.5073255836852215,0.5044164528452403,0.5032532350804171,0.5067623268965764,0.5073449899678555,0.504683729185158,0.5045871664651618,0.5036438073484845,0.5072735495167038,0.5096869333519425,0.5077147969307857,0.505671902449729,0.5072897566710731,0.5041957999045782,0.5065987923304991,0.50369402058665,0.5056227537333577,0.5080210814687095,0.5074963422909237,0.5070117924096335,0.5067099844529661,0.5044078124362814,0.5061677481527427,0.5074523421579009,0.5054031832311635,0.5054857236808642,0.5049637742490652,0.5053524430678411,0.5044125062674607,0.5060821647840786,0.5055423389201007,0.503520608369948,0.512200245653033,0.5058624119619959,0.5092633265434424,0.5122490902816873,0.5150886722789388,0.5219623958254247,0.5289739173820006,0.5434805175847807,0.5566028329106191,0.5758309856315926,0.5976652357109857,0.6160150812285091,0.6399473395476241,0.6613811746922011,0.6740886792651475,0.6861331255978335,0.687435016458324,0.6871504903203084,0.6733462964365909,0.6597300286473974,0.640411234059142,0.6142452802780549,0.5934228594985436,0.5730158121036094,0.5588482890035268,0.539721716052511,0.5313137769474521,0.5236513175899599,0.5165588553083142,0.5147430294730266,0.5057554746541425,0.5092301866554944,0.5067170810900388,0.5035462095128351,0.5041131992911696,0.5092618681216687,0.5073263787434048,0.5076340792879848,0.5079352151546953,0.5032994395076018,0.5065042885699403,0.5082111071495299,0.5052111996750931,0.5087437069877335,0.5047961139778556,0.5062733997885424,0.5068215087763689,0.5075382051850527,0.5054561044043716,0.5080583709702249,0.5068927452137227,0.5027616985918077,0.5097150006670602,0.5041286941835721,0.5098849956610549,0.5057341932442263,0.5053643167184423,0.5068531796315079,0.504660046347587,0.5022880118854524,0.5058437946146161,0.5068150872055585,0.5091430910740548,0.5036874000693298,0.5072331369948225,0.505867460525122,0.5061439171103802,0.5080245069171281,0.505060196806961,0.5064208733050601,0.5082690030490665,0.5081533277290996,0.5036636393944769,0.5049026694895815,0.5059027240923414,0.5079706691931872,0.5061996704234705,0.5076632430047212,0.5116489746479504,0.5116709583724621,0.5210823356888509,0.5246749241616823,0.5423644679114947,0.5625666376717047,0.5951902973902242,0.632902987958241,0.671768341691813,0.711725420710012,0.7448877571484834,0.7747054075613035,0.7797190196227606,0.7704435908562137,0.7507423393749314,0.7119856082737817,0.6702906068577493,0.6300061393661541,0.5932732552670323,0.5632008444097989,0.5418042109210938,0.532761945133419,0.5158877637676518,0.5094205035098635,0.5097660850341671,0.5074126433833405,0.5080941060959937,0.5053117106897589,0.5045353764798204,0.509563350620892,0.5029733353369259,0.506912968650931,0.5075725163769365,0.5078371478002595,0.5055893413008925,0.5037021738686452,0.5092002013486105,0.5053126510932404,0.5092663044201987,0.5069450257792492,0.5052435994103482,0.5070009031022976,0.5085181905245868,0.5063833329237054,0.5047465629306849,0.5026492038842275,0.5053784422332492,0.5078452254740423,0.504213889863045,0.5076083418544244,0.5063394367115613,0.5078954061414295,0.5020927234721232,0.5049240275978911,0.5092303330359045,0.5189749999871649,0.5232595383756646,0.5401159808923862,0.5668043265878053,0.5900983205377702,0.6175327224574881,0.634399528684494,0.6454381236133946,0.6383521071429272,0.6168269370690163,0.5890845099062123,0.5636422763295624,0.5371438715584888,0.5269761774146576,0.5135801844950587,0.5096394465337923,0.5104460599761942,0.5090177032978351,0.5032186907070327,0.5044500513443473,0.5075930534080739,0.5028276907656883,0.5091457240627936,0.506545032571122,0.5091375106109758,0.5048244588415809,0.5050044570231995,0.5083876756538374,0.5057291938557745,0.5038426658108924,0.5074500223122087,0.5031449023749225,0.5092164860342637,94.45944869116295
0.3891866070468571,0.3871547379724391,0.3876215892622822,0.3881834753388373,0.3924371025621772,0.3851967334440768,0.3878364741736241,0.3869030598545727,0.3867519713707883,0.3881905026186585,0.3836855143390153,0.3834088873715242,0.38492790546480304,0.38380509191256784,0.3846896101815268,0.38706022306696025,0.382860549081299,0.38308960166306744,0.3839296987697105,0.3830065574705617,0.3795173014896794,0.38206718065144324,0.38448431716295345,0.38586683342058653,0.3805647674643063,0.38043795745625697,0.3827001497896714,0.37837321344436575,0.3815228183262891,0.3788371211767787,0.38496100609313033,0.38063297645769584,0.3854942691360169,0.3845591930762525,0.3814070877873722,0.38130094829675765,0.38440805701509395,0.38685654656922486,0.3913538815350221,0.3945032080762642,0.4052349237441867,0.4146739539773424,0.4268186603331744,0.4423125339319021,0.46198602671147504,0.48074295150108987,0.5024876828199806,0.5207707959003947,0.5357753855007904,0.5482640613861888,0.5476780834122402,0.5465050063379029,0.5352396138014069,0.5194161320365847,0.5011894230375465,0.48108027137045345,0.4615007363139822,0.4401676119699625,0.4226826421741874,0.41332999898557127,0.4031807220303938,0.39495414072582796,0.38814234012593696,0.38553533155116354,0.382921283080788,0.38148363684049325,0.3772083853290251,0.3761302254007778,0.3771676749323945,0.3776573172466804,0.3770237219753588,0.37360473940619254,0.3806692927663293,0.3765536944429546,0.3773267079008042,0.3793514711564673,0.3720541450173707,0.375602671168738,0.3757338891619679,0.37571760291339784,0.3759253610685454,0.37904871906057763,0.3773834836919965,0.37783475334020616,0.3758950403218359,0.3728841706928746,0.3714056397303588,0.37238833537187754,0.3760487992449094,0.3752749242803392,0.37467317457822824,0.37423846507826314,0.3788811790610357,0.3730940457466213,0.37647760885934184,0.3745079128383749,0.3742643249659675,0.3766215961316116,0.37707549895471915,0.37355345695588715,0.37551308133688643,0.3745245884847157,0.3736938484555125,0.3739697939894123,0.37206806236781537,0.37271623789014435,0.37205620812548934,0.3749224111351441,0.37286581006009745,0.3704811992533617,0.3718406557404088,0.36750214287298333,0.37431279363850634,0.3782062038271735,0.3830729872128713,0.396171741800252,0.4073100809997238,0.42751390563193664,0.45038399112148536,0.48641174716092084,0.5235514637502349,0.5602384412876354,0.5922882872913284,0.6120289291110435,0.6207350016614457,0.6171575958612655,0.5931306873119866,0.5600905009591295,0.5235709028428125,0.48829698281060185,0.4522643544532308,0.4258833884452827,0.4025809315275884,0.3888522795269759,0.3816955530488216,0.3793227955185513,0.3753321370030071,0.3720013707808356,0.370289674222381,0.3723422765659796,0.37087331352621217,0.3645243122832961,0.3668658296518445,0.36952516402689145,0.3651548256025811,0.3668150208675714,0.36709249310037245,0.36786185679452854,0.36768143236536327,0.36756016593554575,0.3696711381808498,0.36737219229733903,0.36701549675631095,0.3649685298283913,0.36959768348351457,0.36608811328762203,0.3651391663525421,0.36762153668005315,0.3655436605624213,0.3659081405969088,0.36736096711129884,0.36608139304042264,0.37127144799234035,0.3664901946144845,0.3680933325754604,0.3637697414407032,0.36801522419027893,0.3721310927024331,0.3810557321452998,0.39805528889064035,0.4195755056491157,0.44271812984307285,0.46594728612447484,0.4833335739691713,0.4935191447075443,0.4885020289917148,0.46619915485479263,0.44320029707237363,0.4172480523603874,0.397556392899942,0.3792208022565382,0.37167828578964457,0.36864133362867074,0.3679562177551331,0.36286372806251554,0.3599798278839405,0.3628225088305634,0.3656896621951939,0.3603755320958095,0.36106971684436767,0.36361712484823194,0.36295539165054314,0.36425837263420807,0.36049410149397204,0.36218371462722965,0.36510615961349874,0.36021211343720094,0.3654338474352564,0.36022730588924273,0.3639430200341783,91.6764381079986
